ticker,arm,fold,start,end,days,Sharpe,MaxDD,Martin,Ulcer%,CAGR,TimeIn,OffFrac,Flips/yr
SPY,Buy & hold,FULL,1999-01-27,2026-09-03,6944,0.42114153521968556,-0.5519076395778848,0.5452820431056125,15.836197769908797,0.08635194275000413,1.0,0.0,0.0
SPY,Buy & hold,E_bear_2018q4,2018-09-04,2019-02-28,122,-0.36326100968423153,-0.19346772332076612,-0.7669972487538959,7.969214229417136,-0.061123653886933416,1.0,0.0,0.0
SPY,Buy & hold,X_2020_covid,2020-02-03,2020-12-31,232,0.6898896052536961,-0.33717009273069154,1.8966374461037052,10.604383570471995,0.20112670972604096,1.0,0.0,0.0
SPY,Buy & hold,B_bear_2022,2022-01-03,2022-12-30,251,-0.7624118230643652,-0.24496106785317096,-1.21132774252496,15.057066082463114,-0.18239041866719186,1.0,0.0,0.0
SPY,Buy & hold,K_bull_2013_14,2013-01-02,2014-12-31,504,1.877417564787742,-0.07272286528089233,13.106193466831915,1.718791971738975,0.225268201108485,1.0,0.0,0.0
SPY,Buy & hold,A_bull_2021,2021-01-04,2021-12-31,252,2.009568947090925,-0.051159167099484426,19.43175074823723,1.4782884682557307,0.2872573304913877,1.0,0.0,0.0
SPY,Buy & hold,C_mixed_2023_24,2023-01-03,2024-12-31,502,1.4529897452536387,-0.09976193175376957,9.606917133890514,2.669002771461786,0.256408884555575,1.0,0.0,0.0
SPY,Buy & hold,D_recent_2025plus,2025-01-02,2026-09-03,419,0.8195963655275866,-0.18754770834024748,4.700879062981617,3.966424628037595,0.1864568248883658,1.0,0.0,0.0
SPY,Frozen S1 (SPY switch),FULL,1999-01-27,2026-09-03,6944,0.1647944038894366,-0.36061134087864755,0.2043020391738111,15.950017795729377,0.03258621160526087,0.590581797235023,0.409418202764977,13.5
SPY,Frozen S1 (SPY switch),E_bear_2018q4,2018-09-04,2019-02-28,122,1.9122222489484828,-0.016043702392859682,12.59281337760782,1.038057916278659,0.13072069614845594,0.4180327868852459,0.5819672131147541,4.131147540983607
SPY,Frozen S1 (SPY switch),X_2020_covid,2020-02-03,2020-12-31,232,1.1474756204563277,-0.10634142473847263,3.7776451515473712,5.023851259129476,0.18978327351145619,0.7068965517241379,0.2931034482758621,9.775862068965518
SPY,Frozen S1 (SPY switch),B_bear_2022,2022-01-03,2022-12-30,251,-0.31108906380100415,-0.10380264857946164,-0.6332578030584094,4.424161493861433,-0.02801634787978302,0.24701195219123506,0.7529880478087649,10.0398406374502
SPY,Frozen S1 (SPY switch),K_bull_2013_14,2013-01-02,2014-12-31,504,0.2876458320480053,-0.10022800377496388,0.3234166814272133,6.488651864109507,0.020985382528267982,0.6865079365079365,0.3134920634920635,12.5
SPY,Frozen S1 (SPY switch),A_bull_2021,2021-01-04,2021-12-31,252,0.7736499144550965,-0.05731017543052985,3.2714359428196835,2.3413418100160808,0.07659549751713102,0.7420634920634921,0.2579365079365079,13.0
SPY,Frozen S1 (SPY switch),C_mixed_2023_24,2023-01-03,2024-12-31,502,0.9716561026784706,-0.05600449164130339,5.8113007282164535,2.5580685751150702,0.14865705773393834,0.6832669322709163,0.3167330677290837,9.035856573705178
SPY,Frozen S1 (SPY switch),D_recent_2025plus,2025-01-02,2026-09-03,419,0.295391824469188,-0.09979201068700017,1.488503374758747,4.6800236279803435,0.06966230964199416,0.6754176610978521,0.32458233890214794,12.630071599045346
SPY,Frozen S2 (own x_raw>0),FULL,1999-01-27,2026-09-03,6944,0.3193906756787854,-0.43287613822344695,0.28110585611326433,18.489856560146837,0.05197606957751533,0.7396313364055299,0.2603686635944701,11.685483870967742
SPY,Frozen S2 (own x_raw>0),E_bear_2018q4,2018-09-04,2019-02-28,122,-2.005208129395615,-0.1167269272798015,-1.7512379101493682,7.967079939536259,-0.13952252423306433,0.4344262295081967,0.5655737704918034,20.65573770491803
SPY,Frozen S2 (own x_raw>0),X_2020_covid,2020-02-03,2020-12-31,232,1.1098240565998834,-0.1383294198489311,3.0462005964730188,6.288515057389706,0.1915607831875008,0.7672413793103449,0.23275862068965514,6.517241379310345
SPY,Frozen S2 (own x_raw>0),B_bear_2022,2022-01-03,2022-12-30,251,-1.7695327565745786,-0.17940897092086927,-1.389978409948008,12.503266060775314,-0.17379269878313364,0.3107569721115538,0.6892430278884463,15.059760956175298
SPY,Frozen S2 (own x_raw>0),K_bull_2013_14,2013-01-02,2014-12-31,504,1.5611455823153324,-0.06837804669664593,8.552940580084735,2.044492566655336,0.1748642343902802,0.9722222222222222,0.02777777777777779,5.0
SPY,Frozen S2 (own x_raw>0),A_bull_2021,2021-01-04,2021-12-31,252,2.009568947090925,-0.051159167099484426,19.43175074823723,1.4782884682557307,0.2872573304913877,1.0,0.0,0.0
SPY,Frozen S2 (own x_raw>0),C_mixed_2023_24,2023-01-03,2024-12-31,502,1.0242029538147703,-0.08848209025376053,5.3567987262659225,3.336550336242064,0.17873228591303625,0.9143426294820717,0.08565737051792832,9.53784860557769
SPY,Frozen S2 (own x_raw>0),D_recent_2025plus,2025-01-02,2026-09-03,419,1.1022022982038742,-0.06562816729432608,6.315041982218131,2.7647405832633227,0.17459452853250124,0.8424821002386634,0.15751789976133657,6.014319809069212
SPY,Frozen S3 (own InnovLMAR<=1.25),FULL,1999-01-27,2026-09-03,6944,0.1715243398144095,-0.6208057354135805,0.12471476283480416,28.202269537955022,0.035172393568292826,0.7692972350230415,0.23070276497695852,17.85483870967742
SPY,Frozen S3 (own InnovLMAR<=1.25),E_bear_2018q4,2018-09-04,2019-02-28,122,-0.7891442461353139,-0.11035308105385144,-0.9125466272007872,5.796484526274813,-0.05289562404073633,0.5081967213114754,0.4918032786885246,8.262295081967213
SPY,Frozen S3 (own InnovLMAR<=1.25),X_2020_covid,2020-02-03,2020-12-31,232,1.0903861287713563,-0.09803756629266991,4.79073603005132,3.9613137945159442,0.18977608721726846,0.7456896551724138,0.2543103448275862,11.948275862068966
SPY,Frozen S3 (own InnovLMAR<=1.25),B_bear_2022,2022-01-03,2022-12-30,251,0.28775776453830587,-0.12473709360276819,0.9281844877301559,5.4024195527350525,0.05014442025058763,0.6175298804780877,0.38247011952191234,32.12749003984064
SPY,Frozen S3 (own InnovLMAR<=1.25),K_bull_2013_14,2013-01-02,2014-12-31,504,0.8239485493063093,-0.06690894794468671,2.7758096099976974,2.6103583629920935,0.0724585782953131,0.7380952380952381,0.26190476190476186,15.5
SPY,Frozen S3 (own InnovLMAR<=1.25),A_bull_2021,2021-01-04,2021-12-31,252,1.2323774571568649,-0.044819345470323624,6.776517019008566,2.075104499282893,0.14061980955611775,0.8015873015873016,0.19841269841269837,19.0
SPY,Frozen S3 (own InnovLMAR<=1.25),C_mixed_2023_24,2023-01-03,2024-12-31,502,1.0618553351811792,-0.08819015640725403,5.206642736826088,3.364761345096665,0.1751911021860073,0.7948207171314741,0.20517928286852594,10.541832669322709
SPY,Frozen S3 (own InnovLMAR<=1.25),D_recent_2025plus,2025-01-02,2026-09-03,419,-0.16976866538207402,-0.1329561131367385,0.27972409007770216,5.865778278889982,0.0164079949166005,0.801909307875895,0.19809069212410502,15.035799522673031
SPY,Frozen S1xS2,FULL,1999-01-27,2026-09-03,6944,0.07541578425313519,-0.3623764305072438,0.13569917203626122,17.18831002486173,0.02332439439076306,0.5565956221198156,0.4434043778801844,13.86290322580645
SPY,Frozen S1xS2,E_bear_2018q4,2018-09-04,2019-02-28,122,1.4557964794996923,-0.016043702392859682,8.727400047722597,1.0461305835752772,0.09130000105018943,0.36885245901639346,0.6311475409836065,4.131147540983607
SPY,Frozen S1xS2,X_2020_covid,2020-02-03,2020-12-31,232,0.37062513193366753,-0.11130201553606378,0.8314917684062454,5.955320632530251,0.04951800084168778,0.646551724137931,0.35344827586206895,14.120689655172415
SPY,Frozen S1xS2,B_bear_2022,2022-01-03,2022-12-30,251,-0.8224942813909495,-0.06794631463756462,-1.4431922565734576,3.9583949896964294,-0.05712724997589058,0.18326693227091634,0.8167330677290836,6.0239043824701195
SPY,Frozen S1xS2,K_bull_2013_14,2013-01-02,2014-12-31,504,0.2876458320480053,-0.10022800377496388,0.3234166814272133,6.488651864109507,0.020985382528267982,0.6865079365079365,0.3134920634920635,12.5
SPY,Frozen S1xS2,A_bull_2021,2021-01-04,2021-12-31,252,0.7736499144550965,-0.05731017543052985,3.2714359428196835,2.3413418100160808,0.07659549751713102,0.7420634920634921,0.2579365079365079,13.0
SPY,Frozen S1xS2,C_mixed_2023_24,2023-01-03,2024-12-31,502,0.8726924282507904,-0.05600449164130372,5.345980948034074,2.563539731896587,0.1370463456624753,0.6812749003984063,0.3187250996015937,10.0398406374502
SPY,Frozen S1xS2,D_recent_2025plus,2025-01-02,2026-09-03,419,0.22622332770878537,-0.09979201068699894,1.3403878326372807,4.682143029862,0.06275887547894476,0.6706443914081146,0.3293556085918854,12.630071599045346
SPY,Frozen stack S1xS2xS3,FULL,1999-01-27,2026-09-03,6944,-0.04203984152506878,-0.35736891118003866,0.06594513617635712,19.176184756453804,0.012645761151073298,0.5188652073732719,0.4811347926267281,15.749999999999998
SPY,Frozen stack S1xS2xS3,E_bear_2018q4,2018-09-04,2019-02-28,122,1.4557964794996923,-0.016043702392859682,8.727400047722597,1.0461305835752772,0.09130000105018943,0.36885245901639346,0.6311475409836065,4.131147540983607
SPY,Frozen stack S1xS2xS3,X_2020_covid,2020-02-03,2020-12-31,232,0.08526691125510326,-0.114836084893851,0.11514690527915708,5.801046278936392,0.006679725264006953,0.5646551724137931,0.43534482758620685,16.29310344827586
SPY,Frozen stack S1xS2xS3,B_bear_2022,2022-01-03,2022-12-30,251,-0.9090351471954425,-0.07220502328647804,-1.449712740417794,4.397447347452391,-0.06375035444918165,0.17928286852589642,0.8207171314741035,8.03187250996016
SPY,Frozen stack S1xS2xS3,K_bull_2013_14,2013-01-02,2014-12-31,504,0.19405355710881284,-0.10945674241477543,0.19968664641857362,6.217546770504445,0.012415610635526653,0.6309523809523809,0.36904761904761907,12.5
SPY,Frozen stack S1xS2xS3,A_bull_2021,2021-01-04,2021-12-31,252,0.23063745021644186,-0.06047457695108427,0.641542098675754,2.82805692177935,0.018143175727728167,0.7103174603174603,0.28968253968253965,21.0
SPY,Frozen stack S1xS2xS3,C_mixed_2023_24,2023-01-03,2024-12-31,502,1.0731276481134895,-0.04452581236042452,7.1948963882164225,2.1554721687743403,0.1550839892201552,0.6374501992031872,0.36254980079681276,10.0398406374502
SPY,Frozen stack S1xS2xS3,D_recent_2025plus,2025-01-02,2026-09-03,419,0.08103245267558777,-0.08326969127922768,1.1192197602393645,4.336608169410593,0.048536175556197936,0.6109785202863962,0.3890214797136038,13.832935560859188
SPY,PARIS trend λ5,FULL,1999-01-27,2026-09-03,6944,0.6345803903917503,-0.18613348676639785,1.7067584909927498,5.29755776546647,0.09041651697734476,0.6418490783410138,0.3581509216589862,1.5241935483870968
SPY,PARIS trend λ5,E_bear_2018q4,2018-09-04,2019-02-28,122,-1.4418318243686765,-0.0687081634223281,-1.6742709555869764,4.952831849985747,-0.08292382514337249,0.28688524590163933,0.7131147540983607,2.0655737704918034
SPY,PARIS trend λ5,X_2020_covid,2020-02-03,2020-12-31,232,0.8906197357659956,-0.1318117757804873,2.072600949810245,7.908242560707082,0.16390631042651305,0.75,0.25,2.1724137931034484
SPY,PARIS trend λ5,B_bear_2022,2022-01-03,2022-12-30,251,-2.179512128811603,-0.0937214238042271,-0.8628570943644459,8.926277823972383,-0.07702102146682599,0.06772908366533864,0.9322709163346614,1.00398406374502
SPY,PARIS trend λ5,K_bull_2013_14,2013-01-02,2014-12-31,504,1.594151669874192,-0.07272286528089233,7.428902347144027,2.3571228959358463,0.17510835814124737,0.9007936507936508,0.09920634920634919,0.5
SPY,PARIS trend λ5,A_bull_2021,2021-01-04,2021-12-31,252,2.009568947090925,-0.051159167099484426,19.43175074823723,1.4782884682557307,0.2872573304913877,1.0,0.0,0.0
SPY,PARIS trend λ5,C_mixed_2023_24,2023-01-03,2024-12-31,502,1.1207278438515558,-0.08405219282348686,7.773157870276906,2.128341289189149,0.1654393284269593,0.6414342629482072,0.35856573705179284,1.5059760956175299
SPY,PARIS trend λ5,D_recent_2025plus,2025-01-02,2026-09-03,419,0.914436089068064,-0.1003451594703132,4.631064960163887,3.4732533066252658,0.16084861686085627,0.9116945107398569,0.08830548926014314,2.4057279236276847
SPY,PARIS risk λ50,FULL,1999-01-27,2026-09-03,6944,0.4393710529950068,-0.31682119205297943,0.9147488378694738,6.704615774805772,0.06133039488364922,0.5092165898617511,0.4907834101382489,0.5443548387096774
SPY,PARIS risk λ50,E_bear_2018q4,2018-09-04,2019-02-28,122,,0.0,inf,0.0,0.02551891198769396,0.0,1.0,0.0
SPY,PARIS risk λ50,X_2020_covid,2020-02-03,2020-12-31,232,,0.0,inf,0.0,0.004463155962711518,0.0,1.0,0.0
SPY,PARIS risk λ50,B_bear_2022,2022-01-03,2022-12-30,251,,0.0,inf,0.0,0.01293306058653898,0.0,1.0,0.0
SPY,PARIS risk λ50,K_bull_2013_14,2013-01-02,2014-12-31,504,1.877417564787742,-0.07272286528089233,13.106193466831915,1.718791971738975,0.225268201108485,1.0,0.0,0.0
SPY,PARIS risk λ50,A_bull_2021,2021-01-04,2021-12-31,252,,0.0,,0.0,0.0,0.0,1.0,0.0
SPY,PARIS risk λ50,C_mixed_2023_24,2023-01-03,2024-12-31,502,1.0577158651055372,-0.09976193175377002,7.222906663155914,2.344982806174338,0.16937591935702678,0.7350597609561753,0.2649402390438247,0.50199203187251
SPY,PARIS risk λ50,D_recent_2025plus,2025-01-02,2026-09-03,419,0.20936069090470036,-0.18754770834024748,0.8820463137990739,7.636154233914476,0.06735441693625455,0.8138424821002387,0.18615751789976132,1.2028639618138424
SPY,PARIS gate,FULL,1999-01-27,2026-09-03,6944,0.6487973300558156,-0.18613348676639774,2.246919080207083,3.4828396485689495,0.07825658859671303,0.529089861751152,0.470910138248848,1.7782258064516128
SPY,PARIS gate,E_bear_2018q4,2018-09-04,2019-02-28,122,-1.441831824368676,-0.03403842451589234,-1.3256807944559217,2.2265325056658076,-0.029516713809929818,0.14344262295081966,0.8565573770491803,2.0655737704918034
SPY,PARIS gate,X_2020_covid,2020-02-03,2020-12-31,232,0.890619735765996,-0.06515581453073815,2.2107294564880093,3.886050188152759,0.08591005620340075,0.375,0.625,2.1724137931034484
SPY,PARIS gate,B_bear_2022,2022-01-03,2022-12-30,251,-2.179512128811603,-0.04779942000305304,-0.7400496270718916,4.441227996432625,-0.032867291225012085,0.03386454183266932,0.9661354581673307,1.00398406374502
SPY,PARIS gate,K_bull_2013_14,2013-01-02,2014-12-31,504,1.594151669874192,-0.07272286528089233,7.428902347144027,2.3571228959358463,0.17510835814124737,0.9007936507936508,0.09920634920634919,0.5
SPY,PARIS gate,A_bull_2021,2021-01-04,2021-12-31,252,2.009568947090925,-0.025707040736908215,18.564749450059967,0.7379456484912428,0.13699776072001946,0.5,0.5,0.0
SPY,PARIS gate,C_mixed_2023_24,2023-01-03,2024-12-31,502,1.0862103751698984,-0.08405219282348653,7.538832377111699,2.1235611256214884,0.16009171368611042,0.6235059760956175,0.37649402390438247,2.00796812749004
SPY,PARIS gate,D_recent_2025plus,2025-01-02,2026-09-03,419,0.6336593693857082,-0.1003451594703132,3.1548191503018974,3.7106161535099393,0.11706322900512722,0.8305489260143198,0.16945107398568016,3.007159904534606
SPY,PARIS graded,FULL,1999-01-27,2026-09-03,6944,0.6110627279537654,-0.18613348676639863,1.8849534786201063,4.090598657869625,0.07710588169790089,0.5755328341013825,0.42446716589861755,2.068548387096774
SPY,PARIS graded,E_bear_2018q4,2018-09-04,2019-02-28,122,-1.441831824368676,-0.03403842451589234,-1.3256807944559217,2.2265325056658076,-0.029516713809929818,0.14344262295081966,0.8565573770491803,2.0655737704918034
SPY,PARIS graded,X_2020_covid,2020-02-03,2020-12-31,232,0.890619735765996,-0.06515581453073815,2.2107294564880093,3.886050188152759,0.08591005620340075,0.375,0.625,2.1724137931034484
SPY,PARIS graded,B_bear_2022,2022-01-03,2022-12-30,251,-2.179512128811603,-0.04779942000305304,-0.7400496270718916,4.441227996432625,-0.032867291225012085,0.03386454183266932,0.9661354581673307,1.00398406374502
SPY,PARIS graded,K_bull_2013_14,2013-01-02,2014-12-31,504,1.7692333177456174,-0.07272286528089233,11.184129581344305,1.7896758485123203,0.2001596659836411,0.9503968253968254,0.04960317460317465,0.5
SPY,PARIS graded,A_bull_2021,2021-01-04,2021-12-31,252,2.009568947090925,-0.025707040736908215,18.564749450059967,0.7379456484912428,0.13699776072001946,0.5,0.5,0.0
SPY,PARIS graded,C_mixed_2023_24,2023-01-03,2024-12-31,502,1.1236484725085836,-0.08405219282348642,7.696561293178308,2.180084070719732,0.16779150674576093,0.6882470119521913,0.3117529880478087,2.00796812749004
SPY,PARIS graded,D_recent_2025plus,2025-01-02,2026-09-03,419,0.5653650250552383,-0.13596920065018714,2.646955554153747,4.358912771211895,0.11537848369831027,0.8627684964200477,0.13723150357995229,3.6085918854415273
SPY,PARIS trend λ5 x S1 (exploratory),FULL,1999-01-27,2026-09-03,6944,0.24952034813044882,-0.17143843795393454,0.6479039173665756,5.802051043339527,0.03759171599740507,0.4377880184331797,0.5622119815668203,9.580645161290322
SPY,PARIS trend λ5 x S1 (exploratory),E_bear_2018q4,2018-09-04,2019-02-28,122,-0.5805889783291376,-0.016043702392859682,0.8948841620963339,1.0772837243168052,0.009640441429752622,0.20491803278688525,0.7950819672131147,2.0655737704918034
SPY,PARIS trend λ5 x S1 (exploratory),X_2020_covid,2020-02-03,2020-12-31,232,0.6078620358708948,-0.10634142473847286,1.5929640802654832,5.216828648363902,0.08310220649743627,0.5948275862068966,0.4051724137931034,9.775862068965518
SPY,PARIS trend λ5 x S1 (exploratory),B_bear_2022,2022-01-03,2022-12-30,251,,0.0,inf,0.0,0.01293306058653898,0.0,1.0,0.0
SPY,PARIS trend λ5 x S1 (exploratory),K_bull_2013_14,2013-01-02,2014-12-31,504,0.39847535973529125,-0.10022800377496388,0.4610581369707209,6.472561012462508,0.029842269218352868,0.6408730158730159,0.3591269841269841,11.5
SPY,PARIS trend λ5 x S1 (exploratory),A_bull_2021,2021-01-04,2021-12-31,252,0.7736499144550965,-0.05731017543052985,3.2714359428196835,2.3413418100160808,0.07659549751713102,0.7420634920634921,0.2579365079365079,13.0
SPY,PARIS trend λ5 x S1 (exploratory),C_mixed_2023_24,2023-01-03,2024-12-31,502,0.6057384396040985,-0.05600449164130361,4.7997836809597585,2.035543590633194,0.09770168908203436,0.48804780876494025,0.5119521912350598,7.027888446215139
SPY,PARIS trend λ5 x S1 (exploratory),D_recent_2025plus,2025-01-02,2026-09-03,419,0.2697994135254769,-0.09979201068699894,1.4334505555058006,4.680910544948672,0.06709853820929634,0.6730310262529833,0.3269689737470167,12.630071599045346
SPY,F1 risk+logFQ λ50,FULL,1999-01-27,2026-09-03,6944,0.5836964324499191,-0.1875477083402476,1.8202489394865928,3.9649009536692077,0.07217106756085756,0.48315092165898615,0.5168490783410138,0.39919354838709675
SPY,F1 risk+logFQ λ50,E_bear_2018q4,2018-09-04,2019-02-28,122,,0.0,inf,0.0,0.02551891198769396,0.0,1.0,0.0
SPY,F1 risk+logFQ λ50,X_2020_covid,2020-02-03,2020-12-31,232,,0.0,inf,0.0,0.004463155962711518,0.0,1.0,0.0
SPY,F1 risk+logFQ λ50,B_bear_2022,2022-01-03,2022-12-30,251,,0.0,inf,0.0,0.01293306058653898,0.0,1.0,0.0
SPY,F1 risk+logFQ λ50,K_bull_2013_14,2013-01-02,2014-12-31,504,1.877417564787742,-0.07272286528089233,13.106193466831915,1.718791971738975,0.225268201108485,1.0,0.0,0.0
SPY,F1 risk+logFQ λ50,A_bull_2021,2021-01-04,2021-12-31,252,,0.0,,0.0,0.0,0.0,1.0,0.0
SPY,F1 risk+logFQ λ50,C_mixed_2023_24,2023-01-03,2024-12-31,502,1.2408488575713617,-0.09976193175376968,8.289946184503702,2.352373761551826,0.19501051889103183,0.7808764940239044,0.21912350597609564,0.50199203187251
SPY,F1 risk+logFQ λ50,D_recent_2025plus,2025-01-02,2026-09-03,419,0.14596202607086622,-0.18754770834024748,0.6525890694036718,8.636445229485437,0.05636049755265682,0.7852028639618138,0.21479713603818618,1.2028639618138424
SPY,F1 gate (trend λ5 x F1),FULL,1999-01-27,2026-09-03,6944,0.6446622638899226,-0.17309167625623278,2.1118793480204423,3.6573645503861307,0.0772391266214254,0.5287298387096774,0.4712701612903226,1.7419354838709677
SPY,F1 gate (trend λ5 x F1),E_bear_2018q4,2018-09-04,2019-02-28,122,-1.441831824368676,-0.03403842451589234,-1.3256807944559217,2.2265325056658076,-0.029516713809929818,0.14344262295081966,0.8565573770491803,2.0655737704918034
SPY,F1 gate (trend λ5 x F1),X_2020_covid,2020-02-03,2020-12-31,232,0.890619735765996,-0.06515581453073815,2.2107294564880093,3.886050188152759,0.08591005620340075,0.375,0.625,2.1724137931034484
SPY,F1 gate (trend λ5 x F1),B_bear_2022,2022-01-03,2022-12-30,251,-2.179512128811603,-0.04779942000305304,-0.7400496270718916,4.441227996432625,-0.032867291225012085,0.03386454183266932,0.9661354581673307,1.00398406374502
SPY,F1 gate (trend λ5 x F1),K_bull_2013_14,2013-01-02,2014-12-31,504,1.594151669874192,-0.07272286528089233,7.428902347144027,2.3571228959358463,0.17510835814124737,0.9007936507936508,0.09920634920634919,0.5
SPY,F1 gate (trend λ5 x F1),A_bull_2021,2021-01-04,2021-12-31,252,2.009568947090925,-0.025707040736908215,18.564749450059967,0.7379456484912428,0.13699776072001946,0.5,0.5,0.0
SPY,F1 gate (trend λ5 x F1),C_mixed_2023_24,2023-01-03,2024-12-31,502,1.1207278438515558,-0.08405219282348686,7.773157870276906,2.128341289189149,0.1654393284269593,0.6414342629482072,0.35856573705179284,1.5059760956175299
SPY,F1 gate (trend λ5 x F1),D_recent_2025plus,2025-01-02,2026-09-03,419,0.6348414832490316,-0.1003451594703132,3.150087682969368,3.708598703677351,0.11682411097530188,0.8198090692124105,0.18019093078758952,3.007159904534606
SPY,F2 risk+logInnov λ50,FULL,1999-01-27,2026-09-03,6944,0.4082314427972504,-0.3168211920529803,0.7999543885243728,7.394774474512449,0.059154822930342466,0.5361463133640553,0.46385368663594473,0.8346774193548386
SPY,F2 risk+logInnov λ50,E_bear_2018q4,2018-09-04,2019-02-28,122,-1.410389334505289,-0.09644589257848402,-2.0065603534427727,5.496121284704003,-0.11028299067600011,0.1885245901639344,0.8114754098360656,4.131147540983607
SPY,F2 risk+logInnov λ50,X_2020_covid,2020-02-03,2020-12-31,232,-0.6162016746962196,-0.09440548826761397,-1.2025043557078594,3.452044020543125,-0.041510979707983786,0.09051724137931035,0.9094827586206896,2.1724137931034484
SPY,F2 risk+logInnov λ50,B_bear_2022,2022-01-03,2022-12-30,251,-0.11287669229513479,-0.09230085436317836,-0.028733122203005033,3.760440968905712,-0.0010804920989675448,0.08366533864541832,0.9163346613545816,2.00796812749004
SPY,F2 risk+logInnov λ50,K_bull_2013_14,2013-01-02,2014-12-31,504,1.877417564787742,-0.07272286528089233,13.106193466831915,1.718791971738975,0.225268201108485,1.0,0.0,0.0
SPY,F2 risk+logInnov λ50,A_bull_2021,2021-01-04,2021-12-31,252,0.4708451198517806,-0.027709781650837262,2.37182315086164,0.6157464891681375,0.014604417780707646,0.08333333333333333,0.9166666666666666,2.0
SPY,F2 risk+logInnov λ50,C_mixed_2023_24,2023-01-03,2024-12-31,502,1.3177724860956608,-0.0997619317537699,8.74539356150601,2.3524400020239753,0.2057301364752966,0.7928286852589641,0.2071713147410359,0.50199203187251
SPY,F2 risk+logInnov λ50,D_recent_2025plus,2025-01-02,2026-09-03,419,0.2298042336865983,-0.18754770834024748,0.9025616184276969,7.8511365131603466,0.07086134477814787,0.8496420047732697,0.15035799522673032,1.2028639618138424
SPY,F2 gate (trend λ5 x F2),FULL,1999-01-27,2026-09-03,6944,0.6218716441111851,-0.17309167625623278,1.9680982682728554,3.8615739961338553,0.0759995709459853,0.5361463133640553,0.46385368663594473,1.9233870967741935
SPY,F2 gate (trend λ5 x F2),E_bear_2018q4,2018-09-04,2019-02-28,122,-1.6122987719836621,-0.06800044276950523,-1.858467412814675,4.885738532628435,-0.09079985850422934,0.20491803278688525,0.7950819672131147,4.131147540983607
SPY,F2 gate (trend λ5 x F2),X_2020_covid,2020-02-03,2020-12-31,232,0.5392267661139208,-0.09440548826761364,1.3275065433222597,4.525096282536301,0.06007094924230172,0.4202586206896552,0.5797413793103448,4.344827586206897
SPY,F2 gate (trend λ5 x F2),B_bear_2022,2022-01-03,2022-12-30,251,-2.179512128811603,-0.04779942000305304,-0.7400496270718916,4.441227996432625,-0.032867291225012085,0.03386454183266932,0.9661354581673307,1.00398406374502
SPY,F2 gate (trend λ5 x F2),K_bull_2013_14,2013-01-02,2014-12-31,504,1.594151669874192,-0.07272286528089233,7.428902347144027,2.3571228959358463,0.17510835814124737,0.9007936507936508,0.09920634920634919,0.5
SPY,F2 gate (trend λ5 x F2),A_bull_2021,2021-01-04,2021-12-31,252,1.9575395308404588,-0.027709781650836818,18.881644368782357,0.7686104829218882,0.14512629796649157,0.5416666666666666,0.45833333333333337,2.0
SPY,F2 gate (trend λ5 x F2),C_mixed_2023_24,2023-01-03,2024-12-31,502,1.1207278438515558,-0.08405219282348686,7.773157870276906,2.128341289189149,0.1654393284269593,0.6414342629482072,0.35856573705179284,1.5059760956175299
SPY,F2 gate (trend λ5 x F2),D_recent_2025plus,2025-01-02,2026-09-03,419,0.6817604417758716,-0.1003451594703132,3.3545716771403065,3.7072083126018756,0.1243609600671336,0.8520286396181385,0.14797136038186154,3.007159904534606
SPY,T1 trend+LLTdrift λ5,FULL,1999-01-27,2026-09-03,6944,0.616463320214199,-0.18613348676639807,1.4849868044957586,5.896606788762553,0.087563832726125,0.6418490783410138,0.3581509216589862,1.5241935483870968
SPY,T1 trend+LLTdrift λ5,E_bear_2018q4,2018-09-04,2019-02-28,122,-1.3024989458242293,-0.0687081634223281,-1.6020774314878097,4.551084101733313,-0.07291189128189912,0.27049180327868855,0.7295081967213115,2.0655737704918034
SPY,T1 trend+LLTdrift λ5,X_2020_covid,2020-02-03,2020-12-31,232,0.7605775781603674,-0.15766300128903554,1.280729495180389,9.862417584504941,0.12631089094261205,0.7370689655172413,0.2629310344827587,4.344827586206897
SPY,T1 trend+LLTdrift λ5,B_bear_2022,2022-01-03,2022-12-30,251,-2.622510854892974,-0.12487717633245443,-1.091098071694066,10.12594427174508,-0.11048398268982629,0.07569721115537849,0.9243027888446215,3.0119521912350598
SPY,T1 trend+LLTdrift λ5,K_bull_2013_14,2013-01-02,2014-12-31,504,1.5507597334178136,-0.07272286528089233,6.582755879273561,2.5742527376225817,0.16945677343321108,0.8988095238095238,0.10119047619047616,0.5
SPY,T1 trend+LLTdrift λ5,A_bull_2021,2021-01-04,2021-12-31,252,2.009568947090925,-0.051159167099484426,19.43175074823723,1.4782884682557307,0.2872573304913877,1.0,0.0,0.0
SPY,T1 trend+LLTdrift λ5,C_mixed_2023_24,2023-01-03,2024-12-31,502,1.2002526536747375,-0.08405219282348664,8.945059697853761,1.9553481967385002,0.17490706349916585,0.651394422310757,0.34860557768924305,1.5059760956175299
SPY,T1 trend+LLTdrift λ5,D_recent_2025plus,2025-01-02,2026-09-03,419,0.8924254886871213,-0.1003451594703132,4.618807799480161,3.3593515569345334,0.15516199172365042,0.8926014319809069,0.10739856801909309,2.4057279236276847
SPY,T2 trend+TS λ5,FULL,1999-01-27,2026-09-03,6944,0.616463320214199,-0.18613348676639807,1.4849868044957586,5.896606788762553,0.087563832726125,0.6418490783410138,0.3581509216589862,1.5241935483870968
SPY,T2 trend+TS λ5,E_bear_2018q4,2018-09-04,2019-02-28,122,-1.3024989458242293,-0.0687081634223281,-1.6020774314878097,4.551084101733313,-0.07291189128189912,0.27049180327868855,0.7295081967213115,2.0655737704918034
SPY,T2 trend+TS λ5,X_2020_covid,2020-02-03,2020-12-31,232,0.7605775781603674,-0.15766300128903554,1.280729495180389,9.862417584504941,0.12631089094261205,0.7370689655172413,0.2629310344827587,4.344827586206897
SPY,T2 trend+TS λ5,B_bear_2022,2022-01-03,2022-12-30,251,-2.622510854892974,-0.12487717633245443,-1.091098071694066,10.12594427174508,-0.11048398268982629,0.07569721115537849,0.9243027888446215,3.0119521912350598
SPY,T2 trend+TS λ5,K_bull_2013_14,2013-01-02,2014-12-31,504,1.5507597334178136,-0.07272286528089233,6.582755879273561,2.5742527376225817,0.16945677343321108,0.8988095238095238,0.10119047619047616,0.5
SPY,T2 trend+TS λ5,A_bull_2021,2021-01-04,2021-12-31,252,2.009568947090925,-0.051159167099484426,19.43175074823723,1.4782884682557307,0.2872573304913877,1.0,0.0,0.0
SPY,T2 trend+TS λ5,C_mixed_2023_24,2023-01-03,2024-12-31,502,1.2002526536747375,-0.08405219282348664,8.945059697853761,1.9553481967385002,0.17490706349916585,0.651394422310757,0.34860557768924305,1.5059760956175299
SPY,T2 trend+TS λ5,D_recent_2025plus,2025-01-02,2026-09-03,419,0.8924254886871213,-0.1003451594703132,4.618807799480161,3.3593515569345334,0.15516199172365042,0.8926014319809069,0.10739856801909309,2.4057279236276847
QQQ,Buy & hold,FULL,2005-03-16,2026-09-03,5402,0.6966367085007094,-0.5341365461847383,1.2463826532609046,12.53649824097057,0.1562527394018156,1.0,0.0,0.0
QQQ,Buy & hold,E_bear_2018q4,2018-09-04,2019-02-28,122,-0.5031077658821075,-0.22758581752484208,-1.304239321842696,10.343202273897912,-0.13490011119390444,1.0,0.0,0.0
QQQ,Buy & hold,X_2020_covid,2020-02-03,2020-12-31,232,1.251031718692228,-0.2856139426664913,5.577902600699242,8.762236144285088,0.48874899777148695,1.0,0.0,0.0
QQQ,Buy & hold,B_bear_2022,2022-01-03,2022-12-30,251,-1.1098435722040219,-0.3482789507357644,-1.3663017364234176,23.922004279375983,-0.32684675985639833,1.0,0.0,0.0
QQQ,Buy & hold,K_bull_2013_14,2013-01-02,2014-12-31,504,1.9348094159069578,-0.0824764821702032,13.789371261925123,2.00308400540348,0.27621269019332617,1.0,0.0,0.0
QQQ,Buy & hold,A_bull_2021,2021-01-04,2021-12-31,252,1.421798245983131,-0.10852546587664624,8.69258927487501,3.1545812219246994,0.27421478896424745,1.0,0.0,0.0
QQQ,Buy & hold,C_mixed_2023_24,2023-01-03,2024-12-31,502,1.6717559469829437,-0.13557006529382232,10.919343833881548,3.630141665088832,0.39638765006804233,1.0,0.0,0.0
QQQ,Buy & hold,D_recent_2025plus,2025-01-02,2026-09-03,419,0.8095040011540756,-0.22767673749859962,4.0136225885781736,5.571923258037321,0.2236359705028268,1.0,0.0,0.0
QQQ,Frozen S1 (SPY switch),FULL,2005-03-16,2026-09-03,5402,0.5845073869294584,-0.2030609115575659,1.2394888175762162,7.0670485007329376,0.0875952758992724,0.6197704553868938,0.3802295446131062,13.528322843391337
QQQ,Frozen S1 (SPY switch),E_bear_2018q4,2018-09-04,2019-02-28,122,0.5251766859270109,-0.039821578590785944,2.3238857227718266,2.986976795978675,0.06941392730425577,0.4180327868852459,0.5819672131147541,4.131147540983607
QQQ,Frozen S1 (SPY switch),X_2020_covid,2020-02-03,2020-12-31,232,1.3708785453578196,-0.1637042599788513,3.959512026362707,7.100369940879114,0.28114000172535114,0.7068965517241379,0.2931034482758621,9.775862068965518
QQQ,Frozen S1 (SPY switch),B_bear_2022,2022-01-03,2022-12-30,251,-0.5062716943854689,-0.13974951387508505,-1.060449279781326,6.9952837506167125,-0.07418143615207506,0.24701195219123506,0.7529880478087649,10.0398406374502
QQQ,Frozen S1 (SPY switch),K_bull_2013_14,2013-01-02,2014-12-31,504,0.6100944352006105,-0.08316273142792796,1.737582388879488,3.391523943267036,0.058930522752839165,0.6865079365079365,0.3134920634920635,12.5
QQQ,Frozen S1 (SPY switch),A_bull_2021,2021-01-04,2021-12-31,252,0.7656407237575235,-0.11063623697701053,2.3352421755830317,4.460991756056273,0.1041749609367082,0.7420634920634921,0.2579365079365079,13.0
QQQ,Frozen S1 (SPY switch),C_mixed_2023_24,2023-01-03,2024-12-31,502,1.180345998707099,-0.09925456033111169,5.252452816007571,4.351635158057161,0.22856758340174888,0.6832669322709163,0.3167330677290837,9.035856573705178
QQQ,Frozen S1 (SPY switch),D_recent_2025plus,2025-01-02,2026-09-03,419,0.13760076398545645,-0.17588269397688294,0.6834085242781041,8.054064639897604,0.05504216429992881,0.6754176610978521,0.32458233890214794,12.630071599045346
QQQ,Frozen S2 (own x_raw>0),FULL,2005-03-16,2026-09-03,5402,0.6099394456407002,-0.2947101099390681,1.0868224892137286,9.369269446434625,0.10182732741888212,0.7832284339133654,0.21677156608663462,11.242502776749353
QQQ,Frozen S2 (own x_raw>0),E_bear_2018q4,2018-09-04,2019-02-28,122,-1.5133940824272978,-0.10781209405273307,-1.4496184784416026,8.721086714661304,-0.12642248453664595,0.4098360655737705,0.5901639344262295,12.39344262295082
QQQ,Frozen S2 (own x_raw>0),X_2020_covid,2020-02-03,2020-12-31,232,1.4146322332682038,-0.20306056465590194,3.783258640714351,9.88622776114418,0.3740215660141881,0.8793103448275862,0.12068965517241381,6.517241379310345
QQQ,Frozen S2 (own x_raw>0),B_bear_2022,2022-01-03,2022-12-30,251,-1.64344302945592,-0.15951564876905155,-1.2964010447293266,11.500515497950467,-0.14909280306468797,0.1553784860557769,0.8446215139442231,11.043824701195218
QQQ,Frozen S2 (own x_raw>0),K_bull_2013_14,2013-01-02,2014-12-31,504,1.6817892614607728,-0.07548147398991789,9.482310080801673,2.3960480949653142,0.2272007100497524,0.9722222222222222,0.02777777777777779,5.0
QQQ,Frozen S2 (own x_raw>0),A_bull_2021,2021-01-04,2021-12-31,252,1.0846433292983613,-0.11284504933341644,4.403243627051024,4.386560084713338,0.1931509273769041,0.9880952380952381,0.011904761904761862,6.0
QQQ,Frozen S2 (own x_raw>0),C_mixed_2023_24,2023-01-03,2024-12-31,502,1.2447909764476472,-0.13579479158488472,5.999157356793253,4.6842250961745355,0.28101403446591044,0.9362549800796812,0.06374501992031878,7.529880478087649
QQQ,Frozen S2 (own x_raw>0),D_recent_2025plus,2025-01-02,2026-09-03,419,0.5679968266832558,-0.1398272449013661,2.2378499395828544,5.880078091590887,0.13158732402009132,0.8233890214797136,0.1766109785202864,13.231503579952266
QQQ,Frozen S3 (own InnovLMAR<=1.25),FULL,2005-03-16,2026-09-03,5402,0.6574332497117792,-0.3408024120796861,1.273574968895702,9.062449258403273,0.11541708532389827,0.749537208441318,0.250462791558682,19.219548315438725
QQQ,Frozen S3 (own InnovLMAR<=1.25),E_bear_2018q4,2018-09-04,2019-02-28,122,-1.9544361929290255,-0.18897530321710143,-2.0565521849273094,11.117487494632792,-0.2286369319798911,0.4918032786885246,0.5081967213114754,20.65573770491803
QQQ,Frozen S3 (own InnovLMAR<=1.25),X_2020_covid,2020-02-03,2020-12-31,232,2.543483163686571,-0.0853769938865857,24.771005929791926,2.595627175952115,0.6429629616703891,0.728448275862069,0.27155172413793105,11.948275862068966
QQQ,Frozen S3 (own InnovLMAR<=1.25),B_bear_2022,2022-01-03,2022-12-30,251,-0.41151098747054804,-0.17171782631353372,-1.1822975532374964,9.820565155531265,-0.11610830154794027,0.6055776892430279,0.3944223107569721,31.12350597609562
QQQ,Frozen S3 (own InnovLMAR<=1.25),K_bull_2013_14,2013-01-02,2014-12-31,504,1.028231582220793,-0.06596430129955144,4.675682843115901,2.3856525275034004,0.11154554592483734,0.7559523809523809,0.24404761904761907,15.0
QQQ,Frozen S3 (own InnovLMAR<=1.25),A_bull_2021,2021-01-04,2021-12-31,252,1.3557507793559826,-0.0734473501643893,8.132205683887753,2.7408221391773493,0.22288929378743427,0.7896825396825397,0.21031746031746035,21.0
QQQ,Frozen S3 (own InnovLMAR<=1.25),C_mixed_2023_24,2023-01-03,2024-12-31,502,1.4782174540433914,-0.08347286053045233,9.514200270925157,3.242159275008717,0.30846552652670445,0.8127490039840638,0.1872509960159362,14.055776892430279
QQQ,Frozen S3 (own InnovLMAR<=1.25),D_recent_2025plus,2025-01-02,2026-09-03,419,0.10687184430748234,-0.18055627816267572,0.6357057891187303,7.87166112038474,0.0500406054420941,0.7374701670644391,0.26252983293556087,24.057279236276848
QQQ,Frozen S1xS2,FULL,2005-03-16,2026-09-03,5402,0.49224669284315753,-0.22853228363689593,0.8623971165316988,8.25350347033237,0.07117797594099007,0.5879303961495742,0.4120696038504258,13.948167345427619
QQQ,Frozen S1xS2,E_bear_2018q4,2018-09-04,2019-02-28,122,-0.017692677531226247,-0.039821578590785944,0.7092084840174059,3.034521219509401,0.02152108193806912,0.36885245901639346,0.6311475409836065,4.131147540983607
QQQ,Frozen S1xS2,X_2020_covid,2020-02-03,2020-12-31,232,1.3708785453578196,-0.1637042599788513,3.959512026362707,7.100369940879114,0.28114000172535114,0.7068965517241379,0.2931034482758621,9.775862068965518
QQQ,Frozen S1xS2,B_bear_2022,2022-01-03,2022-12-30,251,-1.1599308830589499,-0.11064542627950547,-1.3068763239942072,6.372019333557419,-0.08327441203059538,0.09163346613545817,0.9083665338645418,8.03187250996016
QQQ,Frozen S1xS2,K_bull_2013_14,2013-01-02,2014-12-31,504,0.5566632392128322,-0.09337265577262954,1.485338498193426,3.569413744727633,0.05301787651024714,0.6845238095238095,0.31547619047619047,13.5
QQQ,Frozen S1xS2,A_bull_2021,2021-01-04,2021-12-31,252,0.7125283013466222,-0.11063623697701053,2.076162405310162,4.610481977699355,0.09572109352459446,0.7380952380952381,0.26190476190476186,13.0
QQQ,Frozen S1xS2,C_mixed_2023_24,2023-01-03,2024-12-31,502,1.0744031204930378,-0.09925456033111169,4.775157509475325,4.350069042938131,0.20772264857122158,0.6693227091633466,0.3306772908366534,9.035856573705178
QQQ,Frozen S1xS2,D_recent_2025plus,2025-01-02,2026-09-03,419,0.07817515923079252,-0.1758826939768825,0.5747009566147113,8.056979624356458,0.04630353897542894,0.6706443914081146,0.3293556085918854,12.630071599045346
QQQ,Frozen stack S1xS2xS3,FULL,2005-03-16,2026-09-03,5402,0.4877518024087837,-0.21863630249929467,0.7851211165907795,8.594553201865681,0.06747765206447642,0.5285079600148094,0.4714920399851906,15.81414291003332
QQQ,Frozen stack S1xS2xS3,E_bear_2018q4,2018-09-04,2019-02-28,122,0.12299835610448921,-0.03518264910312152,1.1954631941403575,2.672994668845664,0.031954667447383844,0.3442622950819672,0.6557377049180328,8.262295081967213
QQQ,Frozen stack S1xS2xS3,X_2020_covid,2020-02-03,2020-12-31,232,2.0265625955973134,-0.08584710516969496,10.834001028440857,3.646249204294542,0.3950346762927872,0.6293103448275862,0.3706896551724138,9.775862068965518
QQQ,Frozen stack S1xS2xS3,B_bear_2022,2022-01-03,2022-12-30,251,-1.1599308830589499,-0.11064542627950547,-1.3068763239942072,6.372019333557419,-0.08327441203059538,0.09163346613545817,0.9083665338645418,8.03187250996016
QQQ,Frozen stack S1xS2xS3,K_bull_2013_14,2013-01-02,2014-12-31,504,0.898531469186029,-0.06717179077983726,2.6216358386425593,3.134798206813553,0.0821829932589484,0.623015873015873,0.376984126984127,13.5
QQQ,Frozen stack S1xS2xS3,A_bull_2021,2021-01-04,2021-12-31,252,0.6165794339575079,-0.10293707000981367,1.6748682387687608,4.3784809502289805,0.07333378677592584,0.6746031746031746,0.32539682539682535,13.0
QQQ,Frozen stack S1xS2xS3,C_mixed_2023_24,2023-01-03,2024-12-31,502,1.1623512730567236,-0.0735173044170615,6.227296836923168,3.433995175926844,0.21384507297058652,0.6155378486055777,0.3844621513944223,12.047808764940239
QQQ,Frozen stack S1xS2xS3,D_recent_2025plus,2025-01-02,2026-09-03,419,0.008131539560754191,-0.15041665625518996,0.5106375025655628,7.521308144660339,0.03840662007015383,0.568019093078759,0.431980906921241,18.644391408114558
QQQ,PARIS trend λ5,FULL,2005-03-16,2026-09-03,5402,0.8529739165100796,-0.19456995917726627,2.491021764575187,5.722171980934982,0.1425405494515135,0.7034431691965939,0.2965568308034061,1.5860792299148463
QQQ,PARIS trend λ5,E_bear_2018q4,2018-09-04,2019-02-28,122,-1.9196320680698813,-0.1133777213188798,-2.180293138662622,9.467988531881451,-0.2064299043299752,0.30327868852459017,0.6967213114754098,2.0655737704918034
QQQ,PARIS trend λ5,X_2020_covid,2020-02-03,2020-12-31,232,1.307605767307533,-0.19456995917726638,4.132479950790214,9.081323747416608,0.3752838831283418,0.896551724137931,0.10344827586206895,2.1724137931034484
QQQ,PARIS trend λ5,B_bear_2022,2022-01-03,2022-12-30,251,,0.0,inf,0.0,0.01293306058653898,0.0,1.0,0.0
QQQ,PARIS trend λ5,K_bull_2013_14,2013-01-02,2014-12-31,504,2.1144619907500717,-0.0742130750605331,15.36656190046204,1.697237632798636,0.26080707144193904,0.8035714285714286,0.1964285714285714,2.5
QQQ,PARIS trend λ5,A_bull_2021,2021-01-04,2021-12-31,252,0.841454833195109,-0.10852546587664624,3.588766205389812,3.951789165228466,0.14182047406997533,0.8888888888888888,0.11111111111111116,3.0
QQQ,PARIS trend λ5,C_mixed_2023_24,2023-01-03,2024-12-31,502,0.6243545216864167,-0.19440920109877402,2.1286704798263805,6.5951512091526245,0.1403890368891445,0.7529880478087649,0.24701195219123506,2.50996015936255
QQQ,PARIS trend λ5,D_recent_2025plus,2025-01-02,2026-09-03,419,0.9120262789690793,-0.12659091010942236,4.001328959257014,5.290451055291413,0.21168835015069365,0.9069212410501193,0.09307875894988071,1.2028639618138424
QQQ,PARIS risk λ50,FULL,2005-03-16,2026-09-03,5402,0.6411071844956487,-0.2276767374985995,1.6666427592208035,6.021543513277404,0.10035761895736783,0.607367641614217,0.39263235838578303,0.6530914476119956
QQQ,PARIS risk λ50,E_bear_2018q4,2018-09-04,2019-02-28,122,-1.1474899716373992,-0.12322730097745616,-2.0545527868861417,7.433424495359457,-0.15272363013048484,0.36885245901639346,0.6311475409836065,4.131147540983607
QQQ,PARIS risk λ50,X_2020_covid,2020-02-03,2020-12-31,232,,0.0,inf,0.0,0.004463155962711518,0.0,1.0,0.0
QQQ,PARIS risk λ50,B_bear_2022,2022-01-03,2022-12-30,251,,0.0,inf,0.0,0.01293306058653898,0.0,1.0,0.0
QQQ,PARIS risk λ50,K_bull_2013_14,2013-01-02,2014-12-31,504,1.9348094159069578,-0.0824764821702032,13.789371261925123,2.00308400540348,0.27621269019332617,1.0,0.0,0.0
QQQ,PARIS risk λ50,A_bull_2021,2021-01-04,2021-12-31,252,,0.0,,0.0,0.0,0.0,1.0,0.0
QQQ,PARIS risk λ50,C_mixed_2023_24,2023-01-03,2024-12-31,502,0.9325577123417694,-0.1355700652938222,5.709264917701622,3.4317653391660605,0.19592857456685198,0.750996015936255,0.24900398406374502,0.50199203187251
QQQ,PARIS risk λ50,D_recent_2025plus,2025-01-02,2026-09-03,419,0.22259057674806076,-0.22767673749859962,0.7026173620755916,10.187603205855256,0.0715798689037086,0.8329355608591885,0.16706443914081148,2.4057279236276847
QQQ,PARIS gate,FULL,2005-03-16,2026-09-03,5402,0.7679155729664982,-0.1944092010987738,2.1732941231186356,5.284650766550385,0.11485100453678343,0.6187523139577934,0.3812476860422066,2.005923731951129
QQQ,PARIS gate,E_bear_2018q4,2018-09-04,2019-02-28,122,-1.8922648614566977,-0.11272649302220461,-2.165170150989539,9.405511219590405,-0.20364532147454362,0.29918032786885246,0.7008196721311475,4.131147540983607
QQQ,PARIS gate,X_2020_covid,2020-02-03,2020-12-31,232,1.3076057673075332,-0.09855212968531779,4.14236229367022,4.491659606010114,0.18606081387937934,0.4482758620689655,0.5517241379310345,2.1724137931034484
QQQ,PARIS gate,B_bear_2022,2022-01-03,2022-12-30,251,,0.0,inf,0.0,0.01293306058653898,0.0,1.0,0.0
QQQ,PARIS gate,K_bull_2013_14,2013-01-02,2014-12-31,504,2.1144619907500717,-0.0742130750605331,15.36656190046204,1.697237632798636,0.26080707144193904,0.8035714285714286,0.1964285714285714,2.5
QQQ,PARIS gate,A_bull_2021,2021-01-04,2021-12-31,252,0.841454833195109,-0.055178534673529844,3.6908638541414653,1.969907755339494,0.07270661330175487,0.4444444444444444,0.5555555555555556,3.0
QQQ,PARIS gate,C_mixed_2023_24,2023-01-03,2024-12-31,502,0.53530073775347,-0.19440920109877335,1.8843807904612182,6.591505221891053,0.1242090582035631,0.7290836653386454,0.27091633466135456,3.0119521912350598
QQQ,PARIS gate,D_recent_2025plus,2025-01-02,2026-09-03,419,0.6588750992470599,-0.12659091010942236,2.6646637122114805,5.786766344438373,0.15419786289071613,0.834128878281623,0.16587112171837703,3.007159904534606
QQQ,PARIS graded,FULL,2005-03-16,2026-09-03,5402,0.805212922335667,-0.17601206420158644,2.45905501207078,4.990834651290179,0.12272736963671638,0.6554054054054054,0.3445945945945946,2.239170677526842
QQQ,PARIS graded,E_bear_2018q4,2018-09-04,2019-02-28,122,-1.5656347540114468,-0.11764634154973119,-2.13691123910393,8.388071191474566,-0.17924563603465893,0.3360655737704918,0.6639344262295082,6.19672131147541
QQQ,PARIS graded,X_2020_covid,2020-02-03,2020-12-31,232,1.3076057673075332,-0.09855212968531779,4.14236229367022,4.491659606010114,0.18606081387937934,0.4482758620689655,0.5517241379310345,2.1724137931034484
QQQ,PARIS graded,B_bear_2022,2022-01-03,2022-12-30,251,,0.0,inf,0.0,0.01293306058653898,0.0,1.0,0.0
QQQ,PARIS graded,K_bull_2013_14,2013-01-02,2014-12-31,504,2.090829193123918,-0.0742130750605331,15.111027229676948,1.7813301639355454,0.26917728612274927,0.9017857142857143,0.0982142857142857,2.5
QQQ,PARIS graded,A_bull_2021,2021-01-04,2021-12-31,252,0.841454833195109,-0.055178534673529844,3.6908638541414653,1.969907755339494,0.07270661330175487,0.4444444444444444,0.5555555555555556,3.0
QQQ,PARIS graded,C_mixed_2023_24,2023-01-03,2024-12-31,502,0.7952058619723307,-0.15201028010376738,3.5025060484703463,4.805531682563389,0.16831403784294152,0.75199203187251,0.24800796812749004,3.0119521912350598
QQQ,PARIS graded,D_recent_2025plus,2025-01-02,2026-09-03,419,0.5712270802899307,-0.17601206420158644,2.2410117887505296,6.353288035377766,0.14237793384609265,0.869928400954654,0.13007159904534604,3.6085918854415273
QQQ,PARIS trend λ5 x S1 (exploratory),FULL,2005-03-16,2026-09-03,5402,0.5569208342533601,-0.20306091155756578,1.3284782977208636,5.567113789294009,0.07395789850019652,0.49444650129581635,0.5055534987041836,10.6360607182525
QQQ,PARIS trend λ5 x S1 (exploratory),E_bear_2018q4,2018-09-04,2019-02-28,122,-1.54116429196763,-0.039821578590785944,-1.9011900666499613,3.266203283409587,-0.06209673238077795,0.20491803278688525,0.7950819672131147,2.0655737704918034
QQQ,PARIS trend λ5 x S1 (exploratory),X_2020_covid,2020-02-03,2020-12-31,232,1.3708785453578196,-0.1637042599788513,3.959512026362707,7.100369940879114,0.28114000172535114,0.7068965517241379,0.2931034482758621,9.775862068965518
QQQ,PARIS trend λ5 x S1 (exploratory),B_bear_2022,2022-01-03,2022-12-30,251,,0.0,inf,0.0,0.01293306058653898,0.0,1.0,0.0
QQQ,PARIS trend λ5 x S1 (exploratory),K_bull_2013_14,2013-01-02,2014-12-31,504,0.8036193884098548,-0.08316273142792796,2.357905937057916,3.1497500969295418,0.07426814453798913,0.5793650793650794,0.4206349206349206,12.5
QQQ,PARIS trend λ5 x S1 (exploratory),A_bull_2021,2021-01-04,2021-12-31,252,0.7656407237575235,-0.11063623697701053,2.3352421755830317,4.460991756056273,0.1041749609367082,0.7420634920634921,0.2579365079365079,13.0
QQQ,PARIS trend λ5 x S1 (exploratory),C_mixed_2023_24,2023-01-03,2024-12-31,502,0.6038701305296166,-0.09925456033111135,2.936538436398543,4.084881349529638,0.11995411091021335,0.5278884462151394,0.4721115537848606,8.03187250996016
QQQ,PARIS trend λ5 x S1 (exploratory),D_recent_2025plus,2025-01-02,2026-09-03,419,0.13760076398545645,-0.17588269397688294,0.6834085242781041,8.054064639897604,0.05504216429992881,0.6754176610978521,0.32458233890214794,12.630071599045346
QQQ,F1 risk+logFQ λ50,FULL,2005-03-16,2026-09-03,5402,0.6009539625742865,-0.23192077249838416,1.130907285140766,8.264078713290818,0.09345906821837313,0.5905220288781933,0.4094779711218067,0.8396890040725657
QQQ,F1 risk+logFQ λ50,E_bear_2018q4,2018-09-04,2019-02-28,122,,0.0,inf,0.0,0.02551891198769396,0.0,1.0,0.0
QQQ,F1 risk+logFQ λ50,X_2020_covid,2020-02-03,2020-12-31,232,-0.9200315195130786,-0.18393017252732813,-0.7179085959039743,17.440247439536687,-0.12520503551535667,0.10775862068965517,0.8922413793103449,1.0862068965517242
QQQ,F1 risk+logFQ λ50,B_bear_2022,2022-01-03,2022-12-30,251,0.8925556241174519,-0.0009999999999998899,28.442217756352324,0.07622901181216483,0.021681221533131456,0.00398406374501992,0.9960159362549801,1.00398406374502
QQQ,F1 risk+logFQ λ50,K_bull_2013_14,2013-01-02,2014-12-31,504,1.9348094159069578,-0.0824764821702032,13.789371261925123,2.00308400540348,0.27621269019332617,1.0,0.0,0.0
QQQ,F1 risk+logFQ λ50,A_bull_2021,2021-01-04,2021-12-31,252,0.6411788909119662,-0.06686822465544473,3.977727770885847,1.5508553598203227,0.061688804333844605,0.30158730158730157,0.6984126984126984,1.0
QQQ,F1 risk+logFQ λ50,C_mixed_2023_24,2023-01-03,2024-12-31,502,0.9325577123417694,-0.1355700652938222,5.709264917701622,3.4317653391660605,0.19592857456685198,0.750996015936255,0.24900398406374502,0.50199203187251
QQQ,F1 risk+logFQ λ50,D_recent_2025plus,2025-01-02,2026-09-03,419,0.17751046422599778,-0.22767673749859962,0.5447692955641258,11.244902656065268,0.06125877698631843,0.8186157517899761,0.18138424821002386,1.2028639618138424
QQQ,F1 gate (trend λ5 x F1),FULL,2005-03-16,2026-09-03,5402,0.7325732983415735,-0.19440920109877435,2.0639608589579455,5.2938894276692094,0.10926380570360528,0.6095890410958904,0.3904109589041096,2.099222510181414
QQQ,F1 gate (trend λ5 x F1),E_bear_2018q4,2018-09-04,2019-02-28,122,-1.9196320680698817,-0.05633935371824206,-2.1166920195231396,4.532757926766423,-0.0959445253001674,0.15163934426229508,0.8483606557377049,2.0655737704918034
QQQ,F1 gate (trend λ5 x F1),X_2020_covid,2020-02-03,2020-12-31,232,0.6144929481789474,-0.1879655705082347,1.0273492039628636,10.135438829109638,0.10412635012900084,0.5021551724137931,0.49784482758620685,3.2586206896551726
QQQ,F1 gate (trend λ5 x F1),B_bear_2022,2022-01-03,2022-12-30,251,,0.0,inf,0.0,0.01293306058653898,0.0,1.0,0.0
QQQ,F1 gate (trend λ5 x F1),K_bull_2013_14,2013-01-02,2014-12-31,504,2.1144619907500717,-0.0742130750605331,15.36656190046204,1.697237632798636,0.26080707144193904,0.8035714285714286,0.1964285714285714,2.5
QQQ,F1 gate (trend λ5 x F1),A_bull_2021,2021-01-04,2021-12-31,252,0.43675484172761697,-0.06820896371955565,1.583761420129301,2.858155153293037,0.045266358645292604,0.5396825396825397,0.46031746031746035,4.0
QQQ,F1 gate (trend λ5 x F1),C_mixed_2023_24,2023-01-03,2024-12-31,502,0.53530073775347,-0.19440920109877335,1.8843807904612182,6.591505221891053,0.1242090582035631,0.7290836653386454,0.27091633466135456,3.0119521912350598
QQQ,F1 gate (trend λ5 x F1),D_recent_2025plus,2025-01-02,2026-09-03,419,0.6727787318773777,-0.12659091010942236,2.7136301600694095,5.769128482867232,0.15655281048423997,0.8305489260143198,0.16945107398568016,1.8042959427207637
QQQ,F2 risk+logInnov λ50,FULL,2005-03-16,2026-09-03,5402,0.5836671529476627,-0.22767673749859973,1.1695625570966346,7.824814042954024,0.09151609520882964,0.6156978896704924,0.38430211032950756,0.9796371714179933
QQQ,F2 risk+logInnov λ50,E_bear_2018q4,2018-09-04,2019-02-28,122,-1.6092945725487693,-0.12387082204155375,-2.181477756318509,9.224891907841803,-0.20123896501399507,0.3360655737704918,0.6639344262295082,2.0655737704918034
QQQ,F2 risk+logInnov λ50,X_2020_covid,2020-02-03,2020-12-31,232,-0.2098734829234709,-0.09118047324289902,-0.13702756039800462,8.272880101457899,-0.011336125777679729,0.07327586206896551,0.9267241379310345,1.0862068965517242
QQQ,F2 risk+logInnov λ50,B_bear_2022,2022-01-03,2022-12-30,251,,0.0,inf,0.0,0.01293306058653898,0.0,1.0,0.0
QQQ,F2 risk+logInnov λ50,K_bull_2013_14,2013-01-02,2014-12-31,504,1.9348094159069578,-0.0824764821702032,13.789371261925123,2.00308400540348,0.27621269019332617,1.0,0.0,0.0
QQQ,F2 risk+logInnov λ50,A_bull_2021,2021-01-04,2021-12-31,252,,0.0,,0.0,0.0,0.0,1.0,0.0
QQQ,F2 risk+logInnov λ50,C_mixed_2023_24,2023-01-03,2024-12-31,502,1.0709705622408172,-0.13557006529382243,6.539336276867099,3.4406037026916345,0.22499264607334668,0.7928286852589641,0.2071713147410359,0.50199203187251
QQQ,F2 risk+logInnov λ50,D_recent_2025plus,2025-01-02,2026-09-03,419,0.21430939143024683,-0.22767673749859962,0.6338750962749786,10.988771242344226,0.06965508429184664,0.8066825775656324,0.19331742243436756,3.007159904534606
QQQ,F2 gate (trend λ5 x F2),FULL,2005-03-16,2026-09-03,5402,0.7537301065848933,-0.19440920109877424,2.0035442938745875,5.572190594405517,0.11164130669802819,0.6152350981118104,0.38476490188818957,2.2858200666419846
QQQ,F2 gate (trend λ5 x F2),E_bear_2018q4,2018-09-04,2019-02-28,122,-1.9196320680698813,-0.1133777213188798,-2.180293138662622,9.467988531881451,-0.2064299043299752,0.30327868852459017,0.6967213114754098,2.0655737704918034
QQQ,F2 gate (trend λ5 x F2),X_2020_covid,2020-02-03,2020-12-31,232,1.1565414173648432,-0.13939404091061613,2.560586770646072,6.875153646044001,0.17604427472219375,0.4849137931034483,0.5150862068965517,3.2586206896551726
QQQ,F2 gate (trend λ5 x F2),B_bear_2022,2022-01-03,2022-12-30,251,,0.0,inf,0.0,0.01293306058653898,0.0,1.0,0.0
QQQ,F2 gate (trend λ5 x F2),K_bull_2013_14,2013-01-02,2014-12-31,504,2.1144619907500717,-0.0742130750605331,15.36656190046204,1.697237632798636,0.26080707144193904,0.8035714285714286,0.1964285714285714,2.5
QQQ,F2 gate (trend λ5 x F2),A_bull_2021,2021-01-04,2021-12-31,252,0.841454833195109,-0.055178534673529844,3.6908638541414653,1.969907755339494,0.07270661330175487,0.4444444444444444,0.5555555555555556,3.0
QQQ,F2 gate (trend λ5 x F2),C_mixed_2023_24,2023-01-03,2024-12-31,502,0.6085941731122576,-0.19440920109877424,2.086839223740785,6.595113864659044,0.13762942297807168,0.75,0.25,3.0119521912350598
QQQ,F2 gate (trend λ5 x F2),D_recent_2025plus,2025-01-02,2026-09-03,419,0.6944486475147609,-0.12659091010942236,2.798209472300983,5.752865946954204,0.16097723985645018,0.8257756563245824,0.17422434367541761,3.6085918854415273
QQQ,T1 trend+LLTdrift λ5,FULL,2005-03-16,2026-09-03,5402,0.8534992935951614,-0.2012348171769781,2.3912002025063988,5.975084766893846,0.14287623904589464,0.7156608663457978,0.28433913365420216,1.5860792299148463
QQQ,T1 trend+LLTdrift λ5,E_bear_2018q4,2018-09-04,2019-02-28,122,-1.4012978805115568,-0.08971318879855461,-2.085647289383108,6.13117752884327,-0.12787473793758586,0.2786885245901639,0.7213114754098361,2.0655737704918034
QQQ,T1 trend+LLTdrift λ5,X_2020_covid,2020-02-03,2020-12-31,232,1.3132437963312291,-0.2012348171769781,3.8433012358475285,9.443102992705752,0.3629268940210151,0.8879310344827587,0.11206896551724133,2.1724137931034484
QQQ,T1 trend+LLTdrift λ5,B_bear_2022,2022-01-03,2022-12-30,251,-1.2202535698427646,-0.055490909090909146,-0.8568734246977856,4.51603842236313,-0.038696733090370805,0.027888446215139442,0.9721115537848606,2.00796812749004
QQQ,T1 trend+LLTdrift λ5,K_bull_2013_14,2013-01-02,2014-12-31,504,1.8365562690307269,-0.0742130750605331,12.837654959381814,1.8117473456185382,0.23258587296626665,0.8571428571428571,0.1428571428571429,1.5
QQQ,T1 trend+LLTdrift λ5,A_bull_2021,2021-01-04,2021-12-31,252,1.2734151038167438,-0.10852546587664624,7.324560978577885,3.223453345219554,0.23610380588661495,0.9603174603174603,0.03968253968253965,1.0
QQQ,T1 trend+LLTdrift λ5,C_mixed_2023_24,2023-01-03,2024-12-31,502,0.8124194626948844,-0.1835451720686503,2.9136899617414342,5.994516569051137,0.17466162752737002,0.7729083665338645,0.22709163346613548,2.50996015936255
QQQ,T1 trend+LLTdrift λ5,D_recent_2025plus,2025-01-02,2026-09-03,419,1.0122316630511807,-0.11964449215420025,5.320601913792552,4.346877882043612,0.23128006778223753,0.9069212410501193,0.09307875894988071,1.2028639618138424
QQQ,T2 trend+TS λ5,FULL,2005-03-16,2026-09-03,5402,0.8534992935951614,-0.2012348171769781,2.3912002025063988,5.975084766893846,0.14287623904589464,0.7156608663457978,0.28433913365420216,1.5860792299148463
QQQ,T2 trend+TS λ5,E_bear_2018q4,2018-09-04,2019-02-28,122,-1.4012978805115568,-0.08971318879855461,-2.085647289383108,6.13117752884327,-0.12787473793758586,0.2786885245901639,0.7213114754098361,2.0655737704918034
QQQ,T2 trend+TS λ5,X_2020_covid,2020-02-03,2020-12-31,232,1.3132437963312291,-0.2012348171769781,3.8433012358475285,9.443102992705752,0.3629268940210151,0.8879310344827587,0.11206896551724133,2.1724137931034484
QQQ,T2 trend+TS λ5,B_bear_2022,2022-01-03,2022-12-30,251,-1.2202535698427646,-0.055490909090909146,-0.8568734246977856,4.51603842236313,-0.038696733090370805,0.027888446215139442,0.9721115537848606,2.00796812749004
QQQ,T2 trend+TS λ5,K_bull_2013_14,2013-01-02,2014-12-31,504,1.8365562690307269,-0.0742130750605331,12.837654959381814,1.8117473456185382,0.23258587296626665,0.8571428571428571,0.1428571428571429,1.5
QQQ,T2 trend+TS λ5,A_bull_2021,2021-01-04,2021-12-31,252,1.2734151038167438,-0.10852546587664624,7.324560978577885,3.223453345219554,0.23610380588661495,0.9603174603174603,0.03968253968253965,1.0
QQQ,T2 trend+TS λ5,C_mixed_2023_24,2023-01-03,2024-12-31,502,0.8124194626948844,-0.1835451720686503,2.9136899617414342,5.994516569051137,0.17466162752737002,0.7729083665338645,0.22709163346613548,2.50996015936255
QQQ,T2 trend+TS λ5,D_recent_2025plus,2025-01-02,2026-09-03,419,1.0122316630511807,-0.11964449215420025,5.320601913792552,4.346877882043612,0.23128006778223753,0.9069212410501193,0.09307875894988071,1.2028639618138424
XLK,Buy & hold,FULL,2004-12-30,2026-09-03,5454,0.6716525723631953,-0.5307414104882456,1.2408900415191375,12.502752462073838,0.15514541021766304,1.0,0.0,0.0
XLK,Buy & hold,E_bear_2018q4,2018-09-04,2019-02-28,122,-0.3663173494039166,-0.23769100169779322,-0.971337211256988,11.363289774052179,-0.11037586199832894,1.0,0.0,0.0
XLK,Buy & hold,X_2020_covid,2020-02-03,2020-12-31,232,1.0412301584738568,-0.31156294927089734,4.295911699172468,9.772620878043695,0.4198231636156502,1.0,0.0,0.0
XLK,Buy & hold,B_bear_2022,2022-01-03,2022-12-30,251,-0.8680763438815495,-0.33125073676765326,-1.3025866847608665,21.356219090855095,-0.27818326624583667,1.0,0.0,0.0
XLK,Buy & hold,K_bull_2013_14,2013-01-02,2014-12-31,504,1.7056844648703182,-0.0795454545454547,12.15312335417662,1.8064018107806012,0.21953424033624658,1.0,0.0,0.0
XLK,Buy & hold,A_bull_2021,2021-01-04,2021-12-31,252,1.6435587614712046,-0.0920577617328523,11.86834418225652,2.929294518879317,0.34765875561257253,1.0,0.0,0.0
XLK,Buy & hold,C_mixed_2023_24,2023-01-03,2024-12-31,502,1.4291595897261993,-0.16974704028617682,8.515700958936014,4.454027265343779,0.37929164254615166,1.0,0.0,0.0
XLK,Buy & hold,D_recent_2025plus,2025-01-02,2026-09-03,419,0.9812430735997616,-0.2565597667638485,4.5368428877060065,7.142129043354438,0.32402717353421084,1.0,0.0,0.0
XLK,Frozen S1 (SPY switch),FULL,2004-12-30,2026-09-03,5454,0.5155273516048307,-0.20899286073981282,1.0453641678629007,7.772169454354148,0.0812474745414038,0.6199119911991199,0.3800880088008801,13.491749174917492
XLK,Frozen S1 (SPY switch),E_bear_2018q4,2018-09-04,2019-02-28,122,1.3114306036590824,-0.042175778155065236,4.902274189694468,3.113809192163371,0.15264746434375875,0.4180327868852459,0.5819672131147541,4.131147540983607
XLK,Frozen S1 (SPY switch),X_2020_covid,2020-02-03,2020-12-31,232,1.2197368811929137,-0.1715624017624896,3.3368767007050337,7.862363255352007,0.26235736759263495,0.7068965517241379,0.2931034482758621,9.775862068965518
XLK,Frozen S1 (SPY switch),B_bear_2022,2022-01-03,2022-12-30,251,-0.39366245052895754,-0.14203638895971593,-0.9019155581174603,7.0127940695692335,-0.06324948077218351,0.24701195219123506,0.7529880478087649,10.0398406374502
XLK,Frozen S1 (SPY switch),K_bull_2013_14,2013-01-02,2014-12-31,504,0.6679616965382524,-0.054923513690295356,2.155917850995785,2.8148735524707384,0.06068636140067585,0.6865079365079365,0.3134920634920635,12.5
XLK,Frozen S1 (SPY switch),A_bull_2021,2021-01-04,2021-12-31,252,0.9820720877575291,-0.09895028640788328,3.8093478390402105,3.8577854955175903,0.146956468408306,0.7420634920634921,0.2579365079365079,13.0
XLK,Frozen S1 (SPY switch),C_mixed_2023_24,2023-01-03,2024-12-31,502,0.6843455040891621,-0.1313691907051161,2.5233824172714363,6.267250778632912,0.15814670419433008,0.6832669322709163,0.3167330677290837,9.035856573705178
XLK,Frozen S1 (SPY switch),D_recent_2025plus,2025-01-02,2026-09-03,419,0.3894223375508888,-0.2000502726456126,1.0560022784077905,9.916281348461302,0.10471615697307812,0.6754176610978521,0.32458233890214794,12.630071599045346
XLK,Frozen S2 (own x_raw>0),FULL,2004-12-30,2026-09-03,5454,0.5364567666661851,-0.2735296178098512,0.967073433835039,9.533850371166084,0.09219933416113046,0.7783278327832783,0.22167216721672167,12.013201320132014
XLK,Frozen S2 (own x_raw>0),E_bear_2018q4,2018-09-04,2019-02-28,122,-0.6811828974730076,-0.09254383546276279,-0.6339582549371418,7.522755935748782,-0.04769113225345323,0.38524590163934425,0.6147540983606558,12.39344262295082
XLK,Frozen S2 (own x_raw>0),X_2020_covid,2020-02-03,2020-12-31,232,0.8303586370633808,-0.2735296178098513,1.4578373738617996,13.646399634468203,0.19894231405781748,0.8706896551724138,0.1293103448275862,8.689655172413794
XLK,Frozen S2 (own x_raw>0),B_bear_2022,2022-01-03,2022-12-30,251,-2.3351510041509735,-0.2618562538733151,-1.6276214406113172,15.63290315524666,-0.25444448354479776,0.2549800796812749,0.7450199203187251,21.083665338645417
XLK,Frozen S2 (own x_raw>0),K_bull_2013_14,2013-01-02,2014-12-31,504,1.2945054470192499,-0.0663744067989549,7.469648110793131,2.067503591034182,0.15443524292826494,0.9702380952380952,0.029761904761904767,5.5
XLK,Frozen S2 (own x_raw>0),A_bull_2021,2021-01-04,2021-12-31,252,1.488439297262163,-0.0920577617328523,9.47474370396481,3.2340453371957656,0.30641750696932335,0.9920634920634921,0.007936507936507908,4.0
XLK,Frozen S2 (own x_raw>0),C_mixed_2023_24,2023-01-03,2024-12-31,502,0.8134163234129947,-0.1674048436290274,2.8620779845970388,7.124664650733696,0.20391345844501663,0.9183266932270916,0.0816733067729084,11.54581673306773
XLK,Frozen S2 (own x_raw>0),D_recent_2025plus,2025-01-02,2026-09-03,419,0.5788935169712671,-0.17185341934117215,1.7689415447581123,8.74560504289453,0.15470464094422187,0.7923627684964201,0.20763723150357993,15.637231503579951
XLK,Frozen S3 (own InnovLMAR<=1.25),FULL,2004-12-30,2026-09-03,5454,0.7051990349399786,-0.3075847484023544,1.8986055791653642,6.643383470547046,0.1261316492171558,0.7442244224422442,0.2557755775577558,19.036303630363037
XLK,Frozen S3 (own InnovLMAR<=1.25),E_bear_2018q4,2018-09-04,2019-02-28,122,-0.7926381293146029,-0.15377876343809005,-1.0362064344028092,7.762257700575612,-0.08043301374829204,0.5081967213114754,0.4918032786885246,12.39344262295082
XLK,Frozen S3 (own InnovLMAR<=1.25),X_2020_covid,2020-02-03,2020-12-31,232,2.1196306246261427,-0.10208227526663283,16.991550689002864,3.1976674903910283,0.5433332924955574,0.7370689655172413,0.2629310344827587,9.775862068965518
XLK,Frozen S3 (own InnovLMAR<=1.25),B_bear_2022,2022-01-03,2022-12-30,251,0.10631022859507219,-0.2121208028900955,0.09291770582233096,9.823170471117772,0.009127464640779293,0.5816733067729084,0.4183266932270916,29.115537848605577
XLK,Frozen S3 (own InnovLMAR<=1.25),K_bull_2013_14,2013-01-02,2014-12-31,504,0.8707726105210029,-0.0627027027027025,3.9170930701671938,2.168079555322676,0.08492569401725625,0.7341269841269841,0.2658730158730159,16.5
XLK,Frozen S3 (own InnovLMAR<=1.25),A_bull_2021,2021-01-04,2021-12-31,252,1.3182709900937795,-0.11418010690592273,6.265090125810151,3.69278858444704,0.23135653297123593,0.8015873015873016,0.19841269841269837,23.0
XLK,Frozen S3 (own InnovLMAR<=1.25),C_mixed_2023_24,2023-01-03,2024-12-31,502,1.1201450801971948,-0.13776020752368057,5.923220272271952,4.349154450533459,0.2576099980864157,0.7908366533864541,0.20916334661354585,20.0796812749004
XLK,Frozen S3 (own InnovLMAR<=1.25),D_recent_2025plus,2025-01-02,2026-09-03,419,0.3229112846505013,-0.23284038968313503,0.9344282515108279,9.968187445868734,0.09314555965775306,0.7279236276849642,0.2720763723150358,21.651551312649165
XLK,Frozen S1xS2,FULL,2004-12-30,2026-09-03,5454,0.3982582815071582,-0.24534399535908025,0.639404190799255,9.641398917339647,0.06164750872914371,0.5894756142280895,0.4105243857719105,14.50825082508251
XLK,Frozen S1xS2,E_bear_2018q4,2018-09-04,2019-02-28,122,0.6185953565827286,-0.042175778155065236,2.1736135013348346,3.210911342078182,0.0697928024473029,0.3524590163934426,0.6475409836065573,4.131147540983607
XLK,Frozen S1xS2,X_2020_covid,2020-02-03,2020-12-31,232,1.2197368811929137,-0.1715624017624896,3.3368767007050337,7.862363255352007,0.26235736759263495,0.7068965517241379,0.2931034482758621,9.775862068965518
XLK,Frozen S1xS2,B_bear_2022,2022-01-03,2022-12-30,251,-1.4815082808870483,-0.1773604216143151,-2.030279818835779,6.578267737491888,-0.1335572423032828,0.1553784860557769,0.8446215139442231,14.055776892430279
XLK,Frozen S1xS2,K_bull_2013_14,2013-01-02,2014-12-31,504,0.46357614275737846,-0.05492351369029569,1.3889531279843714,2.8198465562134394,0.039166346946886144,0.6825396825396826,0.31746031746031744,14.0
XLK,Frozen S1xS2,A_bull_2021,2021-01-04,2021-12-31,252,0.8982685893334686,-0.09895028640788328,3.2187340215900457,4.103173668969427,0.13207024684804347,0.7380952380952381,0.26190476190476186,13.0
XLK,Frozen S1xS2,C_mixed_2023_24,2023-01-03,2024-12-31,502,0.5697089960861558,-0.12901464605302015,2.196569004317807,6.2044076310416445,0.1362840949249895,0.6733067729083665,0.3266932270916335,10.0398406374502
XLK,Frozen S1xS2,D_recent_2025plus,2025-01-02,2026-09-03,419,0.27540608843904085,-0.1970352213046922,0.8174069083035225,9.922124047169856,0.08110412741201145,0.665871121718377,0.33412887828162297,15.035799522673031
XLK,Frozen stack S1xS2xS3,FULL,2004-12-30,2026-09-03,5454,0.3196660305747948,-0.25785496377979145,0.4640027841284486,10.614592285114817,0.04925200372681626,0.5212687935460213,0.4787312064539787,17.28052805280528
XLK,Frozen stack S1xS2xS3,E_bear_2018q4,2018-09-04,2019-02-28,122,0.6185953565827286,-0.042175778155065236,2.1736135013348346,3.210911342078182,0.0697928024473029,0.3524590163934426,0.6475409836065573,4.131147540983607
XLK,Frozen stack S1xS2xS3,X_2020_covid,2020-02-03,2020-12-31,232,1.727186852319925,-0.11642180503689814,7.426164595958439,4.812782263173235,0.35740513250833805,0.6336206896551724,0.3663793103448276,9.775862068965518
XLK,Frozen stack S1xS2xS3,B_bear_2022,2022-01-03,2022-12-30,251,-1.5027279517116905,-0.17925368452308432,-2.0461373090446315,6.6251297369249755,-0.13555925131983237,0.14741035856573706,0.852589641434263,14.055776892430279
XLK,Frozen stack S1xS2xS3,K_bull_2013_14,2013-01-02,2014-12-31,504,0.393616978607309,-0.054347554754651695,0.9703234619461062,3.106600647377917,0.03014407495047755,0.6071428571428571,0.3928571428571429,16.0
XLK,Frozen stack S1xS2xS3,A_bull_2021,2021-01-04,2021-12-31,252,0.39804044832586405,-0.12858013894741427,0.866543691230098,5.559836690477354,0.04817841408402779,0.6944444444444444,0.3055555555555556,21.0
XLK,Frozen stack S1xS2xS3,C_mixed_2023_24,2023-01-03,2024-12-31,502,0.4177270137157859,-0.12282742348683717,1.778176103212182,5.932573237364275,0.10549159961237287,0.5816733067729084,0.4183266932270916,22.087649402390436
XLK,Frozen stack S1xS2xS3,D_recent_2025plus,2025-01-02,2026-09-03,419,0.6599382189505443,-0.17809149745962682,1.8422623085523178,7.819139890883496,0.14404906706272547,0.5393794749403341,0.4606205250596659,17.441527446300714
XLK,PARIS trend λ5,FULL,2004-12-30,2026-09-03,5454,0.6707393405331679,-0.29171633032009003,1.5890892009553965,7.443300679744122,0.11828068729645347,0.7224055738907224,0.27759442610927765,1.8481848184818481
XLK,PARIS trend λ5,E_bear_2018q4,2018-09-04,2019-02-28,122,-1.3737445313667769,-0.11596329937747651,-1.6451958626543315,9.588441184653133,-0.15774863766295733,0.3770491803278688,0.6229508196721312,4.131147540983607
XLK,PARIS trend λ5,X_2020_covid,2020-02-03,2020-12-31,232,0.7527155983757357,-0.2917163303200895,1.4681862033895292,14.049134949634617,0.20626746102611193,0.9008620689655172,0.09913793103448276,2.1724137931034484
XLK,PARIS trend λ5,B_bear_2022,2022-01-03,2022-12-30,251,-1.2329815952056389,-0.06447530354827313,-0.7084044598037618,6.166883328557897,-0.04368647653039881,0.035856573705179286,0.9641434262948207,1.00398406374502
XLK,PARIS trend λ5,K_bull_2013_14,2013-01-02,2014-12-31,504,1.3541753876378926,-0.0594277329420394,9.406253164744971,1.4569585827118463,0.13704521279535653,0.6646825396825397,0.33531746031746035,0.5
XLK,PARIS trend λ5,A_bull_2021,2021-01-04,2021-12-31,252,1.1969662506763667,-0.0920577617328523,6.373792010976477,3.65194800453678,0.23276757015818017,0.9246031746031746,0.07539682539682535,2.0
XLK,PARIS trend λ5,C_mixed_2023_24,2023-01-03,2024-12-31,502,0.3667267292225621,-0.22092096744712586,1.414931330589742,7.320146688629163,0.10357504894254155,0.7450199203187251,0.2549800796812749,3.5139442231075697
XLK,PARIS trend λ5,D_recent_2025plus,2025-01-02,2026-09-03,419,1.1647651638855667,-0.15923945335710055,5.605674559890272,5.913658158089424,0.3315004309268945,0.8878281622911695,0.11217183770883055,1.2028639618138424
XLK,PARIS risk λ50,FULL,2004-12-30,2026-09-03,5454,0.5868545746522837,-0.2565597667638483,1.5188077335909445,6.174598004404984,0.09378027200905503,0.5991932526585992,0.40080674734140076,0.5082508250825083
XLK,PARIS risk λ50,E_bear_2018q4,2018-09-04,2019-02-28,122,-1.0555002083841634,-0.11827956989247357,-1.9467294743019998,6.773798018312098,-0.13186752255216638,0.1885245901639344,0.8114754098360656,4.131147540983607
XLK,PARIS risk λ50,X_2020_covid,2020-02-03,2020-12-31,232,,0.0,inf,0.0,0.004463155962711518,0.0,1.0,0.0
XLK,PARIS risk λ50,B_bear_2022,2022-01-03,2022-12-30,251,,0.0,inf,0.0,0.01293306058653898,0.0,1.0,0.0
XLK,PARIS risk λ50,K_bull_2013_14,2013-01-02,2014-12-31,504,1.7056844648703182,-0.0795454545454547,12.15312335417662,1.8064018107806012,0.21953424033624658,1.0,0.0,0.0
XLK,PARIS risk λ50,A_bull_2021,2021-01-04,2021-12-31,252,,0.0,,0.0,0.0,0.0,1.0,0.0
XLK,PARIS risk λ50,C_mixed_2023_24,2023-01-03,2024-12-31,502,0.701813789210273,-0.16974704028617715,4.118868241874086,4.156867612809163,0.17121589996074604,0.7270916334661355,0.2729083665338645,0.50199203187251
XLK,PARIS risk λ50,D_recent_2025plus,2025-01-02,2026-09-03,419,0.3825104741271683,-0.2565597667638485,0.8085947668758986,14.106780903428037,0.11406669215976772,0.665871121718377,0.33412887828162297,1.8042959427207637
XLK,PARIS gate,FULL,2004-12-30,2026-09-03,5454,0.6506554227962519,-0.22092096744712597,1.572817707122855,6.390364956273584,0.10050879158204462,0.6222038870553722,0.3777961129446278,2.1716171617161715
XLK,PARIS gate,E_bear_2018q4,2018-09-04,2019-02-28,122,-1.6748769443156917,-0.11596329937747618,-1.8811958127458357,9.631675292143727,-0.18119067229308305,0.2581967213114754,0.7418032786885246,6.19672131147541
XLK,PARIS gate,X_2020_covid,2020-02-03,2020-12-31,232,0.7527155983757358,-0.15293277680921524,1.6138591060154222,7.061066296684476,0.11395566141082836,0.4504310344827586,0.5495689655172413,2.1724137931034484
XLK,PARIS gate,B_bear_2022,2022-01-03,2022-12-30,251,-1.2329815952056389,-0.03252664196294586,-0.5162761163455977,3.0060445184710054,-0.015519489895581828,0.017928286852589643,0.9820717131474104,1.00398406374502
XLK,PARIS gate,K_bull_2013_14,2013-01-02,2014-12-31,504,1.3541753876378926,-0.0594277329420394,9.406253164744971,1.4569585827118463,0.13704521279535653,0.6646825396825397,0.33531746031746035,0.5
XLK,PARIS gate,A_bull_2021,2021-01-04,2021-12-31,252,1.1969662506763667,-0.04648468719219878,6.322847222507272,1.8238315355562091,0.11531808158912749,0.4623015873015873,0.5376984126984127,2.0
XLK,PARIS gate,C_mixed_2023_24,2023-01-03,2024-12-31,502,0.3668878909372093,-0.22092096744712575,1.467473347542627,6.981361810221571,0.10244962386052103,0.7061752988047809,0.2938247011952191,4.01593625498008
XLK,PARIS gate,D_recent_2025plus,2025-01-02,2026-09-03,419,1.1071965835628568,-0.15923945335710077,4.8163968357870015,5.806042564902735,0.2796420503804218,0.7362768496420048,0.2637231503579952,2.4057279236276847
XLK,PARIS graded,FULL,2004-12-30,2026-09-03,5454,0.6858378189900408,-0.19780226753582286,1.831122871875249,5.8918066539422815,0.10788621920700492,0.6607994132746609,0.33920058672533915,2.3564356435643563
XLK,PARIS graded,E_bear_2018q4,2018-09-04,2019-02-28,122,-1.2736340030975746,-0.11682466886692722,-1.768056133201105,8.147326053856839,-0.14404929798710742,0.2827868852459016,0.7172131147540983,8.262295081967213
XLK,PARIS graded,X_2020_covid,2020-02-03,2020-12-31,232,0.7527155983757358,-0.15293277680921524,1.6138591060154222,7.061066296684476,0.11395566141082836,0.4504310344827586,0.5495689655172413,2.1724137931034484
XLK,PARIS graded,B_bear_2022,2022-01-03,2022-12-30,251,-1.2329815952056389,-0.03252664196294586,-0.5162761163455977,3.0060445184710054,-0.015519489895581828,0.017928286852589643,0.9820717131474104,1.00398406374502
XLK,PARIS graded,K_bull_2013_14,2013-01-02,2014-12-31,504,1.62491575277263,-0.0594277329420394,11.98868136389846,1.4872129116793402,0.17829721718399272,0.8323412698412699,0.16765873015873012,0.5
XLK,PARIS graded,A_bull_2021,2021-01-04,2021-12-31,252,1.1969662506763667,-0.04648468719219878,6.322847222507272,1.8238315355562091,0.11531808158912749,0.4623015873015873,0.5376984126984127,2.0
XLK,PARIS graded,C_mixed_2023_24,2023-01-03,2024-12-31,502,0.5502628446949948,-0.18193292071476486,2.5371745205178415,5.42956313452176,0.13775749242451596,0.7360557768924303,0.2639442231075697,4.01593625498008
XLK,PARIS graded,D_recent_2025plus,2025-01-02,2026-09-03,419,0.8411027365239654,-0.17720966132724658,2.9388604700695473,7.621408107815397,0.22398255014326218,0.7768496420047732,0.22315035799522676,3.007159904534606
XLK,PARIS trend λ5 x S1 (exploratory),FULL,2004-12-30,2026-09-03,5454,0.412385897045045,-0.2000502726456116,0.9492044007861934,6.395284358841927,0.06070432057691866,0.5073340667400074,0.49266593325999264,10.904290429042904
XLK,PARIS trend λ5 x S1 (exploratory),E_bear_2018q4,2018-09-04,2019-02-28,122,-0.4382657916344137,-0.042175778155065236,-0.10726105740529071,3.359599987286192,-0.003603542470951182,0.2786885245901639,0.7213114754098361,4.131147540983607
XLK,PARIS trend λ5 x S1 (exploratory),X_2020_covid,2020-02-03,2020-12-31,232,1.2197368811929137,-0.1715624017624896,3.3368767007050337,7.862363255352007,0.26235736759263495,0.7068965517241379,0.2931034482758621,9.775862068965518
XLK,PARIS trend λ5 x S1 (exploratory),B_bear_2022,2022-01-03,2022-12-30,251,,0.0,inf,0.0,0.01293306058653898,0.0,1.0,0.0
XLK,PARIS trend λ5 x S1 (exploratory),K_bull_2013_14,2013-01-02,2014-12-31,504,0.4693374586625686,-0.054923513690295356,1.2422765241456508,2.9109149045740548,0.03616161249738026,0.46825396825396826,0.5317460317460317,9.5
XLK,PARIS trend λ5 x S1 (exploratory),A_bull_2021,2021-01-04,2021-12-31,252,0.9820720877575291,-0.09895028640788328,3.8093478390402105,3.8577854955175903,0.146956468408306,0.7420634920634921,0.2579365079365079,13.0
XLK,PARIS trend λ5 x S1 (exploratory),C_mixed_2023_24,2023-01-03,2024-12-31,502,-0.07715765277464377,-0.131369190705116,0.49881730033106275,6.135038623950242,0.030602634038256582,0.5358565737051793,0.46414342629482075,9.035856573705178
XLK,PARIS trend λ5 x S1 (exploratory),D_recent_2025plus,2025-01-02,2026-09-03,419,0.32823719078529523,-0.2000502726456116,0.9279281954411827,9.92064837490989,0.09205649344136635,0.6706443914081146,0.3293556085918854,12.630071599045346
XLK,F1 risk+logFQ λ50,FULL,2004-12-30,2026-09-03,5454,0.5266805526768946,-0.313652175589037,1.220698477815807,6.657893158674819,0.08127280044254626,0.5487715438210488,0.45122845617895124,0.7854785478547855
XLK,F1 risk+logFQ λ50,E_bear_2018q4,2018-09-04,2019-02-28,122,,0.0,inf,0.0,0.02551891198769396,0.0,1.0,0.0
XLK,F1 risk+logFQ λ50,X_2020_covid,2020-02-03,2020-12-31,232,,0.0,inf,0.0,0.004463155962711518,0.0,1.0,0.0
XLK,F1 risk+logFQ λ50,B_bear_2022,2022-01-03,2022-12-30,251,,0.0,inf,0.0,0.01293306058653898,0.0,1.0,0.0
XLK,F1 risk+logFQ λ50,K_bull_2013_14,2013-01-02,2014-12-31,504,1.7056844648703182,-0.0795454545454547,12.15312335417662,1.8064018107806012,0.21953424033624658,1.0,0.0,0.0
XLK,F1 risk+logFQ λ50,A_bull_2021,2021-01-04,2021-12-31,252,,0.0,,0.0,0.0,0.0,1.0,0.0
XLK,F1 risk+logFQ λ50,C_mixed_2023_24,2023-01-03,2024-12-31,502,0.472996823686199,-0.1697470402861766,1.9119661712547313,6.2871476627405585,0.12020813644843198,0.6135458167330677,0.38645418326693226,1.00398406374502
XLK,F1 risk+logFQ λ50,D_recent_2025plus,2025-01-02,2026-09-03,419,0.4660798185965989,-0.2565597667638483,1.233879038473851,10.97877002267073,0.135464741991985,0.6229116945107399,0.3770883054892601,2.4057279236276847
XLK,F1 gate (trend λ5 x F1),FULL,2004-12-30,2026-09-03,5454,0.6260921959940484,-0.22092096744712575,1.4443542074036262,6.50515571173864,0.09395749022065436,0.5987348734873488,0.4012651265126512,2.495049504950495
XLK,F1 gate (trend λ5 x F1),E_bear_2018q4,2018-09-04,2019-02-28,122,-1.373744531366777,-0.058074874170939816,-1.4767510837355755,4.632827405569032,-0.06841532891933944,0.1885245901639344,0.8114754098360656,4.131147540983607
XLK,F1 gate (trend λ5 x F1),X_2020_covid,2020-02-03,2020-12-31,232,0.7527155983757358,-0.15293277680921524,1.6138591060154222,7.061066296684476,0.11395566141082836,0.4504310344827586,0.5495689655172413,2.1724137931034484
XLK,F1 gate (trend λ5 x F1),B_bear_2022,2022-01-03,2022-12-30,251,-1.2329815952056389,-0.03252664196294586,-0.5162761163455977,3.0060445184710054,-0.015519489895581828,0.017928286852589643,0.9820717131474104,1.00398406374502
XLK,F1 gate (trend λ5 x F1),K_bull_2013_14,2013-01-02,2014-12-31,504,1.3541753876378926,-0.0594277329420394,9.406253164744971,1.4569585827118463,0.13704521279535653,0.6646825396825397,0.33531746031746035,0.5
XLK,F1 gate (trend λ5 x F1),A_bull_2021,2021-01-04,2021-12-31,252,1.1969662506763667,-0.04648468719219878,6.322847222507272,1.8238315355562091,0.11531808158912749,0.4623015873015873,0.5376984126984127,2.0
XLK,F1 gate (trend λ5 x F1),C_mixed_2023_24,2023-01-03,2024-12-31,502,0.24226275164335204,-0.22092096744712575,0.9510549733155637,8.28980546113676,0.07884060711632634,0.649402390438247,0.350597609561753,4.517928286852589
XLK,F1 gate (trend λ5 x F1),D_recent_2025plus,2025-01-02,2026-09-03,419,1.0689630882904222,-0.15923945335710055,4.4877916802580655,5.92902973534737,0.26608250318294613,0.7183770883054893,0.2816229116945107,3.007159904534606
XLK,F2 risk+logInnov λ50,FULL,2004-12-30,2026-09-03,5454,0.5950282712442345,-0.2525059142597381,1.1159387316423486,8.202203800026425,0.0915315690527354,0.6001100110011001,0.39988998899889994,0.8778877887788779
XLK,F2 risk+logInnov λ50,E_bear_2018q4,2018-09-04,2019-02-28,122,-1.420817094320066,-0.11516694963214535,-2.0121467648275204,8.723643551866624,-0.17553251150396887,0.319672131147541,0.680327868852459,2.0655737704918034
XLK,F2 risk+logInnov λ50,X_2020_covid,2020-02-03,2020-12-31,232,,0.0,inf,0.0,0.004463155962711518,0.0,1.0,0.0
XLK,F2 risk+logInnov λ50,B_bear_2022,2022-01-03,2022-12-30,251,,0.0,inf,0.0,0.01293306058653898,0.0,1.0,0.0
XLK,F2 risk+logInnov λ50,K_bull_2013_14,2013-01-02,2014-12-31,504,1.7056844648703182,-0.0795454545454547,12.15312335417662,1.8064018107806012,0.21953424033624658,1.0,0.0,0.0
XLK,F2 risk+logInnov λ50,A_bull_2021,2021-01-04,2021-12-31,252,,0.0,,0.0,0.0,0.0,1.0,0.0
XLK,F2 risk+logInnov λ50,C_mixed_2023_24,2023-01-03,2024-12-31,502,0.4556773666354276,-0.1697470402861766,2.0115395052908833,5.841290166511349,0.1174998593180474,0.6254980079681275,0.3745019920318725,1.5059760956175299
XLK,F2 risk+logInnov λ50,D_recent_2025plus,2025-01-02,2026-09-03,419,0.8522100508738296,-0.1592394533571001,2.4177823467363972,8.499711957989348,0.20550453524370904,0.6515513126491647,0.34844868735083534,1.8042959427207637
XLK,F2 gate (trend λ5 x F2),FULL,2004-12-30,2026-09-03,5454,0.6253947345723925,-0.20907354012308932,1.316795530624966,7.282573858740259,0.09589660708635384,0.6202786945361203,0.3797213054638797,2.402640264026403
XLK,F2 gate (trend λ5 x F2),E_bear_2018q4,2018-09-04,2019-02-28,122,-1.5728365391960109,-0.11596329937747651,-1.846966507043025,9.644889355320794,-0.178137876034133,0.3401639344262295,0.6598360655737705,4.131147540983607
XLK,F2 gate (trend λ5 x F2),X_2020_covid,2020-02-03,2020-12-31,232,0.7527155983757358,-0.15293277680921524,1.6138591060154222,7.061066296684476,0.11395566141082836,0.4504310344827586,0.5495689655172413,2.1724137931034484
XLK,F2 gate (trend λ5 x F2),B_bear_2022,2022-01-03,2022-12-30,251,-1.2329815952056389,-0.03252664196294586,-0.5162761163455977,3.0060445184710054,-0.015519489895581828,0.017928286852589643,0.9820717131474104,1.00398406374502
XLK,F2 gate (trend λ5 x F2),K_bull_2013_14,2013-01-02,2014-12-31,504,1.3541753876378926,-0.0594277329420394,9.406253164744971,1.4569585827118463,0.13704521279535653,0.6646825396825397,0.33531746031746035,0.5
XLK,F2 gate (trend λ5 x F2),A_bull_2021,2021-01-04,2021-12-31,252,1.1969662506763667,-0.04648468719219878,6.322847222507272,1.8238315355562091,0.11531808158912749,0.4623015873015873,0.5376984126984127,2.0
XLK,F2 gate (trend λ5 x F2),C_mixed_2023_24,2023-01-03,2024-12-31,502,0.2336067076508769,-0.20907354012308932,0.959980909369615,8.07073635155424,0.07747752822047449,0.6553784860557769,0.34462151394422313,5.0199203187251
XLK,F2 gate (trend λ5 x F2),D_recent_2025plus,2025-01-02,2026-09-03,419,1.1956609007366064,-0.15923945335710032,5.396856265625453,5.386712887494177,0.29071315197998326,0.7446300715990454,0.2553699284009546,2.4057279236276847
XLK,T1 trend+LLTdrift λ5,FULL,2004-12-30,2026-09-03,5454,0.8412217825958235,-0.1689119588487421,2.378169782655073,6.189487944133081,0.14719653198845162,0.737990465713238,0.262009534286762,1.9405940594059405
XLK,T1 trend+LLTdrift λ5,E_bear_2018q4,2018-09-04,2019-02-28,122,-1.0027836074413785,-0.0959252971137523,-1.2262617107494767,6.9451601354105845,-0.0851658394907765,0.3360655737704918,0.6639344262295082,4.131147540983607
XLK,T1 trend+LLTdrift λ5,X_2020_covid,2020-02-03,2020-12-31,232,1.7302988305894702,-0.1468474019305812,8.425606747689,6.003917958842174,0.505866516665918,0.8620689655172413,0.13793103448275867,2.1724137931034484
XLK,T1 trend+LLTdrift λ5,B_bear_2022,2022-01-03,2022-12-30,251,-1.6822767473239968,-0.10138618559373236,-1.1273981179392714,7.381870603788726,-0.08322307025582643,0.06772908366533864,0.9322709163346614,3.0119521912350598
XLK,T1 trend+LLTdrift λ5,K_bull_2013_14,2013-01-02,2014-12-31,504,1.3541753876378926,-0.0594277329420394,9.406253164744971,1.4569585827118463,0.13704521279535653,0.6646825396825397,0.33531746031746035,0.5
XLK,T1 trend+LLTdrift λ5,A_bull_2021,2021-01-04,2021-12-31,252,1.2914101256576929,-0.0920577617328523,7.7430462563047655,3.3021545472460687,0.2556873540479343,0.9325396825396826,0.06746031746031744,2.0
XLK,T1 trend+LLTdrift λ5,C_mixed_2023_24,2023-01-03,2024-12-31,502,0.8358177720210863,-0.16230249232741834,3.7724033526464273,5.176860784327849,0.19529206978982194,0.749003984063745,0.250996015936255,2.50996015936255
XLK,T1 trend+LLTdrift λ5,D_recent_2025plus,2025-01-02,2026-09-03,419,1.188788199000447,-0.15923945335710032,5.753269699177116,5.891836916026478,0.33897326801468286,0.8902147971360382,0.10978520286396176,1.2028639618138424
XLK,T2 trend+TS λ5,FULL,2004-12-30,2026-09-03,5454,0.8412217825958235,-0.1689119588487421,2.378169782655073,6.189487944133081,0.14719653198845162,0.737990465713238,0.262009534286762,1.9405940594059405
XLK,T2 trend+TS λ5,E_bear_2018q4,2018-09-04,2019-02-28,122,-1.0027836074413785,-0.0959252971137523,-1.2262617107494767,6.9451601354105845,-0.0851658394907765,0.3360655737704918,0.6639344262295082,4.131147540983607
XLK,T2 trend+TS λ5,X_2020_covid,2020-02-03,2020-12-31,232,1.7302988305894702,-0.1468474019305812,8.425606747689,6.003917958842174,0.505866516665918,0.8620689655172413,0.13793103448275867,2.1724137931034484
XLK,T2 trend+TS λ5,B_bear_2022,2022-01-03,2022-12-30,251,-1.6822767473239968,-0.10138618559373236,-1.1273981179392714,7.381870603788726,-0.08322307025582643,0.06772908366533864,0.9322709163346614,3.0119521912350598
XLK,T2 trend+TS λ5,K_bull_2013_14,2013-01-02,2014-12-31,504,1.3541753876378926,-0.0594277329420394,9.406253164744971,1.4569585827118463,0.13704521279535653,0.6646825396825397,0.33531746031746035,0.5
XLK,T2 trend+TS λ5,A_bull_2021,2021-01-04,2021-12-31,252,1.2914101256576929,-0.0920577617328523,7.7430462563047655,3.3021545472460687,0.2556873540479343,0.9325396825396826,0.06746031746031744,2.0
XLK,T2 trend+TS λ5,C_mixed_2023_24,2023-01-03,2024-12-31,502,0.8358177720210863,-0.16230249232741834,3.7724033526464273,5.176860784327849,0.19529206978982194,0.749003984063745,0.250996015936255,2.50996015936255
XLK,T2 trend+TS λ5,D_recent_2025plus,2025-01-02,2026-09-03,419,1.188788199000447,-0.15923945335710032,5.753269699177116,5.891836916026478,0.33897326801468286,0.8902147971360382,0.10978520286396176,1.2028639618138424
IWM,Buy & hold,FULL,2006-06-06,2026-09-03,5094,0.39615475000636047,-0.5905393190720095,0.5689781825815299,15.313029840451675,0.08712779888436928,1.0,0.0,0.0
IWM,Buy & hold,E_bear_2018q4,2018-09-04,2019-02-28,122,-0.908784329903118,-0.2680918953414173,-1.3168382833187489,13.221508896789674,-0.1741058907853208,1.0,0.0,0.0
IWM,Buy & hold,X_2020_covid,2020-02-03,2020-12-31,232,0.7555214623539767,-0.40822480272021566,1.6063620614286032,16.295822578997292,0.2617699115067287,1.0,0.0,0.0
IWM,Buy & hold,B_bear_2022,2022-01-03,2022-12-30,251,-0.7243614861595327,-0.26924882629107905,-1.1703436486202234,17.56627819395952,-0.20558582114196455,1.0,0.0,0.0
IWM,Buy & hold,K_bull_2013_14,2013-01-02,2014-12-31,504,1.302585542482996,-0.126936190940088,5.644290723175854,3.667950430167742,0.2070297858606467,1.0,0.0,0.0
IWM,Buy & hold,A_bull_2021,2021-01-04,2021-12-31,252,0.727363960919381,-0.1228730151786892,2.8893856309462094,5.031186173746029,0.14537037037037015,1.0,0.0,0.0
IWM,Buy & hold,C_mixed_2023_24,2023-01-03,2024-12-31,502,0.5026481214707271,-0.17988424839668438,2.0589642475262067,6.863483996548844,0.14131668162362354,1.0,0.0,0.0
IWM,Buy & hold,D_recent_2025plus,2025-01-02,2026-09-03,419,0.7508967999446555,-0.23749337104472334,3.1852480477478338,6.247727398889988,0.19900561500174985,1.0,0.0,0.0
IWM,Frozen S1 (SPY switch),FULL,2006-06-06,2026-09-03,5094,0.24458774236834122,-0.394119698319396,0.24426754291744265,17.680417578412566,0.04318752159633199,0.6223007459756577,0.37769925402434235,13.010600706713781
IWM,Frozen S1 (SPY switch),E_bear_2018q4,2018-09-04,2019-02-28,122,0.22871611124909277,-0.06312856413529078,0.8095170054596466,4.911906748616024,0.039762720422366726,0.4180327868852459,0.5819672131147541,4.131147540983607
IWM,Frozen S1 (SPY switch),X_2020_covid,2020-02-03,2020-12-31,232,1.5484684628934604,-0.131673176582061,7.759614271465952,5.296908574074155,0.41101967366036174,0.7068965517241379,0.2931034482758621,9.775862068965518
IWM,Frozen S1 (SPY switch),B_bear_2022,2022-01-03,2022-12-30,251,-0.49935276211579493,-0.12220336424339973,-1.0258841557632654,5.548575095265579,-0.056921952772956086,0.24701195219123506,0.7529880478087649,10.0398406374502
IWM,Frozen S1 (SPY switch),K_bull_2013_14,2013-01-02,2014-12-31,504,-0.3065319398285197,-0.19657324454772118,-0.44189395151076855,10.053964515175224,-0.044427861079598285,0.6865079365079365,0.3134920634920635,12.5
IWM,Frozen S1 (SPY switch),A_bull_2021,2021-01-04,2021-12-31,252,-0.2580470614611827,-0.18206219552583347,-0.5597058586904775,11.160947412334679,-0.06246847655220045,0.7420634920634921,0.2579365079365079,13.0
IWM,Frozen S1 (SPY switch),C_mixed_2023_24,2023-01-03,2024-12-31,502,0.3048179205659534,-0.12317328018305884,1.872563401535626,4.8075939770357845,0.09002524530840317,0.6832669322709163,0.3167330677290837,9.035856573705178
IWM,Frozen S1 (SPY switch),D_recent_2025plus,2025-01-02,2026-09-03,419,0.14174889304679486,-0.10777928673952719,0.9737891686541494,5.718671133915726,0.055687800093022766,0.6754176610978521,0.32458233890214794,12.630071599045346
IWM,Frozen S2 (own x_raw>0),FULL,2006-06-06,2026-09-03,5094,0.18354398051888107,-0.3326828457622306,0.20578020964214622,16.33129348762246,0.03360656997610367,0.7016097369454259,0.29839026305457406,13.604240282685511
IWM,Frozen S2 (own x_raw>0),E_bear_2018q4,2018-09-04,2019-02-28,122,-0.6126030631172561,-0.06264021451979329,-0.29385674088074115,5.0556097469357155,-0.014856250033994378,0.3360655737704918,0.6639344262295082,8.262295081967213
IWM,Frozen S2 (own x_raw>0),X_2020_covid,2020-02-03,2020-12-31,232,1.6510543912731497,-0.12692577073587652,7.302845735285809,5.572842972990443,0.4069761253872075,0.7198275862068966,0.2801724137931034,6.517241379310345
IWM,Frozen S2 (own x_raw>0),B_bear_2022,2022-01-03,2022-12-30,251,-1.4274298681466246,-0.1557162120100113,-1.7853702726404928,7.844373571156756,-0.14005111381430013,0.19123505976095617,0.8087649402390438,14.055776892430279
IWM,Frozen S2 (own x_raw>0),K_bull_2013_14,2013-01-02,2014-12-31,504,0.8391504294019723,-0.14835636735386282,1.5961525179529117,6.973043771249736,0.11130041373276134,0.8492063492063492,0.1507936507936508,13.0
IWM,Frozen S2 (own x_raw>0),A_bull_2021,2021-01-04,2021-12-31,252,0.12397105762859695,-0.15953501381184743,0.060990923018482794,8.102195111484514,0.004941603583252796,0.876984126984127,0.12301587301587302,16.0
IWM,Frozen S2 (own x_raw>0),C_mixed_2023_24,2023-01-03,2024-12-31,502,0.16693664610861547,-0.12505433171770808,1.0332904000170415,6.4325524130563405,0.06646694656017571,0.7350597609561753,0.2649402390438247,13.051792828685258
IWM,Frozen S2 (own x_raw>0),D_recent_2025plus,2025-01-02,2026-09-03,419,0.5727854521875243,-0.11207580427809716,3.310603371166904,3.976293779961192,0.13163931592689515,0.7995226730310262,0.2004773269689738,10.22434367541766
IWM,Frozen S3 (own InnovLMAR<=1.25),FULL,2006-06-06,2026-09-03,5094,0.3605528328778499,-0.42758616508277436,0.5264118774453186,12.941139266804221,0.06812369417719744,0.7724774244208873,0.2275225755791127,18.848056537102472
IWM,Frozen S3 (own InnovLMAR<=1.25),E_bear_2018q4,2018-09-04,2019-02-28,122,-1.4540034630360394,-0.2025129447549412,-1.6796717743105076,10.96338470940499,-0.1841488784729497,0.5245901639344263,0.47540983606557374,20.65573770491803
IWM,Frozen S3 (own InnovLMAR<=1.25),X_2020_covid,2020-02-03,2020-12-31,232,1.836549501512711,-0.1513794288837016,9.673051161269283,5.553913479044735,0.537232892280628,0.7629310344827587,0.23706896551724133,8.689655172413794
IWM,Frozen S3 (own InnovLMAR<=1.25),B_bear_2022,2022-01-03,2022-12-30,251,-0.5022803818617403,-0.25125448717048604,-0.802794565667352,15.096721633381335,-0.12119566086671285,0.7091633466135459,0.29083665338645415,32.12749003984064
IWM,Frozen S3 (own InnovLMAR<=1.25),K_bull_2013_14,2013-01-02,2014-12-31,504,0.49005649849939253,-0.1277040646293658,1.2510074533921376,4.352788367335933,0.05445370690575846,0.7559523809523809,0.24404761904761907,18.0
IWM,Frozen S3 (own InnovLMAR<=1.25),A_bull_2021,2021-01-04,2021-12-31,252,0.3338389564744006,-0.1455837989584613,0.8525007306526909,5.510038163753415,0.04697311560523998,0.8055555555555556,0.19444444444444442,24.0
IWM,Frozen S3 (own InnovLMAR<=1.25),C_mixed_2023_24,2023-01-03,2024-12-31,502,0.5738233762143474,-0.16687479496480928,2.4351799726375636,5.844933292739949,0.14233464495882853,0.7868525896414342,0.21314741035856577,23.09163346613546
IWM,Frozen S3 (own InnovLMAR<=1.25),D_recent_2025plus,2025-01-02,2026-09-03,419,0.34342481644192946,-0.16391212953010936,1.4719149378351535,6.3842989132445,0.09397144938009316,0.8400954653937948,0.15990453460620524,18.042959427207638
IWM,Frozen S1xS2,FULL,2006-06-06,2026-09-03,5094,-0.04367982997344876,-0.49901982970306913,0.007600861244690764,27.814082645617617,0.0021141098283770088,0.5539850804868472,0.44601491951315275,15.681978798586572
IWM,Frozen S1xS2,E_bear_2018q4,2018-09-04,2019-02-28,122,-0.6126030631172561,-0.06264021451979329,-0.29385674088074115,5.0556097469357155,-0.014856250033994378,0.3360655737704918,0.6639344262295082,8.262295081967213
IWM,Frozen S1xS2,X_2020_covid,2020-02-03,2020-12-31,232,1.0132383682095574,-0.15367520838882098,3.018078437601537,6.608932138365951,0.19946275582374096,0.6077586206896551,0.39224137931034486,11.948275862068966
IWM,Frozen S1xS2,B_bear_2022,2022-01-03,2022-12-30,251,-0.6936920263728716,-0.12499578370027675,-0.9991726680660985,5.303044558856647,-0.052986571807462024,0.15139442231075698,0.848605577689243,8.03187250996016
IWM,Frozen S1xS2,K_bull_2013_14,2013-01-02,2014-12-31,504,-0.4450598563987226,-0.2174322342495978,-0.49901140096791435,11.405344831933972,-0.05691397103105533,0.621031746031746,0.37896825396825395,18.5
IWM,Frozen S1xS2,A_bull_2021,2021-01-04,2021-12-31,252,-0.4918517645958309,-0.2117885141158523,-0.7195219717844772,13.417406859301595,-0.09654119039639253,0.6984126984126984,0.3015873015873016,21.0
IWM,Frozen S1xS2,C_mixed_2023_24,2023-01-03,2024-12-31,502,0.10912940437637308,-0.12317328018305918,1.1646631280712811,4.912904485863109,0.05721878706420758,0.5756972111553785,0.42430278884462147,13.051792828685258
IWM,Frozen S1xS2,D_recent_2025plus,2025-01-02,2026-09-03,419,-0.21522345275064442,-0.10777928673952675,0.05894417265203599,5.871099348970768,0.0034606709368298905,0.6443914081145584,0.3556085918854416,15.035799522673031
IWM,Frozen stack S1xS2xS3,FULL,2006-06-06,2026-09-03,5094,-0.18820012125467447,-0.5198834802617922,-0.041443632917036594,34.79505267314055,-0.014420333903145899,0.5005889281507656,0.4994110718492344,19.045936395759718
IWM,Frozen stack S1xS2xS3,E_bear_2018q4,2018-09-04,2019-02-28,122,-0.6126030631172561,-0.06264021451979329,-0.29385674088074115,5.0556097469357155,-0.014856250033994378,0.3360655737704918,0.6639344262295082,8.262295081967213
IWM,Frozen stack S1xS2xS3,X_2020_covid,2020-02-03,2020-12-31,232,0.5834270221959629,-0.17737965005299994,1.164106257565828,8.493254973479,0.09887051261728996,0.5431034482758621,0.4568965517241379,11.948275862068966
IWM,Frozen stack S1xS2xS3,B_bear_2022,2022-01-03,2022-12-30,251,-0.7330814455931696,-0.12804751928747438,-1.0262235896277225,5.486386100138925,-0.056302588377682095,0.14741035856573706,0.852589641434263,10.0398406374502
IWM,Frozen stack S1xS2xS3,K_bull_2013_14,2013-01-02,2014-12-31,504,-0.36155648742443747,-0.185018963131084,-0.45570594482278554,8.997537674495797,-0.04100231407034716,0.5436507936507936,0.4563492063492064,22.5
IWM,Frozen stack S1xS2xS3,A_bull_2021,2021-01-04,2021-12-31,252,-0.9087927684940608,-0.22818804721061603,-0.9504506071886754,14.782254873153189,-0.14049803119806203,0.5714285714285714,0.4285714285714286,37.0
IWM,Frozen stack S1xS2xS3,C_mixed_2023_24,2023-01-03,2024-12-31,502,0.20309684093159294,-0.14341834094438333,1.3191045062972935,5.346850877337896,0.07053055086796056,0.47410358565737054,0.5258964143426295,18.071713147410357
IWM,Frozen stack S1xS2xS3,D_recent_2025plus,2025-01-02,2026-09-03,419,-0.2523712188897912,-0.14223309495782877,0.0056724324441857895,7.171988268336792,0.00040682618942633475,0.5823389021479713,0.41766109785202865,21.05011933174224
IWM,PARIS trend λ5,FULL,2006-06-06,2026-09-03,5094,0.37939089765727635,-0.2891926527125164,0.6798816086515249,9.371344481117047,0.06371404761049448,0.5349430702787593,0.4650569297212407,1.6819787985865724
IWM,PARIS trend λ5,E_bear_2018q4,2018-09-04,2019-02-28,122,-1.759443276281771,-0.06676281429483122,-1.3285854181383179,5.5630171065034375,-0.07390943408554485,0.30327868852459017,0.6967213114754098,4.131147540983607
IWM,PARIS trend λ5,X_2020_covid,2020-02-03,2020-12-31,232,1.1024707570838759,-0.18576607239181098,1.768068998786321,10.444558145251419,0.1846669946264019,0.5043103448275862,0.4956896551724138,2.1724137931034484
IWM,PARIS trend λ5,B_bear_2022,2022-01-03,2022-12-30,251,,0.0,inf,0.0,0.01293306058653898,0.0,1.0,0.0
IWM,PARIS trend λ5,K_bull_2013_14,2013-01-02,2014-12-31,504,1.1473662537379088,-0.08910891089108985,3.531369657799121,4.437021445751272,0.15668762904530031,0.7916666666666666,0.20833333333333337,0.5
IWM,PARIS trend λ5,A_bull_2021,2021-01-04,2021-12-31,252,0.7593708319569492,-0.12081711211233148,3.092796824362864,4.8251110831919615,0.14923088235294157,0.9325396825396826,0.06746031746031744,1.0
IWM,PARIS trend λ5,C_mixed_2023_24,2023-01-03,2024-12-31,502,0.05788576545905014,-0.0902979116769611,4.1428305599315385,1.2886615444503349,0.053387064277574225,0.10159362549800798,0.898406374501992,1.00398406374502
IWM,PARIS trend λ5,D_recent_2025plus,2025-01-02,2026-09-03,419,0.8157230202728563,-0.11722911352103105,4.832700327925562,3.5448939714310117,0.17131410258196,0.7064439140811456,0.2935560859188544,3.007159904534606
IWM,PARIS risk λ50,FULL,2006-06-06,2026-09-03,5094,0.27013733503962367,-0.4942573793003382,0.21963022165811266,22.032543025644742,0.04839012308414259,0.6356497840596781,0.3643502159403219,0.8904593639575972
IWM,PARIS risk λ50,E_bear_2018q4,2018-09-04,2019-02-28,122,-1.839257916686819,-0.15424377791959198,-2.08301241287888,10.55820037930619,-0.2199286244775729,0.5,0.5,2.0655737704918034
IWM,PARIS risk λ50,X_2020_covid,2020-02-03,2020-12-31,232,-1.566937541911039,-0.3861551292743953,-1.0274449643845769,33.81268540322034,-0.3474067334985863,0.1336206896551724,0.8663793103448276,1.0862068965517242
IWM,PARIS risk λ50,B_bear_2022,2022-01-03,2022-12-30,251,,0.0,inf,0.0,0.01293306058653898,0.0,1.0,0.0
IWM,PARIS risk λ50,K_bull_2013_14,2013-01-02,2014-12-31,504,1.302585542482996,-0.126936190940088,5.644290723175854,3.667950430167742,0.2070297858606467,1.0,0.0,0.0
IWM,PARIS risk λ50,A_bull_2021,2021-01-04,2021-12-31,252,,0.0,,0.0,0.0,0.0,1.0,0.0
IWM,PARIS risk λ50,C_mixed_2023_24,2023-01-03,2024-12-31,502,0.25490598135306514,-0.17693915058737864,1.58144033257742,5.245293113855658,0.08295118086441944,0.7111553784860558,0.2888446215139442,0.50199203187251
IWM,PARIS risk λ50,D_recent_2025plus,2025-01-02,2026-09-03,419,0.6726026573223446,-0.23749337104472334,2.6143820627881156,6.706562607153492,0.1753351698310759,0.8973747016706444,0.10262529832935563,2.4057279236276847
IWM,PARIS gate,FULL,2006-06-06,2026-09-03,5094,0.31874610091449695,-0.24476719350704823,0.5878009143059104,8.606268002266281,0.05058772200493822,0.4688849627012171,0.531115037298783,2.127208480565371
IWM,PARIS gate,E_bear_2018q4,2018-09-04,2019-02-28,122,-2.450828416146809,-0.06676281429483122,-1.6879544735720442,5.628639812993065,-0.09500887752467357,0.2581967213114754,0.7418032786885246,4.131147540983607
IWM,PARIS gate,X_2020_covid,2020-02-03,2020-12-31,232,0.47800390526886993,-0.15094662783679214,0.47083938401668224,10.399610122487172,0.04896546024085513,0.29094827586206895,0.709051724137931,2.1724137931034484
IWM,PARIS gate,B_bear_2022,2022-01-03,2022-12-30,251,,0.0,inf,0.0,0.01293306058653898,0.0,1.0,0.0
IWM,PARIS gate,K_bull_2013_14,2013-01-02,2014-12-31,504,1.1473662537379088,-0.08910891089108985,3.531369657799121,4.437021445751272,0.15668762904530031,0.7916666666666666,0.20833333333333337,0.5
IWM,PARIS gate,A_bull_2021,2021-01-04,2021-12-31,252,0.7593708319569492,-0.0619903421487481,3.3366400653020727,2.340665918282447,0.0780995968242828,0.4662698412698413,0.5337301587301587,1.0
IWM,PARIS gate,C_mixed_2023_24,2023-01-03,2024-12-31,502,0.05788576545905014,-0.0902979116769611,4.1428305599315385,1.2886615444503349,0.053387064277574225,0.10159362549800798,0.898406374501992,1.00398406374502
IWM,PARIS gate,D_recent_2025plus,2025-01-02,2026-09-03,419,0.772379088672165,-0.11722911352103138,4.519157715006687,3.503538415275857,0.1583304265921619,0.6563245823389021,0.3436754176610979,3.6085918854415273
IWM,PARIS graded,FULL,2006-06-06,2026-09-03,5094,0.3587654684313508,-0.29723951206384314,0.5948611953184331,9.846686882014769,0.0585741192856164,0.5852964271692187,0.4147035728307813,2.4734982332155475
IWM,PARIS graded,E_bear_2018q4,2018-09-04,2019-02-28,122,-2.1572548515015706,-0.11068393427376833,-1.8524700949676907,7.990247062117501,-0.14801693733976118,0.4016393442622951,0.5983606557377049,6.19672131147541
IWM,PARIS graded,X_2020_covid,2020-02-03,2020-12-31,232,-0.6896230065531104,-0.2710872355548193,-0.5088395696088143,21.859403189435515,-0.11122929310817908,0.31896551724137934,0.6810344827586207,3.2586206896551726
IWM,PARIS graded,B_bear_2022,2022-01-03,2022-12-30,251,,0.0,inf,0.0,0.01293306058653898,0.0,1.0,0.0
IWM,PARIS graded,K_bull_2013_14,2013-01-02,2014-12-31,504,1.2696908368642987,-0.10190119737388137,4.643646130248198,3.9278625595106362,0.18239603774618351,0.8958333333333334,0.10416666666666663,0.5
IWM,PARIS graded,A_bull_2021,2021-01-04,2021-12-31,252,0.7593708319569492,-0.0619903421487481,3.3366400653020727,2.340665918282447,0.0780995968242828,0.4662698412698413,0.5337301587301587,1.0
IWM,PARIS graded,C_mixed_2023_24,2023-01-03,2024-12-31,502,0.22777679725886252,-0.09029791167696155,2.6534239615765935,2.6922636209417217,0.07143716802687727,0.4063745019920319,0.593625498007968,1.5059760956175299
IWM,PARIS graded,D_recent_2025plus,2025-01-02,2026-09-03,419,0.8081891861584952,-0.1207380199713799,4.749347238159264,3.7394629589138995,0.17760008076116596,0.801909307875895,0.19809069212410502,4.210023866348449
IWM,PARIS trend λ5 x S1 (exploratory),FULL,2006-06-06,2026-09-03,5094,0.0302947746705866,-0.2604256186095997,0.11143256275613807,12.706466652415369,0.014159141426540511,0.3957597173144876,0.6042402826855124,7.667844522968197
IWM,PARIS trend λ5 x S1 (exploratory),E_bear_2018q4,2018-09-04,2019-02-28,122,-1.6220000019380185,-0.06312856413529078,-1.2636467166500107,5.242905907755146,-0.06625180836039735,0.29508196721311475,0.7049180327868853,4.131147540983607
IWM,PARIS trend λ5 x S1 (exploratory),X_2020_covid,2020-02-03,2020-12-31,232,0.7981299115576933,-0.11323117196637578,2.08414877242666,4.768082896883508,0.09937394116368314,0.38362068965517243,0.6163793103448276,7.603448275862069
IWM,PARIS trend λ5 x S1 (exploratory),B_bear_2022,2022-01-03,2022-12-30,251,,0.0,inf,0.0,0.01293306058653898,0.0,1.0,0.0
IWM,PARIS trend λ5 x S1 (exploratory),K_bull_2013_14,2013-01-02,2014-12-31,504,-0.006967247173772683,-0.15353639532649233,-0.08301769225876668,8.903742336353808,-0.007391681412307727,0.5932539682539683,0.40674603174603174,9.5
IWM,PARIS trend λ5 x S1 (exploratory),A_bull_2021,2021-01-04,2021-12-31,252,-0.2580470614611827,-0.18206219552583347,-0.5597058586904775,11.160947412334679,-0.06246847655220045,0.7420634920634921,0.2579365079365079,13.0
IWM,PARIS trend λ5 x S1 (exploratory),C_mixed_2023_24,2023-01-03,2024-12-31,502,-0.8823249471138839,-0.10020006105660306,0.044636609731953554,1.726485744803366,0.0007706447039856901,0.08565737051792828,0.9143426294820717,2.00796812749004
IWM,PARIS trend λ5 x S1 (exploratory),D_recent_2025plus,2025-01-02,2026-09-03,419,0.1978938365049431,-0.12289462837072607,1.0172996865081123,6.246508240741109,0.06354570875076271,0.5513126491646778,0.4486873508353222,11.427207637231502
IWM,F1 risk+logFQ λ50,FULL,2006-06-06,2026-09-03,5094,0.29836680827617856,-0.3692294663680056,0.3816899149698657,13.604159468862093,0.05192570470906466,0.6234786022771889,0.3765213977228111,0.8904593639575972
IWM,F1 risk+logFQ λ50,E_bear_2018q4,2018-09-04,2019-02-28,122,-1.604231155894759,-0.15424377791959198,-1.9350327351202563,8.364408698339206,-0.16185404641210976,0.38524590163934425,0.6147540983606558,2.0655737704918034
IWM,F1 risk+logFQ λ50,X_2020_covid,2020-02-03,2020-12-31,232,-1.1808952792884435,-0.14537753897478656,-0.7806694347984897,13.82836087780678,-0.10795378670666966,0.10344827586206896,0.896551724137931,1.0862068965517242
IWM,F1 risk+logFQ λ50,B_bear_2022,2022-01-03,2022-12-30,251,-0.9718312232723306,-0.1499999999999998,-0.8386742688820994,11.082532566922985,-0.0929463489792619,0.1593625498007968,0.8406374501992032,1.00398406374502
IWM,F1 risk+logFQ λ50,K_bull_2013_14,2013-01-02,2014-12-31,504,1.302585542482996,-0.126936190940088,5.644290723175854,3.667950430167742,0.2070297858606467,1.0,0.0,0.0
IWM,F1 risk+logFQ λ50,A_bull_2021,2021-01-04,2021-12-31,252,0.07897779726815768,-0.1228730151786892,0.09089530162617608,3.0868390073641563,0.0028057916264581095,0.25,0.75,1.0
IWM,F1 risk+logFQ λ50,C_mixed_2023_24,2023-01-03,2024-12-31,502,0.25490598135306514,-0.17693915058737864,1.58144033257742,5.245293113855658,0.08295118086441944,0.7111553784860558,0.2888446215139442,0.50199203187251
IWM,F1 risk+logFQ λ50,D_recent_2025plus,2025-01-02,2026-09-03,419,0.5829763495480355,-0.23749337104472334,2.2118071585786705,6.944972945789394,0.1536094087763218,0.8878281622911695,0.11217183770883055,1.2028639618138424
IWM,F1 gate (trend λ5 x F1),FULL,2006-06-06,2026-09-03,5094,0.29762123955492087,-0.24754104054051695,0.5282978807110674,8.938875966434688,0.047223892290065406,0.45887318413820183,0.5411268158617981,2.176678445229682
IWM,F1 gate (trend λ5 x F1),E_bear_2018q4,2018-09-04,2019-02-28,122,-2.450828416146809,-0.06676281429483122,-1.6879544735720442,5.628639812993065,-0.09500887752467357,0.2581967213114754,0.7418032786885246,4.131147540983607
IWM,F1 gate (trend λ5 x F1),X_2020_covid,2020-02-03,2020-12-31,232,0.47800390526886993,-0.15094662783679214,0.47083938401668224,10.399610122487172,0.04896546024085513,0.29094827586206895,0.709051724137931,2.1724137931034484
IWM,F1 gate (trend λ5 x F1),B_bear_2022,2022-01-03,2022-12-30,251,,0.0,inf,0.0,0.01293306058653898,0.0,1.0,0.0
IWM,F1 gate (trend λ5 x F1),K_bull_2013_14,2013-01-02,2014-12-31,504,1.1473662537379088,-0.08910891089108985,3.531369657799121,4.437021445751272,0.15668762904530031,0.7916666666666666,0.20833333333333337,0.5
IWM,F1 gate (trend λ5 x F1),A_bull_2021,2021-01-04,2021-12-31,252,0.6518734745602921,-0.12081711211233126,2.416560011315162,3.324665225974985,0.08034253036101235,0.5575396825396826,0.44246031746031744,2.0
IWM,F1 gate (trend λ5 x F1),C_mixed_2023_24,2023-01-03,2024-12-31,502,0.05788576545905014,-0.0902979116769611,4.1428305599315385,1.2886615444503349,0.053387064277574225,0.10159362549800798,0.898406374501992,1.00398406374502
IWM,F1 gate (trend λ5 x F1),D_recent_2025plus,2025-01-02,2026-09-03,419,0.7267319052599889,-0.1172291135210316,4.279335671072328,3.5069300583826477,0.15007330894792625,0.6503579952267303,0.3496420047732697,3.6085918854415273
IWM,F2 risk+logInnov λ50,FULL,2006-06-06,2026-09-03,5094,0.3841107525121093,-0.43975047625130936,0.3468704712017556,19.291919719414548,0.06691797283459766,0.6584216725559482,0.3415783274440518,1.088339222614841
IWM,F2 risk+logInnov λ50,E_bear_2018q4,2018-09-04,2019-02-28,122,-2.8076287006464025,-0.15424377791959198,-2.1791032638629293,12.710845046683755,-0.2769824392768452,0.4016393442622951,0.5983606557377049,6.19672131147541
IWM,F2 risk+logInnov λ50,X_2020_covid,2020-02-03,2020-12-31,232,-1.5729401560636893,-0.22844891897093733,-0.9323986409443203,21.644990461483747,-0.20181759689540224,0.10775862068965517,0.8922413793103449,1.0862068965517242
IWM,F2 risk+logInnov λ50,B_bear_2022,2022-01-03,2022-12-30,251,0.921183563398955,-0.0010000000000000009,32.80760204825369,0.07622901181217341,0.025008910840654153,0.00398406374501992,0.9960159362549801,1.00398406374502
IWM,F2 risk+logInnov λ50,K_bull_2013_14,2013-01-02,2014-12-31,504,1.302585542482996,-0.126936190940088,5.644290723175854,3.667950430167742,0.2070297858606467,1.0,0.0,0.0
IWM,F2 risk+logInnov λ50,A_bull_2021,2021-01-04,2021-12-31,252,0.6610558635380857,-0.05704208793792631,5.627537625032877,0.8041367498401776,0.04525309815397249,0.08333333333333333,0.9166666666666666,1.0
IWM,F2 risk+logInnov λ50,C_mixed_2023_24,2023-01-03,2024-12-31,502,0.25490598135306514,-0.17693915058737864,1.58144033257742,5.245293113855658,0.08295118086441944,0.7111553784860558,0.2888446215139442,0.50199203187251
IWM,F2 risk+logInnov λ50,D_recent_2025plus,2025-01-02,2026-09-03,419,0.7508967999446555,-0.23749337104472334,3.1852480477478338,6.247727398889988,0.19900561500174985,1.0,0.0,0.0
IWM,F2 gate (trend λ5 x F2),FULL,2006-06-06,2026-09-03,5094,0.381846525343557,-0.24476719350704856,0.7455815195211125,7.946112693715948,0.05924474776466737,0.47703180212014135,0.5229681978798586,2.176678445229682
IWM,F2 gate (trend λ5 x F2),E_bear_2018q4,2018-09-04,2019-02-28,122,-2.450828416146809,-0.06676281429483122,-1.6879544735720442,5.628639812993065,-0.09500887752467357,0.2581967213114754,0.7418032786885246,4.131147540983607
IWM,F2 gate (trend λ5 x F2),X_2020_covid,2020-02-03,2020-12-31,232,0.47800390526886993,-0.15094662783679214,0.47083938401668224,10.399610122487172,0.04896546024085513,0.29094827586206895,0.709051724137931,2.1724137931034484
IWM,F2 gate (trend λ5 x F2),B_bear_2022,2022-01-03,2022-12-30,251,,0.0,inf,0.0,0.01293306058653898,0.0,1.0,0.0
IWM,F2 gate (trend λ5 x F2),K_bull_2013_14,2013-01-02,2014-12-31,504,1.1473662537379088,-0.08910891089108985,3.531369657799121,4.437021445751272,0.15668762904530031,0.7916666666666666,0.20833333333333337,0.5
IWM,F2 gate (trend λ5 x F2),A_bull_2021,2021-01-04,2021-12-31,252,0.9259275628306876,-0.0619903421487481,4.896684902177046,2.119563900775795,0.10378836552128323,0.4742063492063492,0.5257936507936508,2.0
IWM,F2 gate (trend λ5 x F2),C_mixed_2023_24,2023-01-03,2024-12-31,502,0.05788576545905014,-0.0902979116769611,4.1428305599315385,1.2886615444503349,0.053387064277574225,0.10159362549800798,0.898406374501992,1.00398406374502
IWM,F2 gate (trend λ5 x F2),D_recent_2025plus,2025-01-02,2026-09-03,419,0.8157230202728563,-0.11722911352103105,4.832700327925562,3.5448939714310117,0.17131410258196,0.7064439140811456,0.2935560859188544,3.007159904534606
IWM,T1 trend+LLTdrift λ5,FULL,2006-06-06,2026-09-03,5094,0.38816155526791035,-0.2891926527125154,0.7707857657362622,8.49281744483517,0.06546142797475563,0.5339615233608166,0.4660384766391834,2.07773851590106
IWM,T1 trend+LLTdrift λ5,E_bear_2018q4,2018-09-04,2019-02-28,122,-1.759443276281771,-0.06676281429483122,-1.3285854181383179,5.5630171065034375,-0.07390943408554485,0.30327868852459017,0.6967213114754098,4.131147540983607
IWM,T1 trend+LLTdrift λ5,X_2020_covid,2020-02-03,2020-12-31,232,0.5049069275508261,-0.24496045166837532,0.599528402381184,14.263572548929806,0.08551416862507999,0.5301724137931034,0.4698275862068966,6.517241379310345
IWM,T1 trend+LLTdrift λ5,B_bear_2022,2022-01-03,2022-12-30,251,,0.0,inf,0.0,0.01293306058653898,0.0,1.0,0.0
IWM,T1 trend+LLTdrift λ5,K_bull_2013_14,2013-01-02,2014-12-31,504,1.1473662537379088,-0.08910891089108985,3.531369657799121,4.437021445751272,0.15668762904530031,0.7916666666666666,0.20833333333333337,0.5
IWM,T1 trend+LLTdrift λ5,A_bull_2021,2021-01-04,2021-12-31,252,0.6541137797620151,-0.12081711211233148,2.419995592476102,5.089581462121625,0.1231676470588241,0.9285714285714286,0.0714285714285714,1.0
IWM,T1 trend+LLTdrift λ5,C_mixed_2023_24,2023-01-03,2024-12-31,502,0.13700365273912496,-0.0902979116769611,4.464451651624728,1.3302402504047788,0.05938793282977306,0.10557768924302789,0.8944223107569721,1.00398406374502
IWM,T1 trend+LLTdrift λ5,D_recent_2025plus,2025-01-02,2026-09-03,419,0.9239216990022723,-0.10057321521625873,6.155928007528198,3.112076475429438,0.1915771873666572,0.7159904534606205,0.2840095465393795,3.007159904534606
IWM,T2 trend+TS λ5,FULL,2006-06-06,2026-09-03,5094,0.38816155526791035,-0.2891926527125154,0.7707857657362622,8.49281744483517,0.06546142797475563,0.5339615233608166,0.4660384766391834,2.07773851590106
IWM,T2 trend+TS λ5,E_bear_2018q4,2018-09-04,2019-02-28,122,-1.759443276281771,-0.06676281429483122,-1.3285854181383179,5.5630171065034375,-0.07390943408554485,0.30327868852459017,0.6967213114754098,4.131147540983607
IWM,T2 trend+TS λ5,X_2020_covid,2020-02-03,2020-12-31,232,0.5049069275508261,-0.24496045166837532,0.599528402381184,14.263572548929806,0.08551416862507999,0.5301724137931034,0.4698275862068966,6.517241379310345
IWM,T2 trend+TS λ5,B_bear_2022,2022-01-03,2022-12-30,251,,0.0,inf,0.0,0.01293306058653898,0.0,1.0,0.0
IWM,T2 trend+TS λ5,K_bull_2013_14,2013-01-02,2014-12-31,504,1.1473662537379088,-0.08910891089108985,3.531369657799121,4.437021445751272,0.15668762904530031,0.7916666666666666,0.20833333333333337,0.5
IWM,T2 trend+TS λ5,A_bull_2021,2021-01-04,2021-12-31,252,0.6541137797620151,-0.12081711211233148,2.419995592476102,5.089581462121625,0.1231676470588241,0.9285714285714286,0.0714285714285714,1.0
IWM,T2 trend+TS λ5,C_mixed_2023_24,2023-01-03,2024-12-31,502,0.13700365273912496,-0.0902979116769611,4.464451651624728,1.3302402504047788,0.05938793282977306,0.10557768924302789,0.8944223107569721,1.00398406374502
IWM,T2 trend+TS λ5,D_recent_2025plus,2025-01-02,2026-09-03,419,0.9239216990022723,-0.10057321521625873,6.155928007528198,3.112076475429438,0.1915771873666572,0.7159904534606205,0.2840095465393795,3.007159904534606
EFA,Buy & hold,FULL,2007-08-28,2026-09-03,4785,0.26165388709025783,-0.6103491271820454,0.26523636417074353,18.423026834111347,0.04886456654499738,1.0,0.0,0.0
EFA,Buy & hold,E_bear_2018q4,2018-09-04,2019-02-28,122,-0.5860258381937791,-0.16275632736005918,-0.8384799612644904,8.517580516423418,-0.07141820581477887,1.0,0.0,0.0
EFA,Buy & hold,X_2020_covid,2020-02-03,2020-12-31,232,0.4919794867483105,-0.3338555265448213,0.9223586783772028,12.672509382174088,0.11688599005464795,1.0,0.0,0.0
EFA,Buy & hold,B_bear_2022,2022-01-03,2022-12-30,251,-0.6420879208963634,-0.28740270971461435,-0.8723124073820656,16.57143599925855,-0.14455469230291051,1.0,0.0,0.0
EFA,Buy & hold,K_bull_2013_14,2013-01-02,2014-12-31,504,0.5654739539013399,-0.13986874487284673,1.5335834717362236,4.392015395190344,0.0673552221767495,1.0,0.0,0.0
EFA,Buy & hold,A_bull_2021,2021-01-04,2021-12-31,252,0.9115390552586429,-0.06969783352337544,4.7634163485885965,2.4035304206761383,0.11449016100178744,1.0,0.0,0.0
EFA,Buy & hold,C_mixed_2023_24,2023-01-03,2024-12-31,502,0.4575985472557901,-0.11570247933884326,2.6986195137098097,3.9744881563626606,0.107256312957688,1.0,0.0,0.0
EFA,Buy & hold,D_recent_2025plus,2025-01-02,2026-09-03,419,1.2434740362985404,-0.14055528011898866,9.426849969100166,2.882080981538494,0.27168945011760326,1.0,0.0,0.0
EFA,Frozen S1 (SPY switch),FULL,2007-08-28,2026-09-03,4785,0.07889012566141838,-0.4476869014695355,0.07719710351020855,21.582883568878945,0.01666136096915527,0.6183908045977011,0.3816091954022989,13.218808777429468
EFA,Frozen S1 (SPY switch),E_bear_2018q4,2018-09-04,2019-02-28,122,0.8236535504939578,-0.03855313135045235,2.7565626781334305,2.8594090736863547,0.07882140334039889,0.4180327868852459,0.5819672131147541,4.131147540983607
EFA,Frozen S1 (SPY switch),X_2020_covid,2020-02-03,2020-12-31,232,1.1352086975618496,-0.08091261485696688,5.204542657865807,3.8043407690844298,0.1979985381775793,0.7068965517241379,0.2931034482758621,9.775862068965518
EFA,Frozen S1 (SPY switch),B_bear_2022,2022-01-03,2022-12-30,251,-0.05774539734094366,-0.07106130595493143,0.05634435592827278,3.7941931705609284,0.0021378137046270673,0.24701195219123506,0.7529880478087649,10.0398406374502
EFA,Frozen S1 (SPY switch),K_bull_2013_14,2013-01-02,2014-12-31,504,-0.618811805325902,-0.19333810798839535,-0.5889360507273038,11.069488165369123,-0.0651922064368512,0.6865079365079365,0.3134920634920635,12.5
EFA,Frozen S1 (SPY switch),A_bull_2021,2021-01-04,2021-12-31,252,-0.10693441763166485,-0.07595625283632024,-0.5176625248679264,3.2735102361568056,-0.01694573574029934,0.7420634920634921,0.2579365079365079,13.0
EFA,Frozen S1 (SPY switch),C_mixed_2023_24,2023-01-03,2024-12-31,502,-0.16955909620652648,-0.1283654250949795,0.6525111188135088,4.472672690113972,0.02918468661112894,0.6832669322709163,0.3167330677290837,9.035856573705178
EFA,Frozen S1 (SPY switch),D_recent_2025plus,2025-01-02,2026-09-03,419,0.860416677089029,-0.05781800910919743,6.376762668859769,2.1124603720039024,0.13470658439640104,0.6754176610978521,0.32458233890214794,12.630071599045346
EFA,Frozen S2 (own x_raw>0),FULL,2007-08-28,2026-09-03,4785,0.1581854199666094,-0.32254459592020956,0.16380846314642933,16.295504716964782,0.026693415838813905,0.6693834900731452,0.33061650992685476,12.270846394984327
EFA,Frozen S2 (own x_raw>0),E_bear_2018q4,2018-09-04,2019-02-28,122,-0.0907514111676319,-0.019693439732170304,2.0477949929914754,1.0330291269126206,0.021154318737060196,0.20491803278688525,0.7950819672131147,10.327868852459016
EFA,Frozen S2 (own x_raw>0),X_2020_covid,2020-02-03,2020-12-31,232,1.1828703724447531,-0.07111479869423298,4.988175275321447,3.8590968544191773,0.1924985151428451,0.7025862068965517,0.2974137931034483,4.344827586206897
EFA,Frozen S2 (own x_raw>0),B_bear_2022,2022-01-03,2022-12-30,251,-0.4226959424163572,-0.054240329938732956,-0.4888887240134989,3.661670060951741,-0.017901492038571276,0.19123505976095617,0.8087649402390438,8.03187250996016
EFA,Frozen S2 (own x_raw>0),K_bull_2013_14,2013-01-02,2014-12-31,504,0.5388452233117598,-0.09865810761611382,1.3733085790232558,4.050862251334935,0.055630838821997264,0.7817460317460317,0.21825396825396826,8.5
EFA,Frozen S2 (own x_raw>0),A_bull_2021,2021-01-04,2021-12-31,252,0.6998472192793351,-0.055670031916863705,2.893694553843367,2.677916122040366,0.07749071297997556,0.8809523809523809,0.11904761904761907,8.0
EFA,Frozen S2 (own x_raw>0),C_mixed_2023_24,2023-01-03,2024-12-31,502,0.06033677660417429,-0.11386736679110165,1.139675336051889,4.567249202756307,0.05205181269984016,0.8007968127490039,0.19920318725099606,13.55378486055777
EFA,Frozen S2 (own x_raw>0),D_recent_2025plus,2025-01-02,2026-09-03,419,0.8418303817161259,-0.11696876549330681,4.373532472676549,3.860882321693367,0.1688569420710877,0.9307875894988067,0.06921241050119331,5.412887828162291
EFA,Frozen S3 (own InnovLMAR<=1.25),FULL,2007-08-28,2026-09-03,4785,0.08171354263588866,-0.482472192359901,0.09338486304402002,16.10526834390688,0.01503988278582935,0.7740856844305121,0.22591431556948793,19.01191222570533
EFA,Frozen S3 (own InnovLMAR<=1.25),E_bear_2018q4,2018-09-04,2019-02-28,122,-0.8289570992969327,-0.14095894728274028,-1.166935915911955,7.009451234638156,-0.0817958039653266,0.5327868852459017,0.4672131147540983,39.24590163934426
EFA,Frozen S3 (own InnovLMAR<=1.25),X_2020_covid,2020-02-03,2020-12-31,232,0.931909493639324,-0.07300508712556497,4.627366480334546,3.609444107677276,0.16702220676506863,0.75,0.25,11.948275862068966
EFA,Frozen S3 (own InnovLMAR<=1.25),B_bear_2022,2022-01-03,2022-12-30,251,-0.6300584288622917,-0.25080507074440717,-0.7004352045238142,14.603635031940499,-0.10228900090388382,0.6533864541832669,0.3466135458167331,26.103585657370516
EFA,Frozen S3 (own InnovLMAR<=1.25),K_bull_2013_14,2013-01-02,2014-12-31,504,-0.13067608173573744,-0.1551571718925424,-0.3163101724325317,6.163657677417514,-0.019496276227590315,0.7638888888888888,0.23611111111111116,17.5
EFA,Frozen S3 (own InnovLMAR<=1.25),A_bull_2021,2021-01-04,2021-12-31,252,0.03277450980189591,-0.12109009971091111,-0.053002239688612056,5.69790896813892,-0.003020019368531912,0.8452380952380952,0.15476190476190477,16.0
EFA,Frozen S3 (own InnovLMAR<=1.25),C_mixed_2023_24,2023-01-03,2024-12-31,502,-0.012257788102662086,-0.1337405498840808,0.837441310300023,5.133013967744955,0.04298597942936655,0.8107569721115537,0.18924302788844627,19.07569721115538
EFA,Frozen S3 (own InnovLMAR<=1.25),D_recent_2025plus,2025-01-02,2026-09-03,419,0.57422650066601,-0.13128168267685236,2.4248873718920745,4.819425192290051,0.11686563288562679,0.7923627684964201,0.20763723150357993,16.840095465393794
EFA,Frozen S1xS2,FULL,2007-08-28,2026-09-03,4785,0.01725751410843628,-0.41600603574449235,0.051276456439562364,21.351618265981745,0.01094835323929777,0.5237199582027168,0.4762800417972832,13.956112852664578
EFA,Frozen S1xS2,E_bear_2018q4,2018-09-04,2019-02-28,122,-0.0907514111676319,-0.019693439732170304,2.0477949929914754,1.0330291269126206,0.021154318737060196,0.20491803278688525,0.7950819672131147,10.327868852459016
EFA,Frozen S1xS2,X_2020_covid,2020-02-03,2020-12-31,232,0.6848974350476047,-0.08091261485696688,2.3947941965176582,4.118184384206442,0.09862204063487234,0.603448275862069,0.39655172413793105,9.775862068965518
EFA,Frozen S1xS2,B_bear_2022,2022-01-03,2022-12-30,251,-0.38028411784379446,-0.035761280739396106,-0.8102476056799385,0.8798844272351275,-0.007129242504423261,0.09163346613545817,0.9083665338645418,6.0239043824701195
EFA,Frozen S1xS2,K_bull_2013_14,2013-01-02,2014-12-31,504,-0.3712268751276146,-0.15305295732557533,-0.3759124068629814,10.573901315963628,-0.03974860693615534,0.6170634920634921,0.3829365079365079,12.5
EFA,Frozen S1xS2,A_bull_2021,2021-01-04,2021-12-31,252,0.09694657402126247,-0.055743978430108254,0.1695750079588148,2.772889468248927,0.004702127536472256,0.7261904761904762,0.27380952380952384,15.0
EFA,Frozen S1xS2,C_mixed_2023_24,2023-01-03,2024-12-31,502,-0.2903583744361156,-0.1333073375242494,0.38439617269258786,4.947172461236868,0.019016741597496223,0.6175298804780877,0.38247011952191234,14.055776892430279
EFA,Frozen S1xS2,D_recent_2025plus,2025-01-02,2026-09-03,419,0.860416677089029,-0.05781800910919743,6.376762668859769,2.1124603720039024,0.13470658439640104,0.6754176610978521,0.32458233890214794,12.630071599045346
EFA,Frozen stack S1xS2xS3,FULL,2007-08-28,2026-09-03,4785,-0.06794184584588724,-0.3694817250765233,0.013251974059689664,22.2336238736346,0.002946394068263025,0.48631138975966565,0.5136886102403344,15.957366771159876
EFA,Frozen stack S1xS2xS3,E_bear_2018q4,2018-09-04,2019-02-28,122,0.13957073965484054,-0.01969343973217008,2.9289532162673684,1.0320027745126166,0.03022687845605576,0.1885245901639344,0.8114754098360656,10.327868852459016
EFA,Frozen stack S1xS2xS3,X_2020_covid,2020-02-03,2020-12-31,232,-0.010842367661859262,-0.08837360499472935,-0.13727592081596318,4.797136168809304,-0.0065853128485285906,0.5129310344827587,0.4870689655172413,14.120689655172415
EFA,Frozen stack S1xS2xS3,B_bear_2022,2022-01-03,2022-12-30,251,-0.7344404071367193,-0.035761280739396106,-2.4765594208624147,0.9145648443481156,-0.022649741812598934,0.08764940239043825,0.9123505976095617,8.03187250996016
EFA,Frozen stack S1xS2xS3,K_bull_2013_14,2013-01-02,2014-12-31,504,-0.5088372357417863,-0.15847397236859517,-0.4838372774862675,9.846207673501485,-0.04763962314311354,0.5634920634920635,0.4365079365079365,16.5
EFA,Frozen stack S1xS2xS3,A_bull_2021,2021-01-04,2021-12-31,252,-0.3293333649048149,-0.08561711883271417,-0.7267483715421571,5.112877680580112,-0.03715775528255838,0.6944444444444444,0.3055555555555556,17.0
EFA,Frozen stack S1xS2xS3,C_mixed_2023_24,2023-01-03,2024-12-31,502,-0.5413582072992258,-0.144156584379441,-0.03934587877426441,6.050039864434663,-0.0023804413508551336,0.5637450199203188,0.4362549800796812,22.087649402390436
EFA,Frozen stack S1xS2xS3,D_recent_2025plus,2025-01-02,2026-09-03,419,0.7082239613885991,-0.059808359408047185,5.237020882483372,2.194664952607282,0.11493506186858715,0.630071599045346,0.36992840095465396,16.23866348448687
EFA,PARIS trend λ5,FULL,2007-08-28,2026-09-03,4785,0.31813137905360245,-0.2585646411602892,0.5020272523597735,9.990908559434768,0.050157083726707796,0.6280041797283177,0.3719958202716823,0.9479623824451411
EFA,PARIS trend λ5,E_bear_2018q4,2018-09-04,2019-02-28,122,,0.0,inf,0.0,0.02551891198769396,0.0,1.0,0.0
EFA,PARIS trend λ5,X_2020_covid,2020-02-03,2020-12-31,232,-1.214509958748637,-0.20841129323804342,-0.9751672884624992,14.58154094865274,-0.14219441748502593,0.4525862068965517,0.5474137931034483,8.689655172413794
EFA,PARIS trend λ5,B_bear_2022,2022-01-03,2022-12-30,251,-1.5412555663087233,-0.06500432401268363,-0.6639236305851385,5.885652328802491,-0.03907623662500426,0.07569721115537849,0.9243027888446215,1.00398406374502
EFA,PARIS trend λ5,K_bull_2013_14,2013-01-02,2014-12-31,504,0.787471916908085,-0.10223792697290934,2.4208207546102556,3.7321454324214374,0.09034855122029684,0.871031746031746,0.12896825396825395,0.5
EFA,PARIS trend λ5,A_bull_2021,2021-01-04,2021-12-31,252,0.9115390552586429,-0.06969783352337544,4.7634163485885965,2.4035304206761383,0.11449016100178744,1.0,0.0,0.0
EFA,PARIS trend λ5,C_mixed_2023_24,2023-01-03,2024-12-31,502,0.07824252599438306,-0.11570247933884292,1.4118707009549778,3.8334092889359295,0.054122782598172936,0.8247011952191236,0.17529880478087645,0.50199203187251
EFA,PARIS trend λ5,D_recent_2025plus,2025-01-02,2026-09-03,419,1.2434740362985404,-0.14055528011898866,9.426849969100166,2.882080981538494,0.27168945011760326,1.0,0.0,0.0
EFA,PARIS risk λ50,FULL,2007-08-28,2026-09-03,4785,0.11128926150479311,-0.504502338268239,0.08091134414469481,24.931266479226384,0.020172222820637797,0.6371995820271682,0.3628004179728318,1.0006269592476489
EFA,PARIS risk λ50,E_bear_2018q4,2018-09-04,2019-02-28,122,-2.114802725022481,-0.16275632736005918,-2.1825240108810204,10.377006271366172,-0.22648065348319601,0.680327868852459,0.319672131147541,2.0655737704918034
EFA,PARIS risk λ50,X_2020_covid,2020-02-03,2020-12-31,232,-1.565172892269837,-0.3279373368146211,-1.0522476272508419,29.940329096452018,-0.3150464025085098,0.14224137931034483,0.8577586206896551,1.0862068965517242
EFA,PARIS risk λ50,B_bear_2022,2022-01-03,2022-12-30,251,-0.8466842331329585,-0.18175266647448785,-0.938140222337785,11.684559698296093,-0.1096175543327862,0.41434262948207173,0.5856573705179282,1.00398406374502
EFA,PARIS risk λ50,K_bull_2013_14,2013-01-02,2014-12-31,504,0.5654739539013399,-0.13986874487284673,1.5335834717362236,4.392015395190344,0.0673552221767495,1.0,0.0,0.0
EFA,PARIS risk λ50,A_bull_2021,2021-01-04,2021-12-31,252,0.1974724546193439,-0.06969783352337533,0.6638054959112915,2.033232158046439,0.013496706809748016,0.503968253968254,0.49603174603174605,1.0
EFA,PARIS risk λ50,C_mixed_2023_24,2023-01-03,2024-12-31,502,0.20494992553301863,-0.11570247933884314,1.8255795715035346,3.813962765914109,0.06962692511927915,0.7928286852589641,0.2071713147410359,0.50199203187251
EFA,PARIS risk λ50,D_recent_2025plus,2025-01-02,2026-09-03,419,1.137786469446956,-0.14055528011898866,8.12336296915458,2.683880006667351,0.2180213145981591,0.6109785202863962,0.3890214797136038,1.8042959427207637
EFA,PARIS gate,FULL,2007-08-28,2026-09-03,4785,0.32056211846886246,-0.31163281138788546,0.4901012097309681,9.674266616861894,0.04741369772183934,0.5507836990595611,0.44921630094043885,1.632601880877743
EFA,PARIS gate,E_bear_2018q4,2018-09-04,2019-02-28,122,,0.0,inf,0.0,0.02551891198769396,0.0,1.0,0.0
EFA,PARIS gate,X_2020_covid,2020-02-03,2020-12-31,232,-1.4279963251583283,-0.15583071715544694,-0.8960766707745623,12.133928941666554,-0.10872930649463675,0.2650862068965517,0.7349137931034483,8.689655172413794
EFA,PARIS gate,B_bear_2022,2022-01-03,2022-12-30,251,-1.5412555663087233,-0.06500432401268363,-0.6639236305851385,5.885652328802491,-0.03907623662500426,0.07569721115537849,0.9243027888446215,1.00398406374502
EFA,PARIS gate,K_bull_2013_14,2013-01-02,2014-12-31,504,0.787471916908085,-0.10223792697290934,2.4208207546102556,3.7321454324214374,0.09034855122029684,0.871031746031746,0.12896825396825395,0.5
EFA,PARIS gate,A_bull_2021,2021-01-04,2021-12-31,252,0.6767378272616787,-0.06969783352337577,3.0173316212665315,2.119980882808113,0.06396685354177456,0.751984126984127,0.24801587301587302,1.0
EFA,PARIS gate,C_mixed_2023_24,2023-01-03,2024-12-31,502,0.14165549164966013,-0.1157024793388427,1.6220954514439123,3.8176754720745887,0.06192634018341181,0.8087649402390438,0.19123505976095623,1.00398406374502
EFA,PARIS gate,D_recent_2025plus,2025-01-02,2026-09-03,419,1.243119334522383,-0.14055528011898866,8.995834898602094,2.7326002014137094,0.2458202025580456,0.8054892601431981,0.1945107398568019,1.8042959427207637
EFA,PARIS graded,FULL,2007-08-28,2026-09-03,4785,0.23122511224670944,-0.3502241792708696,0.22260548416301396,16.52363958878152,0.03678252790795855,0.6326018808777429,0.36739811912225706,1.94858934169279
EFA,PARIS graded,E_bear_2018q4,2018-09-04,2019-02-28,122,-2.1148027250224812,-0.0813908842122979,-2.129735620448313,5.045519846454578,-0.10745623340673216,0.3401639344262295,0.6598360655737705,2.0655737704918034
EFA,PARIS graded,X_2020_covid,2020-02-03,2020-12-31,232,-1.8584801347976585,-0.2598703351115006,-1.0289775147207083,22.098069327805952,-0.2273841645705168,0.2974137931034483,0.7025862068965517,9.775862068965518
EFA,PARIS graded,B_bear_2022,2022-01-03,2022-12-30,251,-1.1252105833056354,-0.12252060011849919,-0.8466295769909316,8.605901140770111,-0.07286010442435975,0.2450199203187251,0.7549800796812749,2.00796812749004
EFA,PARIS graded,K_bull_2013_14,2013-01-02,2014-12-31,504,0.686529716695722,-0.10719736619934972,1.9617302188066104,4.035971884976867,0.07917488009012996,0.935515873015873,0.06448412698412698,0.5
EFA,PARIS graded,A_bull_2021,2021-01-04,2021-12-31,252,0.6767378272616787,-0.06969783352337577,3.0173316212665315,2.119980882808113,0.06396685354177456,0.751984126984127,0.24801587301587302,1.0
EFA,PARIS graded,C_mixed_2023_24,2023-01-03,2024-12-31,502,0.14165549164966013,-0.1157024793388427,1.6220954514439123,3.8176754720745887,0.06192634018341181,0.8087649402390438,0.19123505976095623,1.00398406374502
EFA,PARIS graded,D_recent_2025plus,2025-01-02,2026-09-03,419,1.243119334522383,-0.14055528011898866,8.995834898602094,2.7326002014137094,0.2458202025580456,0.8054892601431981,0.1945107398568019,1.8042959427207637
EFA,PARIS trend λ5 x S1 (exploratory),FULL,2007-08-28,2026-09-03,4785,-0.025551872526155945,-0.24988108000349396,0.050729048396239575,14.884551009299935,0.007550791085070729,0.43197492163009404,0.5680250783699059,8.689655172413794
EFA,PARIS trend λ5 x S1 (exploratory),E_bear_2018q4,2018-09-04,2019-02-28,122,,0.0,inf,0.0,0.02551891198769396,0.0,1.0,0.0
EFA,PARIS trend λ5 x S1 (exploratory),X_2020_covid,2020-02-03,2020-12-31,232,-1.2966460299203901,-0.18279700150335731,-1.173901051972272,11.436845278157378,-0.13425724703273056,0.35344827586206895,0.646551724137931,11.948275862068966
EFA,PARIS trend λ5 x S1 (exploratory),B_bear_2022,2022-01-03,2022-12-30,251,,0.0,inf,0.0,0.01293306058653898,0.0,1.0,0.0
EFA,PARIS trend λ5 x S1 (exploratory),K_bull_2013_14,2013-01-02,2014-12-31,504,-0.4533624094503059,-0.16331728414579927,-0.43697557992054353,10.974560167314163,-0.047956147934850035,0.6408730158730159,0.3591269841269841,11.5
EFA,PARIS trend λ5 x S1 (exploratory),A_bull_2021,2021-01-04,2021-12-31,252,-0.10693441763166485,-0.07595625283632024,-0.5176625248679264,3.2735102361568056,-0.01694573574029934,0.7420634920634921,0.2579365079365079,13.0
EFA,PARIS trend λ5 x S1 (exploratory),C_mixed_2023_24,2023-01-03,2024-12-31,502,-0.5266119243517785,-0.12836542509498083,-0.048997629585599826,4.402739789463617,-0.0021572381336592006,0.5677290836653387,0.4322709163346613,8.03187250996016
EFA,PARIS trend λ5 x S1 (exploratory),D_recent_2025plus,2025-01-02,2026-09-03,419,0.860416677089029,-0.05781800910919743,6.376762668859769,2.1124603720039024,0.13470658439640104,0.6754176610978521,0.32458233890214794,12.630071599045346
EFA,F1 risk+logFQ λ50,FULL,2007-08-28,2026-09-03,4785,0.10623483473857094,-0.4036781712630748,0.10790634563331726,18.542516484446647,0.020008551926821827,0.5272727272727272,0.4727272727272728,1.0532915360501567
EFA,F1 risk+logFQ λ50,E_bear_2018q4,2018-09-04,2019-02-28,122,,0.0,inf,0.0,0.02551891198769396,0.0,1.0,0.0
EFA,F1 risk+logFQ λ50,X_2020_covid,2020-02-03,2020-12-31,232,-1.8340826580598968,-0.2859347954743253,-1.0370759544896615,26.948987913475065,-0.279481473628975,0.1206896551724138,0.8793103448275862,1.0862068965517242
EFA,F1 risk+logFQ λ50,B_bear_2022,2022-01-03,2022-12-30,251,-0.6562853788030139,-0.1608532718362643,-0.7900510961959913,8.174577465363589,-0.06458333887449552,0.2549800796812749,0.7450199203187251,3.0119521912350598
EFA,F1 risk+logFQ λ50,K_bull_2013_14,2013-01-02,2014-12-31,504,0.5654739539013399,-0.13986874487284673,1.5335834717362236,4.392015395190344,0.0673552221767495,1.0,0.0,0.0
EFA,F1 risk+logFQ λ50,A_bull_2021,2021-01-04,2021-12-31,252,0.06084710612018617,-0.06969783352337544,0.060378488734033973,2.2213674600302653,0.0013412281015958705,0.5912698412698413,0.4087301587301587,1.0
EFA,F1 risk+logFQ λ50,C_mixed_2023_24,2023-01-03,2024-12-31,502,0.09834000931602992,-0.11570247933884303,1.4772837909310568,3.832332679800417,0.056614429493245355,0.8127490039840638,0.1872509960159362,0.50199203187251
EFA,F1 risk+logFQ λ50,D_recent_2025plus,2025-01-02,2026-09-03,419,0.5452315805324434,-0.14055528011898866,3.177208825744323,3.696478347245633,0.11744483629041613,0.5465393794749404,0.45346062052505964,2.4057279236276847
EFA,F1 gate (trend λ5 x F1),FULL,2007-08-28,2026-09-03,4785,0.28407240432102915,-0.29615659641050507,0.43451917993269973,9.721934746081304,0.04224367113226468,0.5378265412748171,0.4621734587251829,1.685266457680251
EFA,F1 gate (trend λ5 x F1),E_bear_2018q4,2018-09-04,2019-02-28,122,,0.0,inf,0.0,0.02551891198769396,0.0,1.0,0.0
EFA,F1 gate (trend λ5 x F1),X_2020_covid,2020-02-03,2020-12-31,232,-1.4279963251583283,-0.15583071715544694,-0.8960766707745623,12.133928941666554,-0.10872930649463675,0.2650862068965517,0.7349137931034483,8.689655172413794
EFA,F1 gate (trend λ5 x F1),B_bear_2022,2022-01-03,2022-12-30,251,-1.5412555663087233,-0.06500432401268363,-0.6639236305851385,5.885652328802491,-0.03907623662500426,0.07569721115537849,0.9243027888446215,1.00398406374502
EFA,F1 gate (trend λ5 x F1),K_bull_2013_14,2013-01-02,2014-12-31,504,0.787471916908085,-0.10223792697290934,2.4208207546102556,3.7321454324214374,0.09034855122029684,0.871031746031746,0.12896825396825395,0.5
EFA,F1 gate (trend λ5 x F1),A_bull_2021,2021-01-04,2021-12-31,252,0.5941847291227199,-0.06969783352337589,2.531992079864151,2.267937727795182,0.057424003644025,0.7956349206349206,0.20436507936507942,1.0
EFA,F1 gate (trend λ5 x F1),C_mixed_2023_24,2023-01-03,2024-12-31,502,0.08835255401577216,-0.11570247933884303,1.4450354470548996,3.832484084564263,0.05538075352469107,0.8187250996015937,0.18127490039840632,1.00398406374502
EFA,F1 gate (trend λ5 x F1),D_recent_2025plus,2025-01-02,2026-09-03,419,0.9682971919643767,-0.14055528011898866,6.732689277540637,2.87269186085083,0.1934094168922864,0.7732696897374701,0.22673031026252988,2.4057279236276847
EFA,F2 risk+logInnov λ50,FULL,2007-08-28,2026-09-03,4785,0.13281776246320143,-0.45613258810485,0.11094527996619334,21.11541192881333,0.023426552880436935,0.6200626959247649,0.37993730407523507,1.1059561128526647
EFA,F2 risk+logInnov λ50,E_bear_2018q4,2018-09-04,2019-02-28,122,-1.472649079239133,-0.10360470757435347,-1.9370429644517047,6.230682429378065,-0.12069099563559638,0.36065573770491804,0.639344262295082,4.131147540983607
EFA,F2 risk+logInnov λ50,X_2020_covid,2020-02-03,2020-12-31,232,-1.417303594668451,-0.32027850304612693,-1.0382495988389229,27.142988054379373,-0.2818119645874906,0.1336206896551724,0.8663793103448276,1.0862068965517242
EFA,F2 risk+logInnov λ50,B_bear_2022,2022-01-03,2022-12-30,251,-0.8466842331329585,-0.18175266647448785,-0.938140222337785,11.684559698296093,-0.1096175543327862,0.41434262948207173,0.5856573705179282,1.00398406374502
EFA,F2 risk+logInnov λ50,K_bull_2013_14,2013-01-02,2014-12-31,504,0.5654739539013399,-0.13986874487284673,1.5335834717362236,4.392015395190344,0.0673552221767495,1.0,0.0,0.0
EFA,F2 risk+logInnov λ50,A_bull_2021,2021-01-04,2021-12-31,252,0.06084710612018617,-0.06969783352337544,0.060378488734033973,2.2213674600302653,0.0013412281015958705,0.5912698412698413,0.4087301587301587,1.0
EFA,F2 risk+logInnov λ50,C_mixed_2023_24,2023-01-03,2024-12-31,502,0.07853531282269179,-0.11570247933884248,1.409836085725085,3.8392797704522073,0.054127551635778426,0.8366533864541833,0.1633466135458167,0.50199203187251
EFA,F2 risk+logInnov λ50,D_recent_2025plus,2025-01-02,2026-09-03,419,0.9878416725782734,-0.14055528011898866,6.228464845801226,3.0692976954659152,0.1911701279750817,0.5894988066825776,0.4105011933174224,1.8042959427207637
EFA,F2 gate (trend λ5 x F2),FULL,2007-08-28,2026-09-03,4785,0.3101391126231916,-0.2682194688350644,0.5026653620070447,9.147604208653235,0.04598183781039844,0.5499477533960293,0.4500522466039707,1.5799373040752351
EFA,F2 gate (trend λ5 x F2),E_bear_2018q4,2018-09-04,2019-02-28,122,,0.0,inf,0.0,0.02551891198769396,0.0,1.0,0.0
EFA,F2 gate (trend λ5 x F2),X_2020_covid,2020-02-03,2020-12-31,232,-1.4279963251583283,-0.15583071715544694,-0.8960766707745623,12.133928941666554,-0.10872930649463675,0.2650862068965517,0.7349137931034483,8.689655172413794
EFA,F2 gate (trend λ5 x F2),B_bear_2022,2022-01-03,2022-12-30,251,-1.5412555663087233,-0.06500432401268363,-0.6639236305851385,5.885652328802491,-0.03907623662500426,0.07569721115537849,0.9243027888446215,1.00398406374502
EFA,F2 gate (trend λ5 x F2),K_bull_2013_14,2013-01-02,2014-12-31,504,0.787471916908085,-0.10223792697290934,2.4208207546102556,3.7321454324214374,0.09034855122029684,0.871031746031746,0.12896825396825395,0.5
EFA,F2 gate (trend λ5 x F2),A_bull_2021,2021-01-04,2021-12-31,252,0.5941847291227199,-0.06969783352337589,2.531992079864151,2.267937727795182,0.057424003644025,0.7956349206349206,0.20436507936507942,1.0
EFA,F2 gate (trend λ5 x F2),C_mixed_2023_24,2023-01-03,2024-12-31,502,0.07824252599438306,-0.11570247933884292,1.4118707009549778,3.8334092889359295,0.054122782598172936,0.8247011952191236,0.17529880478087645,0.50199203187251
EFA,F2 gate (trend λ5 x F2),D_recent_2025plus,2025-01-02,2026-09-03,419,1.1738021788237736,-0.14055528011898866,8.185957961754605,2.834817152876919,0.23205694042711333,0.7947494033412887,0.20525059665871126,1.8042959427207637
EFA,T1 trend+LLTdrift λ5,FULL,2007-08-28,2026-09-03,4785,0.29746374050728197,-0.2585646411602903,0.5096146133490554,9.218707696887945,0.04697988158527511,0.6288401253918495,0.3711598746081505,1.1586206896551725
EFA,T1 trend+LLTdrift λ5,E_bear_2018q4,2018-09-04,2019-02-28,122,,0.0,inf,0.0,0.02551891198769396,0.0,1.0,0.0
EFA,T1 trend+LLTdrift λ5,X_2020_covid,2020-02-03,2020-12-31,232,-1.0172207557930977,-0.19424512294254048,-0.9652175790076016,13.265965791572084,-0.1280454338453887,0.4956896551724138,0.5043103448275862,6.517241379310345
EFA,T1 trend+LLTdrift λ5,B_bear_2022,2022-01-03,2022-12-30,251,-1.6513658581252635,-0.06593931968867095,-0.6841316982863495,6.188430495142913,-0.04233701464369155,0.07171314741035857,0.9282868525896414,1.00398406374502
EFA,T1 trend+LLTdrift λ5,K_bull_2013_14,2013-01-02,2014-12-31,504,0.7785281682551897,-0.10223792697290934,2.2918964641561175,3.8798831044893864,0.08892290368518285,0.8591269841269841,0.14087301587301593,1.5
EFA,T1 trend+LLTdrift λ5,A_bull_2021,2021-01-04,2021-12-31,252,0.9115390552586429,-0.06969783352337544,4.7634163485885965,2.4035304206761383,0.11449016100178744,1.0,0.0,0.0
EFA,T1 trend+LLTdrift λ5,C_mixed_2023_24,2023-01-03,2024-12-31,502,0.07898828161105477,-0.11570247933884292,1.4102895805918598,3.841887580636129,0.05418174024776401,0.8386454183266933,0.16135458167330674,1.5059760956175299
EFA,T1 trend+LLTdrift λ5,D_recent_2025plus,2025-01-02,2026-09-03,419,0.8719013325671251,-0.1412428358948935,3.8725769249766953,4.706353452221126,0.18225715779855944,0.9785202863961814,0.021479713603818618,1.2028639618138424
EFA,T2 trend+TS λ5,FULL,2007-08-28,2026-09-03,4785,0.29746374050728197,-0.2585646411602903,0.5096146133490554,9.218707696887945,0.04697988158527511,0.6288401253918495,0.3711598746081505,1.1586206896551725
EFA,T2 trend+TS λ5,E_bear_2018q4,2018-09-04,2019-02-28,122,,0.0,inf,0.0,0.02551891198769396,0.0,1.0,0.0
EFA,T2 trend+TS λ5,X_2020_covid,2020-02-03,2020-12-31,232,-1.0172207557930977,-0.19424512294254048,-0.9652175790076016,13.265965791572084,-0.1280454338453887,0.4956896551724138,0.5043103448275862,6.517241379310345
EFA,T2 trend+TS λ5,B_bear_2022,2022-01-03,2022-12-30,251,-1.6513658581252635,-0.06593931968867095,-0.6841316982863495,6.188430495142913,-0.04233701464369155,0.07171314741035857,0.9282868525896414,1.00398406374502
EFA,T2 trend+TS λ5,K_bull_2013_14,2013-01-02,2014-12-31,504,0.7785281682551897,-0.10223792697290934,2.2918964641561175,3.8798831044893864,0.08892290368518285,0.8591269841269841,0.14087301587301593,1.5
EFA,T2 trend+TS λ5,A_bull_2021,2021-01-04,2021-12-31,252,0.9115390552586429,-0.06969783352337544,4.7634163485885965,2.4035304206761383,0.11449016100178744,1.0,0.0,0.0
EFA,T2 trend+TS λ5,C_mixed_2023_24,2023-01-03,2024-12-31,502,0.07898828161105477,-0.11570247933884292,1.4102895805918598,3.841887580636129,0.05418174024776401,0.8386454183266933,0.16135458167330674,1.5059760956175299
EFA,T2 trend+TS λ5,D_recent_2025plus,2025-01-02,2026-09-03,419,0.8719013325671251,-0.1412428358948935,3.8725769249766953,4.706353452221126,0.18225715779855944,0.9785202863961814,0.021479713603818618,1.2028639618138424
EEM,Buy & hold,FULL,2009-04-17,2026-09-03,4373,0.36748582662740503,-0.39812829011503215,0.4287121603394102,17.098838981992127,0.07330480199265565,1.0,0.0,0.0
EEM,Buy & hold,E_bear_2018q4,2018-09-04,2019-02-28,122,-0.033243686281488945,-0.12101026922009439,-0.07818326884775191,5.867335954788107,-0.004587275043732797,1.0,0.0,0.0
EEM,Buy & hold,X_2020_covid,2020-02-03,2020-12-31,232,0.8531756569596193,-0.31623493203385455,2.3778327100369703,11.398304722875118,0.2710326180902134,1.0,0.0,0.0
EEM,Buy & hold,B_bear_2022,2022-01-03,2022-12-30,251,-0.9137893911415197,-0.32701111837802477,-1.0208486207502638,20.191950867133233,-0.20612925192970055,1.0,0.0,0.0
EEM,Buy & hold,K_bull_2013_14,2013-01-02,2014-12-31,504,-0.1360442007205569,-0.18961424332344168,-0.4478553672787276,8.435461432903772,-0.0377786667819866,1.0,0.0,0.0
EEM,Buy & hold,A_bull_2021,2021-01-04,2021-12-31,252,-0.11911278650045208,-0.16611425229089383,-0.40142913617511033,9.09717143253878,-0.036518696698009334,1.0,0.0,0.0
EEM,Buy & hold,C_mixed_2023_24,2023-01-03,2024-12-31,502,0.23365838139737743,-0.13372389200203705,1.2476917045807203,6.208528710837484,0.07746329770163163,1.0,0.0,0.0
EEM,Buy & hold,D_recent_2025plus,2025-01-02,2026-09-03,419,1.2549536142656463,-0.1503178928247042,8.066137667294955,4.38839715633864,0.3539741560179317,1.0,0.0,0.0
EEM,Frozen S1 (SPY switch),FULL,2009-04-17,2026-09-03,4373,-0.1040411677903073,-0.6610255374114582,-0.028344290824009216,47.139969963751795,-0.0133614901808764,0.6457809284244226,0.3542190715755774,13.023553624514063
EEM,Frozen S1 (SPY switch),E_bear_2018q4,2018-09-04,2019-02-28,122,-0.4119518696577117,-0.05523175131834601,-0.488463858373766,4.280940380599995,-0.02091084655775932,0.4180327868852459,0.5819672131147541,4.131147540983607
EEM,Frozen S1 (SPY switch),X_2020_covid,2020-02-03,2020-12-31,232,1.5262079054144038,-0.08005885390173717,7.604294388901963,3.9536874850953674,0.3006500355838262,0.7068965517241379,0.2931034482758621,9.775862068965518
EEM,Frozen S1 (SPY switch),B_bear_2022,2022-01-03,2022-12-30,251,-0.02426469134572309,-0.06166048640039046,0.1706528625793406,3.9364732597574954,0.006717704302446448,0.24701195219123506,0.7529880478087649,10.0398406374502
EEM,Frozen S1 (SPY switch),K_bull_2013_14,2013-01-02,2014-12-31,504,-1.0713399444664147,-0.27928590354879634,-0.7875602369423935,18.06256920973587,-0.14225361286607963,0.6865079365079365,0.3134920634920635,12.5
EEM,Frozen S1 (SPY switch),A_bull_2021,2021-01-04,2021-12-31,252,-0.49981761705508837,-0.17329992762064128,-0.8037147090174133,10.53687664611908,-0.08468642747587973,0.7420634920634921,0.2579365079365079,13.0
EEM,Frozen S1 (SPY switch),C_mixed_2023_24,2023-01-03,2024-12-31,502,-0.5169202509913694,-0.11186969564849869,-0.3673139589404123,5.807395882071548,-0.021331375725779478,0.6832669322709163,0.3167330677290837,9.035856573705178
EEM,Frozen S1 (SPY switch),D_recent_2025plus,2025-01-02,2026-09-03,419,0.9850167773896691,-0.16426507001962343,4.063126013722082,5.083863237415249,0.2065637697014726,0.6754176610978521,0.32458233890214794,12.630071599045346
EEM,Frozen S2 (own x_raw>0),FULL,2009-04-17,2026-09-03,4373,0.1574192396020005,-0.435789871178654,0.09496852018016938,28.12027742643511,0.02670541134244364,0.6327463983535331,0.3672536016464669,14.291333180882688
EEM,Frozen S2 (own x_raw>0),E_bear_2018q4,2018-09-04,2019-02-28,122,0.19947645821622936,-0.032126327252926745,2.819525340465806,1.3925828300093626,0.039264225779089834,0.2786885245901639,0.7213114754098361,10.327868852459016
EEM,Frozen S2 (own x_raw>0),X_2020_covid,2020-02-03,2020-12-31,232,1.7572506171116176,-0.07008620159015155,8.017941018240474,4.081876290126832,0.3272824333799118,0.6982758620689655,0.3017241379310345,3.2586206896551726
EEM,Frozen S2 (own x_raw>0),B_bear_2022,2022-01-03,2022-12-30,251,-1.2887620807663562,-0.09035176868100603,-1.3163799371616396,5.462548014381996,-0.07190788611914611,0.13147410358565736,0.8685258964143426,11.043824701195218
EEM,Frozen S2 (own x_raw>0),K_bull_2013_14,2013-01-02,2014-12-31,504,-0.44922224239158765,-0.16039037238515508,-0.5836741018120243,8.997966440188446,-0.05251879980111729,0.5297619047619048,0.47023809523809523,13.5
EEM,Frozen S2 (own x_raw>0),A_bull_2021,2021-01-04,2021-12-31,252,-0.3067638739449052,-0.15491329039316115,-0.4965203627100219,10.506102669843187,-0.05216493908299269,0.5793650793650794,0.4206349206349206,13.0
EEM,Frozen S2 (own x_raw>0),C_mixed_2023_24,2023-01-03,2024-12-31,502,-0.6006869144380996,-0.2331821554270167,-0.21398233767241912,16.90194521880634,-0.036167177491313485,0.7231075697211156,0.27689243027888444,23.593625498007967
EEM,Frozen S2 (own x_raw>0),D_recent_2025plus,2025-01-02,2026-09-03,419,0.9251722592916368,-0.15542431683513447,4.798182430512909,4.894020212563944,0.23482401798499364,0.9093078758949881,0.09069212410501193,9.021479713603819
EEM,Frozen S3 (own InnovLMAR<=1.25),FULL,2009-04-17,2026-09-03,4373,0.1552670866264923,-0.6066545525928587,0.07618717578516808,34.3595655006321,0.026177582566986546,0.776354905099474,0.22364509490052598,19.8234621541276
EEM,Frozen S3 (own InnovLMAR<=1.25),E_bear_2018q4,2018-09-04,2019-02-28,122,0.47624529648073055,-0.1308265403560518,1.6050672362410294,6.0633741977173905,0.09732123265825421,0.680327868852459,0.319672131147541,30.983606557377048
EEM,Frozen S3 (own InnovLMAR<=1.25),X_2020_covid,2020-02-03,2020-12-31,232,1.9392600825754445,-0.06248212593094127,19.468436354226135,2.1881823935286615,0.4260048965985095,0.7758620689655172,0.22413793103448276,7.603448275862069
EEM,Frozen S3 (own InnovLMAR<=1.25),B_bear_2022,2022-01-03,2022-12-30,251,-1.3090674807312868,-0.3280036629745794,-1.0183958058325357,21.173086596573455,-0.21562582586479484,0.6892430278884463,0.31075697211155373,30.119521912350596
EEM,Frozen S3 (own InnovLMAR<=1.25),K_bull_2013_14,2013-01-02,2014-12-31,504,-0.6280153581291922,-0.2726248374157818,-0.5513392885114791,17.099680225498147,-0.09427725529299957,0.7559523809523809,0.24404761904761907,21.5
EEM,Frozen S3 (own InnovLMAR<=1.25),A_bull_2021,2021-01-04,2021-12-31,252,-0.6757677436977177,-0.22049870505578895,-0.9364343284544209,12.158235279743197,-0.11385388889377168,0.8055555555555556,0.19444444444444442,24.0
EEM,Frozen S3 (own InnovLMAR<=1.25),C_mixed_2023_24,2023-01-03,2024-12-31,502,0.07544316966948543,-0.12281428284778173,0.8687110711480452,6.089797819375486,0.052902747867447086,0.7828685258964143,0.2171314741035857,21.083665338645417
EEM,Frozen S3 (own InnovLMAR<=1.25),D_recent_2025plus,2025-01-02,2026-09-03,419,0.6267163583652507,-0.20231422360140894,2.341628039592623,6.206496781106292,0.1453330689027985,0.7398568019093079,0.2601431980906921,16.840095465393794
EEM,Frozen S1xS2,FULL,2009-04-17,2026-09-03,4373,-0.053988235756387434,-0.5368031459849762,-0.0046484894671078155,34.94080666198536,-0.0016242197174048956,0.5046878573061971,0.49531214269380286,15.559112737251313
EEM,Frozen S1xS2,E_bear_2018q4,2018-09-04,2019-02-28,122,1.0802867558394418,-0.032126327252926745,12.438707511515936,0.8238080505726991,0.10247107386705934,0.21311475409836064,0.7868852459016393,2.0655737704918034
EEM,Frozen S1xS2,X_2020_covid,2020-02-03,2020-12-31,232,1.207340213804794,-0.07008620159015155,4.58667583226946,4.29934273278,0.1971969140708536,0.5905172413793104,0.4094827586206896,9.775862068965518
EEM,Frozen S1xS2,B_bear_2022,2022-01-03,2022-12-30,251,-0.5018751606279569,-0.03141506811231587,-1.4906864349777131,0.7049761916442951,-0.010508984458663995,0.06374501992031872,0.9362549800796813,4.01593625498008
EEM,Frozen S1xS2,K_bull_2013_14,2013-01-02,2014-12-31,504,-0.9675558655035471,-0.2088118821428917,-0.7219155680382989,13.126374039054243,-0.09476133770687023,0.4503968253968254,0.5496031746031746,18.5
EEM,Frozen S1xS2,A_bull_2021,2021-01-04,2021-12-31,252,-0.3146877867045199,-0.13858373919729394,-0.4721664784417694,10.198391078467852,-0.04815338401292124,0.5119047619047619,0.48809523809523814,19.0
EEM,Frozen S1xS2,C_mixed_2023_24,2023-01-03,2024-12-31,502,-1.0933682202384598,-0.1921650081605819,-0.5312992350407346,14.729108460369462,-0.07825564057826306,0.5756972111553785,0.42430278884462147,20.0796812749004
EEM,Frozen S1xS2,D_recent_2025plus,2025-01-02,2026-09-03,419,0.8066780768271813,-0.1642650700196232,3.3661556387082894,5.111670607904144,0.17206678840015965,0.6610978520286396,0.3389021479713604,15.035799522673031
EEM,Frozen stack S1xS2xS3,FULL,2009-04-17,2026-09-03,4373,0.05610918587082749,-0.42360105811357696,0.05566273310370538,24.315722465598206,0.013534795698263657,0.44546078207180423,0.5545392179281958,17.86416647610336
EEM,Frozen stack S1xS2xS3,E_bear_2018q4,2018-09-04,2019-02-28,122,1.0802867558394418,-0.032126327252926745,12.438707511515936,0.8238080505726991,0.10247107386705934,0.21311475409836064,0.7868852459016393,2.0655737704918034
EEM,Frozen stack S1xS2xS3,X_2020_covid,2020-02-03,2020-12-31,232,1.2615127154993233,-0.06248212593094116,7.521127186333696,2.5701419642450056,0.193303646000202,0.521551724137931,0.47844827586206895,11.948275862068966
EEM,Frozen stack S1xS2xS3,B_bear_2022,2022-01-03,2022-12-30,251,-0.13817247010617353,-0.0329755385676922,0.8987895106813524,0.6802015417035443,0.006113580108324301,0.04780876494023904,0.952191235059761,6.0239043824701195
EEM,Frozen stack S1xS2xS3,K_bull_2013_14,2013-01-02,2014-12-31,504,-0.9776040214119645,-0.2133818071065985,-0.6544267069838954,13.011360391824356,-0.085149817346023,0.39285714285714285,0.6071428571428572,19.5
EEM,Frozen stack S1xS2xS3,A_bull_2021,2021-01-04,2021-12-31,252,-0.1175319298162002,-0.10137355332136588,-0.29000575549185953,7.106473479230647,-0.020609182102271473,0.42857142857142855,0.5714285714285714,23.0
EEM,Frozen stack S1xS2xS3,C_mixed_2023_24,2023-01-03,2024-12-31,502,-1.0511055706795425,-0.17747849491034684,-0.4764069796451925,12.94447022423751,-0.06166835962636119,0.47808764940239046,0.5219123505976095,27.10756972111554
EEM,Frozen stack S1xS2xS3,D_recent_2025plus,2025-01-02,2026-09-03,419,0.6481393342080545,-0.1491720399113149,2.727402546743936,4.8724492994380535,0.13289130628168055,0.5775656324582339,0.4224343675417661,17.441527446300714
EEM,PARIS trend λ5,FULL,2009-04-17,2026-09-03,4373,0.2942655440749123,-0.35507031684932455,0.24407992007556506,19.852200518737973,0.04845523515937655,0.5552252458266637,0.44477475417333634,2.247427395380745
EEM,PARIS trend λ5,E_bear_2018q4,2018-09-04,2019-02-28,122,,0.0,inf,0.0,0.02551891198769396,0.0,1.0,0.0
EEM,PARIS trend λ5,X_2020_covid,2020-02-03,2020-12-31,232,1.4040611217052161,-0.14143798496651439,3.8816677375505626,6.433889685816557,0.24974222020393455,0.7025862068965517,0.2974137931034483,2.1724137931034484
EEM,PARIS trend λ5,B_bear_2022,2022-01-03,2022-12-30,251,,0.0,inf,0.0,0.01293306058653898,0.0,1.0,0.0
EEM,PARIS trend λ5,K_bull_2013_14,2013-01-02,2014-12-31,504,-0.41420658877641436,-0.16907618674262248,-0.37918784607585493,8.7598683132942,-0.0332163559762616,0.18253968253968253,0.8174603174603174,4.5
EEM,PARIS trend λ5,A_bull_2021,2021-01-04,2021-12-31,252,-0.23637906905182027,-0.15701462273347544,-0.5875802872759055,9.27903119391674,-0.05452175814563687,0.9047619047619048,0.09523809523809523,1.0
EEM,PARIS trend λ5,C_mixed_2023_24,2023-01-03,2024-12-31,502,-0.3213327516046267,-0.10212201591511894,0.1407521465398904,5.216974675405794,0.007343003840076134,0.549800796812749,0.45019920318725104,2.50996015936255
EEM,PARIS trend λ5,D_recent_2025plus,2025-01-02,2026-09-03,419,1.2549536142656463,-0.1503178928247042,8.066137667294955,4.38839715633864,0.3539741560179317,1.0,0.0,0.0
EEM,PARIS risk λ50,FULL,2009-04-17,2026-09-03,4373,0.1531536236838895,-0.4274697985966527,0.13890395212484088,18.288285702774086,0.025403151617035435,0.7877887034072719,0.21221129659272808,0.6915161216556139
EEM,PARIS risk λ50,E_bear_2018q4,2018-09-04,2019-02-28,122,,0.0,inf,0.0,0.02551891198769396,0.0,1.0,0.0
EEM,PARIS risk λ50,X_2020_covid,2020-02-03,2020-12-31,232,-0.33280969319974363,-0.25620973906106725,-0.3339500033778053,21.87335246223165,-0.07304606128646185,0.3879310344827586,0.6120689655172413,4.344827586206897
EEM,PARIS risk λ50,B_bear_2022,2022-01-03,2022-12-30,251,-0.9137893911415197,-0.32701111837802477,-1.0208486207502638,20.191950867133233,-0.20612925192970055,1.0,0.0,0.0
EEM,PARIS risk λ50,K_bull_2013_14,2013-01-02,2014-12-31,504,-0.1360442007205569,-0.18961424332344168,-0.4478553672787276,8.435461432903772,-0.0377786667819866,1.0,0.0,0.0
EEM,PARIS risk λ50,A_bull_2021,2021-01-04,2021-12-31,252,-0.11911278650045208,-0.16611425229089383,-0.40142913617511033,9.09717143253878,-0.036518696698009334,1.0,0.0,0.0
EEM,PARIS risk λ50,C_mixed_2023_24,2023-01-03,2024-12-31,502,0.23365838139737743,-0.13372389200203705,1.2476917045807203,6.208528710837484,0.07746329770163163,1.0,0.0,0.0
EEM,PARIS risk λ50,D_recent_2025plus,2025-01-02,2026-09-03,419,0.6402275233248514,-0.1503178928247042,2.3807286178158917,6.057155988148049,0.14420444603558957,0.60381861575179,0.39618138424821003,1.8042959427207637
EEM,PARIS gate,FULL,2009-04-17,2026-09-03,4373,0.25513719407498175,-0.3452489170941815,0.21378052374974202,19.02395723170579,0.04066951540786756,0.49759890235536247,0.5024010976446376,2.881317173565058
EEM,PARIS gate,E_bear_2018q4,2018-09-04,2019-02-28,122,,0.0,inf,0.0,0.02551891198769396,0.0,1.0,0.0
EEM,PARIS gate,X_2020_covid,2020-02-03,2020-12-31,232,1.425528775358353,-0.11761681110706745,2.7910341927561433,6.8895322098531855,0.19228919969795033,0.5258620689655172,0.47413793103448276,5.431034482758621
EEM,PARIS gate,B_bear_2022,2022-01-03,2022-12-30,251,,0.0,inf,0.0,0.01293306058653898,0.0,1.0,0.0
EEM,PARIS gate,K_bull_2013_14,2013-01-02,2014-12-31,504,-0.41420658877641436,-0.16907618674262248,-0.37918784607585493,8.7598683132942,-0.0332163559762616,0.18253968253968253,0.8174603174603174,4.5
EEM,PARIS gate,A_bull_2021,2021-01-04,2021-12-31,252,-0.23637906905182027,-0.15701462273347544,-0.5875802872759055,9.27903119391674,-0.05452175814563687,0.9047619047619048,0.09523809523809523,1.0
EEM,PARIS gate,C_mixed_2023_24,2023-01-03,2024-12-31,502,-0.3213327516046267,-0.10212201591511894,0.1407521465398904,5.216974675405794,0.007343003840076134,0.549800796812749,0.45019920318725104,2.50996015936255
EEM,PARIS gate,D_recent_2025plus,2025-01-02,2026-09-03,419,1.077507750053387,-0.1503178928247042,6.568739836332474,3.7855942780342016,0.24866583938315534,0.801909307875895,0.19809069212410502,1.8042959427207637
EEM,PARIS graded,FULL,2009-04-17,2026-09-03,4373,0.23939072564961064,-0.33944682280259475,0.23528439793559744,16.904191628929077,0.03977292550000544,0.6715069746169677,0.32849302538303227,2.938943517036359
EEM,PARIS graded,E_bear_2018q4,2018-09-04,2019-02-28,122,,0.0,inf,0.0,0.02551891198769396,0.0,1.0,0.0
EEM,PARIS graded,X_2020_covid,2020-02-03,2020-12-31,232,0.5769959077846544,-0.19325033133620273,0.611827877364987,13.353963534335586,0.08170327163621982,0.5452586206896551,0.45474137931034486,6.517241379310345
EEM,PARIS graded,B_bear_2022,2022-01-03,2022-12-30,251,-0.9137893911415196,-0.17257708457328702,-0.9407382142325428,10.314323803098532,-0.09703078555543121,0.5,0.5,0.0
EEM,PARIS graded,K_bull_2013_14,2013-01-02,2014-12-31,504,-0.25223498154329677,-0.15732413853796479,-0.4173562515349779,7.800583321117689,-0.03255622214687948,0.5912698412698413,0.4087301587301587,4.5
EEM,PARIS graded,A_bull_2021,2021-01-04,2021-12-31,252,-0.1781734248774336,-0.16144558222005323,-0.49375566473464266,9.184662269447038,-0.04534979024214014,0.9523809523809523,0.04761904761904767,1.0
EEM,PARIS graded,C_mixed_2023_24,2023-01-03,2024-12-31,502,-0.001768811035154375,-0.1029390790377569,0.8410567668908809,5.140649355173369,0.04323577926381805,0.7749003984063745,0.22509960159362552,2.50996015936255
EEM,PARIS graded,D_recent_2025plus,2025-01-02,2026-09-03,419,1.077507750053387,-0.1503178928247042,6.568739836332474,3.7855942780342016,0.24866583938315534,0.801909307875895,0.19809069212410502,1.8042959427207637
EEM,PARIS trend λ5 x S1 (exploratory),FULL,2009-04-17,2026-09-03,4373,-0.06544856354669432,-0.4361422998844354,-0.00012533618758226895,29.931450625692513,-3.7514939102312184e-05,0.40269837640064027,0.5973016235993598,9.047335924994282
EEM,PARIS trend λ5 x S1 (exploratory),E_bear_2018q4,2018-09-04,2019-02-28,122,,0.0,inf,0.0,0.02551891198769396,0.0,1.0,0.0
EEM,PARIS trend λ5 x S1 (exploratory),X_2020_covid,2020-02-03,2020-12-31,232,0.7838846383174718,-0.11675601356381538,2.326682995356295,4.991257955492407,0.11613075010481011,0.5689655172413793,0.43103448275862066,9.775862068965518
EEM,PARIS trend λ5 x S1 (exploratory),B_bear_2022,2022-01-03,2022-12-30,251,,0.0,inf,0.0,0.01293306058653898,0.0,1.0,0.0
EEM,PARIS trend λ5 x S1 (exploratory),K_bull_2013_14,2013-01-02,2014-12-31,504,-0.6102553803735051,-0.11377999170336661,-0.45505214000999933,8.692091056084342,-0.03955354636232955,0.15079365079365079,0.8492063492063492,4.5
EEM,PARIS trend λ5 x S1 (exploratory),A_bull_2021,2021-01-04,2021-12-31,252,-0.5196110726158045,-0.17412662769302056,-0.8265717731898058,10.577123657798767,-0.08742751857074571,0.7341269841269841,0.2658730158730159,13.0
EEM,PARIS trend λ5 x S1 (exploratory),C_mixed_2023_24,2023-01-03,2024-12-31,502,-0.8429248357473276,-0.11186969564849925,-0.809740380761736,4.242068648864846,-0.034349742829492436,0.3884462151394422,0.6115537848605578,8.03187250996016
EEM,PARIS trend λ5 x S1 (exploratory),D_recent_2025plus,2025-01-02,2026-09-03,419,0.9850167773896691,-0.16426507001962343,4.063126013722082,5.083863237415249,0.2065637697014726,0.6754176610978521,0.32458233890214794,12.630071599045346
EEM,F1 risk+logFQ λ50,FULL,2009-04-17,2026-09-03,4373,0.10449179861247604,-0.42745911592027397,0.09355533409265993,18.31520548566636,0.017134851681872343,0.6963183169448891,0.3036816830551109,0.6915161216556139
EEM,F1 risk+logFQ λ50,E_bear_2018q4,2018-09-04,2019-02-28,122,,0.0,inf,0.0,0.02551891198769396,0.0,1.0,0.0
EEM,F1 risk+logFQ λ50,X_2020_covid,2020-02-03,2020-12-31,232,-1.194222439805955,-0.16566565786098963,-0.7693933533172497,15.669613540537206,-0.12056096507139302,0.10775862068965517,0.8922413793103449,1.0862068965517242
EEM,F1 risk+logFQ λ50,B_bear_2022,2022-01-03,2022-12-30,251,-0.7449318675572086,-0.2884187420317267,-0.9225805550118253,17.388014369571987,-0.16041843947633316,0.8366533864541833,0.1633466135458167,2.00796812749004
EEM,F1 risk+logFQ λ50,K_bull_2013_14,2013-01-02,2014-12-31,504,-0.1360442007205569,-0.18961424332344168,-0.4478553672787276,8.435461432903772,-0.0377786667819866,1.0,0.0,0.0
EEM,F1 risk+logFQ λ50,A_bull_2021,2021-01-04,2021-12-31,252,-0.16043033998777934,-0.16611425229089527,-0.4784480311151246,9.097171432538891,-0.0435252376061499,0.996031746031746,0.003968253968253954,1.0
EEM,F1 risk+logFQ λ50,C_mixed_2023_24,2023-01-03,2024-12-31,502,0.23365838139737743,-0.13372389200203705,1.2476917045807203,6.208528710837484,0.07746329770163163,1.0,0.0,0.0
EEM,F1 risk+logFQ λ50,D_recent_2025plus,2025-01-02,2026-09-03,419,0.712832342779687,-0.1503178928247042,2.7895331719951684,5.494232492886489,0.1532634379356057,0.5632458233890215,0.4367541766109785,1.8042959427207637
EEM,F1 gate (trend λ5 x F1),FULL,2009-04-17,2026-09-03,4373,0.20145783408751536,-0.34197498387999303,0.16846142983957246,19.367991205734906,0.03262759491638367,0.47530299565515666,0.5246970043448433,2.7084381431511546
EEM,F1 gate (trend λ5 x F1),E_bear_2018q4,2018-09-04,2019-02-28,122,,0.0,inf,0.0,0.02551891198769396,0.0,1.0,0.0
EEM,F1 gate (trend λ5 x F1),X_2020_covid,2020-02-03,2020-12-31,232,0.939005120480245,-0.11761681110706745,1.4233379755345967,6.937428008981869,0.09874304737721262,0.3922413793103448,0.6077586206896552,2.1724137931034484
EEM,F1 gate (trend λ5 x F1),B_bear_2022,2022-01-03,2022-12-30,251,,0.0,inf,0.0,0.01293306058653898,0.0,1.0,0.0
EEM,F1 gate (trend λ5 x F1),K_bull_2013_14,2013-01-02,2014-12-31,504,-0.41420658877641436,-0.16907618674262248,-0.37918784607585493,8.7598683132942,-0.0332163559762616,0.18253968253968253,0.8174603174603174,4.5
EEM,F1 gate (trend λ5 x F1),A_bull_2021,2021-01-04,2021-12-31,252,-0.2577637842895792,-0.15701462273347644,-0.6246452028608962,9.279031193916826,-0.057961023224767594,0.9027777777777778,0.09722222222222221,2.0
EEM,F1 gate (trend λ5 x F1),C_mixed_2023_24,2023-01-03,2024-12-31,502,-0.3213327516046267,-0.10212201591511894,0.1407521465398904,5.216974675405794,0.007343003840076134,0.549800796812749,0.45019920318725104,2.50996015936255
EEM,F1 gate (trend λ5 x F1),D_recent_2025plus,2025-01-02,2026-09-03,419,1.1252016998185423,-0.1503178928247042,6.937263935819228,3.6604481268200852,0.25393494779126025,0.7816229116945107,0.2183770883054893,1.8042959427207637
EEM,F2 risk+logInnov λ50,FULL,2009-04-17,2026-09-03,4373,0.18867428220982171,-0.3985766978223333,0.19140339314331922,16.857787473374458,0.032266377232928134,0.7795563686256575,0.22044363137434253,0.8067688085982163
EEM,F2 risk+logInnov λ50,E_bear_2018q4,2018-09-04,2019-02-28,122,,0.0,inf,0.0,0.02551891198769396,0.0,1.0,0.0
EEM,F2 risk+logInnov λ50,X_2020_covid,2020-02-03,2020-12-31,232,0.22512939238933508,-0.16566565786098963,0.1751280059205012,14.53447997874189,0.02545394495768516,0.28448275862068967,0.7155172413793103,2.1724137931034484
EEM,F2 risk+logInnov λ50,B_bear_2022,2022-01-03,2022-12-30,251,-0.9137893911415197,-0.32701111837802477,-1.0208486207502638,20.191950867133233,-0.20612925192970055,1.0,0.0,0.0
EEM,F2 risk+logInnov λ50,K_bull_2013_14,2013-01-02,2014-12-31,504,-0.1360442007205569,-0.18961424332344168,-0.4478553672787276,8.435461432903772,-0.0377786667819866,1.0,0.0,0.0
EEM,F2 risk+logInnov λ50,A_bull_2021,2021-01-04,2021-12-31,252,-0.11911278650045208,-0.16611425229089383,-0.40142913617511033,9.09717143253878,-0.036518696698009334,1.0,0.0,0.0
EEM,F2 risk+logInnov λ50,C_mixed_2023_24,2023-01-03,2024-12-31,502,0.23365838139737743,-0.13372389200203705,1.2476917045807203,6.208528710837484,0.07746329770163163,1.0,0.0,0.0
EEM,F2 risk+logInnov λ50,D_recent_2025plus,2025-01-02,2026-09-03,419,0.8880908750407794,-0.1503178928247042,3.175832536122131,5.941651452129966,0.1886968999997165,0.630071599045346,0.36992840095465396,1.8042959427207637
EEM,F2 gate (trend λ5 x F2),FULL,2009-04-17,2026-09-03,4373,0.26641917064170706,-0.3452489170941815,0.22174794349824717,19.04030480752518,0.04222148434648498,0.49656986050766067,0.5034301394923393,2.7660644866224557
EEM,F2 gate (trend λ5 x F2),E_bear_2018q4,2018-09-04,2019-02-28,122,,0.0,inf,0.0,0.02551891198769396,0.0,1.0,0.0
EEM,F2 gate (trend λ5 x F2),X_2020_covid,2020-02-03,2020-12-31,232,1.4545835057489225,-0.11761681110706745,2.6775458639621976,6.934289561872352,0.18566878335907555,0.48060344827586204,0.5193965517241379,3.2586206896551726
EEM,F2 gate (trend λ5 x F2),B_bear_2022,2022-01-03,2022-12-30,251,,0.0,inf,0.0,0.01293306058653898,0.0,1.0,0.0
EEM,F2 gate (trend λ5 x F2),K_bull_2013_14,2013-01-02,2014-12-31,504,-0.41420658877641436,-0.16907618674262248,-0.37918784607585493,8.7598683132942,-0.0332163559762616,0.18253968253968253,0.8174603174603174,4.5
EEM,F2 gate (trend λ5 x F2),A_bull_2021,2021-01-04,2021-12-31,252,-0.23637906905182027,-0.15701462273347544,-0.5875802872759055,9.27903119391674,-0.05452175814563687,0.9047619047619048,0.09523809523809523,1.0
EEM,F2 gate (trend λ5 x F2),C_mixed_2023_24,2023-01-03,2024-12-31,502,-0.3213327516046267,-0.10212201591511894,0.1407521465398904,5.216974675405794,0.007343003840076134,0.549800796812749,0.45019920318725104,2.50996015936255
EEM,F2 gate (trend λ5 x F2),D_recent_2025plus,2025-01-02,2026-09-03,419,1.1941020555077937,-0.1503178928247042,7.2650060070203555,3.7555262465824004,0.27283920740943746,0.815035799522673,0.18496420047732698,1.8042959427207637
EEM,T1 trend+LLTdrift λ5,FULL,2009-04-17,2026-09-03,4373,0.329596710905287,-0.33574291398239364,0.30959361766021287,17.3634576824802,0.0537561567900906,0.5613994969128745,0.4386005030871255,2.247427395380745
EEM,T1 trend+LLTdrift λ5,E_bear_2018q4,2018-09-04,2019-02-28,122,,0.0,inf,0.0,0.02551891198769396,0.0,1.0,0.0
EEM,T1 trend+LLTdrift λ5,X_2020_covid,2020-02-03,2020-12-31,232,1.444586203839648,-0.13612559737238827,4.087863778776468,6.314885344166732,0.2581439106554555,0.7068965517241379,0.2931034482758621,2.1724137931034484
EEM,T1 trend+LLTdrift λ5,B_bear_2022,2022-01-03,2022-12-30,251,,0.0,inf,0.0,0.01293306058653898,0.0,1.0,0.0
EEM,T1 trend+LLTdrift λ5,K_bull_2013_14,2013-01-02,2014-12-31,504,-0.48573491192963986,-0.19582312128077128,-0.4289016260386815,11.402083232961129,-0.04890372038845414,0.2619047619047619,0.7380952380952381,3.5
EEM,T1 trend+LLTdrift λ5,A_bull_2021,2021-01-04,2021-12-31,252,-0.2136903323548296,-0.15617079352700247,-0.5507330708362929,9.22552252430461,-0.05080800349879666,0.9087301587301587,0.09126984126984128,1.0
EEM,T1 trend+LLTdrift λ5,C_mixed_2023_24,2023-01-03,2024-12-31,502,-0.1744181314370509,-0.10212201591511838,0.5160851024408819,4.559895498063626,0.023532941352378822,0.5537848605577689,0.4462151394422311,2.50996015936255
EEM,T1 trend+LLTdrift λ5,D_recent_2025plus,2025-01-02,2026-09-03,419,1.123910582422124,-0.1503178928247042,6.676854181041258,4.662742747780205,0.31132453410636063,0.9737470167064439,0.026252983293556076,1.2028639618138424
EEM,T2 trend+TS λ5,FULL,2009-04-17,2026-09-03,4373,0.329596710905287,-0.33574291398239364,0.30959361766021287,17.3634576824802,0.0537561567900906,0.5613994969128745,0.4386005030871255,2.247427395380745
EEM,T2 trend+TS λ5,E_bear_2018q4,2018-09-04,2019-02-28,122,,0.0,inf,0.0,0.02551891198769396,0.0,1.0,0.0
EEM,T2 trend+TS λ5,X_2020_covid,2020-02-03,2020-12-31,232,1.444586203839648,-0.13612559737238827,4.087863778776468,6.314885344166732,0.2581439106554555,0.7068965517241379,0.2931034482758621,2.1724137931034484
EEM,T2 trend+TS λ5,B_bear_2022,2022-01-03,2022-12-30,251,,0.0,inf,0.0,0.01293306058653898,0.0,1.0,0.0
EEM,T2 trend+TS λ5,K_bull_2013_14,2013-01-02,2014-12-31,504,-0.48573491192963986,-0.19582312128077128,-0.4289016260386815,11.402083232961129,-0.04890372038845414,0.2619047619047619,0.7380952380952381,3.5
EEM,T2 trend+TS λ5,A_bull_2021,2021-01-04,2021-12-31,252,-0.2136903323548296,-0.15617079352700247,-0.5507330708362929,9.22552252430461,-0.05080800349879666,0.9087301587301587,0.09126984126984128,1.0
EEM,T2 trend+TS λ5,C_mixed_2023_24,2023-01-03,2024-12-31,502,-0.1744181314370509,-0.10212201591511838,0.5160851024408819,4.559895498063626,0.023532941352378822,0.5537848605577689,0.4462151394422311,2.50996015936255
EEM,T2 trend+TS λ5,D_recent_2025plus,2025-01-02,2026-09-03,419,1.123910582422124,-0.1503178928247042,6.676854181041258,4.662742747780205,0.31132453410636063,0.9737470167064439,0.026252983293556076,1.2028639618138424
TLT,Buy & hold,FULL,2008-08-01,2026-09-03,4551,0.14171254163194255,-0.4835396736072032,0.10873292066372973,22.02797306249514,0.023951658473870596,1.0,0.0,0.0
TLT,Buy & hold,E_bear_2018q4,2018-09-04,2019-02-28,122,-0.10416656421796129,-0.06798039829006397,0.34383916984837404,3.4554864708512865,0.01188131599559794,1.0,0.0,0.0
TLT,Buy & hold,X_2020_covid,2020-02-03,2020-12-31,232,0.5443186467912728,-0.15728265494256122,2.0442841004374057,5.185770143959952,0.10601187453820327,1.0,0.0,0.0
TLT,Buy & hold,B_bear_2022,2022-01-03,2022-12-30,251,-1.8086254981373204,-0.3665230572841863,-1.4101136031964725,22.229099251835155,-0.3134555524181728,1.0,0.0,0.0
TLT,Buy & hold,K_bull_2013_14,2013-01-02,2014-12-31,504,0.46770843066825596,-0.17062107466852827,0.5487556925603551,9.136320398619615,0.05013607827797806,1.0,0.0,0.0
TLT,Buy & hold,A_bull_2021,2021-01-04,2021-12-31,252,-0.2710676779010655,-0.148945886292716,-0.5668180549094679,8.123616005647012,-0.0460461222315226,1.0,0.0,0.0
TLT,Buy & hold,C_mixed_2023_24,2023-01-03,2024-12-31,502,-0.3980226162768991,-0.2243819987323048,-0.27425493999954953,10.230973716236006,-0.02805895082683274,1.0,0.0,0.0
TLT,Buy & hold,D_recent_2025plus,2025-01-02,2026-09-03,419,-0.30956618124998314,-0.09226020349834185,0.08620432039973112,4.46030679825866,0.003844977163181884,1.0,0.0,0.0
TLT,Frozen S1 (SPY switch),FULL,2008-08-01,2026-09-03,4551,-0.026004085302002274,-0.26228707527860906,0.03314704682450783,15.050749822833165,0.004988879091214038,0.6337068776093167,0.36629312239068335,13.12326961107449
TLT,Frozen S1 (SPY switch),E_bear_2018q4,2018-09-04,2019-02-28,122,-2.6158693482059263,-0.06558992805755415,-2.197972218266381,5.515690602172712,-0.12123334708128586,0.4180327868852459,0.5819672131147541,4.131147540983607
TLT,Frozen S1 (SPY switch),X_2020_covid,2020-02-03,2020-12-31,232,0.08484775259695555,-0.08384211273605047,0.20097792221048982,3.8749553866498263,0.007787804822672273,0.7068965517241379,0.2931034482758621,9.775862068965518
TLT,Frozen S1 (SPY switch),B_bear_2022,2022-01-03,2022-12-30,251,0.1875433700040888,-0.09728807448024457,0.47053473565103493,5.84107434503199,0.027484283728576697,0.24701195219123506,0.7529880478087649,10.0398406374502
TLT,Frozen S1 (SPY switch),K_bull_2013_14,2013-01-02,2014-12-31,504,0.21659505396406686,-0.14276627178906964,0.20593969542957147,7.987186810752483,0.016448788191454566,0.6865079365079365,0.3134920634920635,12.5
TLT,Frozen S1 (SPY switch),A_bull_2021,2021-01-04,2021-12-31,252,-0.13971026945714532,-0.1401493346402961,-0.2987862476362345,7.852101970654611,-0.02346100083868974,0.7420634920634921,0.2579365079365079,13.0
TLT,Frozen S1 (SPY switch),C_mixed_2023_24,2023-01-03,2024-12-31,502,-1.0380013054674155,-0.1975559389032986,-0.7552125442425363,11.202693506289812,-0.08460414665254468,0.6832669322709163,0.3167330677290837,9.035856573705178
TLT,Frozen S1 (SPY switch),D_recent_2025plus,2025-01-02,2026-09-03,419,0.1258678455065689,-0.05861666021614731,2.0760523827960564,2.5330321746801983,0.05258707481943903,0.6754176610978521,0.32458233890214794,12.630071599045346
TLT,Frozen S2 (own x_raw>0),FULL,2008-08-01,2026-09-03,4551,-0.05339433182506124,-0.3713330071184445,0.0026386131403922475,21.01447839904412,0.0005544907884220684,0.5572401669962646,0.44275983300373545,16.002636783124586
TLT,Frozen S2 (own x_raw>0),E_bear_2018q4,2018-09-04,2019-02-28,122,0.4273656473317029,-0.03219945493085641,3.197995476871849,1.640450036723061,0.052461517974746075,0.5,0.5,8.262295081967213
TLT,Frozen S2 (own x_raw>0),X_2020_covid,2020-02-03,2020-12-31,232,0.4346411690537264,-0.15728265494256122,1.2767260330431471,6.048206311421747,0.07721902451008011,0.7241379310344828,0.27586206896551724,7.603448275862069
TLT,Frozen S2 (own x_raw>0),B_bear_2022,2022-01-03,2022-12-30,251,-0.8780139057897486,-0.05354524489580048,-1.4423869940582001,2.674382612415457,-0.03857494697283448,0.055776892430278883,0.9442231075697212,3.0119521912350598
TLT,Frozen S2 (own x_raw>0),K_bull_2013_14,2013-01-02,2014-12-31,504,1.1472688708883851,-0.06797210976864065,2.7316116140881057,3.4868083759320343,0.09524606255795631,0.5476190476190477,0.45238095238095233,4.5
TLT,Frozen S2 (own x_raw>0),A_bull_2021,2021-01-04,2021-12-31,252,-0.6381649327608987,-0.10204332818777995,-1.6401065575237992,4.002357816522689,-0.06564293300435498,0.45634920634920634,0.5436507936507937,17.0
TLT,Frozen S2 (own x_raw>0),C_mixed_2023_24,2023-01-03,2024-12-31,502,-1.2666571736726877,-0.18379931214043033,-0.6945019616104693,12.641641869031995,-0.0877964507601976,0.4581673306772908,0.5418326693227091,26.103585657370516
TLT,Frozen S2 (own x_raw>0),D_recent_2025plus,2025-01-02,2026-09-03,419,-1.1750718398103808,-0.11042828631570978,-0.5787100755242489,6.959979037889942,-0.040278099946644774,0.42720763723150357,0.5727923627684964,22.854415274463005
TLT,Frozen S3 (own InnovLMAR<=1.25),FULL,2008-08-01,2026-09-03,4551,-0.05623135123497252,-0.4476107902375742,-0.004474685636006578,19.890424033603676,-0.0008900339471724639,0.7690617446715008,0.2309382553284992,21.59525379037574
TLT,Frozen S3 (own InnovLMAR<=1.25),E_bear_2018q4,2018-09-04,2019-02-28,122,-0.9032545446419767,-0.061779366955024284,-1.5499901356955443,3.1987432867055596,-0.04958020541015962,0.7622950819672131,0.23770491803278693,33.049180327868854
TLT,Frozen S3 (own InnovLMAR<=1.25),X_2020_covid,2020-02-03,2020-12-31,232,0.45764040847682524,-0.1031418232341954,1.2024066072408424,5.0376661667605225,0.06057323083986499,0.8706896551724138,0.1293103448275862,6.517241379310345
TLT,Frozen S3 (own InnovLMAR<=1.25),B_bear_2022,2022-01-03,2022-12-30,251,-1.7459488370687795,-0.2978887173246967,-1.708045389753515,14.91122353874198,-0.25469046620932334,0.6573705179282868,0.3426294820717132,32.12749003984064
TLT,Frozen S3 (own InnovLMAR<=1.25),K_bull_2013_14,2013-01-02,2014-12-31,504,0.40812195561804326,-0.16860264623899124,0.4839888434668106,7.8665867927257365,0.03807340243842616,0.7976190476190477,0.20238095238095233,21.5
TLT,Frozen S3 (own InnovLMAR<=1.25),A_bull_2021,2021-01-04,2021-12-31,252,0.021057494607195755,-0.12391703684493738,-0.07805850599197946,5.686177863363242,-0.004438545488188006,0.7023809523809523,0.29761904761904767,34.0
TLT,Frozen S3 (own InnovLMAR<=1.25),C_mixed_2023_24,2023-01-03,2024-12-31,502,-0.6722772809591927,-0.21559649824515326,-0.4979114329334783,10.638989000924855,-0.05297274258414009,0.796812749003984,0.20318725099601598,20.0796812749004
TLT,Frozen S3 (own InnovLMAR<=1.25),D_recent_2025plus,2025-01-02,2026-09-03,419,-0.5621908567539349,-0.10252293047329919,-0.35807087395209153,4.34376786702467,-0.015553767563905363,0.8257756563245824,0.17422434367541761,20.44868735083532
TLT,Frozen S1xS2,FULL,2008-08-01,2026-09-03,4551,-0.30030015682744304,-0.3484088741517838,-0.06599077910337686,20.069690041943396,-0.013244144822311288,0.34344100197758737,0.6565589980224127,18.051417270929466
TLT,Frozen S1xS2,E_bear_2018q4,2018-09-04,2019-02-28,122,-1.2174518911650034,-0.019618493635121248,-1.8053781852567319,1.4051898129841052,-0.0253689903450649,0.23770491803278687,0.7622950819672132,8.262295081967213
TLT,Frozen S1xS2,X_2020_covid,2020-02-03,2020-12-31,232,-0.09393495319336977,-0.08475827062331442,-0.18861608022874718,4.5736292009853345,-0.008626600123095907,0.45689655172413796,0.5431034482758621,13.03448275862069
TLT,Frozen S1xS2,B_bear_2022,2022-01-03,2022-12-30,251,0.2669919585291197,-0.02866814767798609,5.003111653261462,0.48162249964610654,0.0240961114045235,0.043824701195219126,0.9561752988047809,2.00796812749004
TLT,Frozen S1xS2,K_bull_2013_14,2013-01-02,2014-12-31,504,0.7840805245352982,-0.06822051815372976,1.3845937653050997,3.7374369753781918,0.051748319343293936,0.3611111111111111,0.6388888888888888,11.0
TLT,Frozen S1xS2,A_bull_2021,2021-01-04,2021-12-31,252,0.37537912906659016,-0.05075440214356408,1.969091323603785,1.4216768126141168,0.027994114766871414,0.3253968253968254,0.6746031746031746,12.0
TLT,Frozen S1xS2,C_mixed_2023_24,2023-01-03,2024-12-31,502,-1.647756340302646,-0.226304627233478,-0.805193871635952,13.2034348416041,-0.10631324819004229,0.3605577689243028,0.6394422310756972,25.099601593625497
TLT,Frozen S1xS2,D_recent_2025plus,2025-01-02,2026-09-03,419,-0.3906998574619904,-0.10167274152212114,0.47311816451853406,4.7610911385420245,0.0225255870057246,0.26968973747016706,0.730310262529833,19.245823389021478
TLT,Frozen stack S1xS2xS3,FULL,2008-08-01,2026-09-03,4551,-0.4362814944891753,-0.3995113527046603,-0.0889525249213408,22.08273166058684,-0.019643147383696324,0.2821357943309163,0.7178642056690837,20.70929466051417
TLT,Frozen stack S1xS2xS3,E_bear_2018q4,2018-09-04,2019-02-28,122,-1.2174518911650034,-0.019618493635121248,-1.8053781852567319,1.4051898129841052,-0.0253689903450649,0.23770491803278687,0.7622950819672132,8.262295081967213
TLT,Frozen stack S1xS2xS3,X_2020_covid,2020-02-03,2020-12-31,232,-0.2865093782013545,-0.08475827062331376,-0.5648164438710207,4.578855277061619,-0.025862127545900004,0.4396551724137931,0.5603448275862069,15.206896551724139
TLT,Frozen stack S1xS2xS3,B_bear_2022,2022-01-03,2022-12-30,251,-0.15265160573935313,-0.037856318809774026,0.6243493213633544,0.847711750993454,0.005292682564445039,0.03187250996015936,0.9681274900398407,4.01593625498008
TLT,Frozen stack S1xS2xS3,K_bull_2013_14,2013-01-02,2014-12-31,504,0.506600862118139,-0.07075554320622579,0.7575528452122107,3.979574587350781,0.030147380513817934,0.2916666666666667,0.7083333333333333,21.0
TLT,Frozen stack S1xS2xS3,A_bull_2021,2021-01-04,2021-12-31,252,0.5144812544102891,-0.037860114364778874,2.40941882968515,1.412755816434788,0.034039204658651956,0.21825396825396826,0.7817460317460317,22.0
TLT,Frozen stack S1xS2xS3,C_mixed_2023_24,2023-01-03,2024-12-31,502,-1.9119973524376497,-0.20737950793853055,-0.8760647450806089,12.26596694769156,-0.10745781207196581,0.2968127490039841,0.703187250996016,26.103585657370516
TLT,Frozen stack S1xS2xS3,D_recent_2025plus,2025-01-02,2026-09-03,419,-0.6478814843437158,-0.10167274152212047,0.2149666405938072,4.781985669730314,0.010279673947896528,0.25059665871121717,0.7494033412887828,21.651551312649165
TLT,PARIS trend λ5,FULL,2008-08-01,2026-09-03,4551,0.1576272971017318,-0.3117502498530492,0.17407811192285458,14.555338758150233,0.025337658894163395,0.44100197758734344,0.5589980224126565,1.6611733684904415
TLT,PARIS trend λ5,E_bear_2018q4,2018-09-04,2019-02-28,122,,0.0,inf,0.0,0.02551891198769396,0.0,1.0,0.0
TLT,PARIS trend λ5,X_2020_covid,2020-02-03,2020-12-31,232,0.5443186467912728,-0.15728265494256122,2.0442841004374057,5.185770143959952,0.10601187453820327,1.0,0.0,0.0
TLT,PARIS trend λ5,B_bear_2022,2022-01-03,2022-12-30,251,,0.0,inf,0.0,0.01293306058653898,0.0,1.0,0.0
TLT,PARIS trend λ5,K_bull_2013_14,2013-01-02,2014-12-31,504,0.9525069047160304,-0.05033205173016453,5.427320889151423,0.9394830835750523,0.05098876164491273,0.21031746031746032,0.7896825396825397,1.5
TLT,PARIS trend λ5,A_bull_2021,2021-01-04,2021-12-31,252,-1.7532305568408644,-0.061294314635816916,-1.031547557803991,5.941976612915769,-0.061294314635816916,0.09523809523809523,0.9047619047619048,1.0
TLT,PARIS trend λ5,C_mixed_2023_24,2023-01-03,2024-12-31,502,-1.0758213841689344,-0.12264316594963565,-0.5502440034448918,4.336735765997107,-0.023862628497648974,0.2290836653386454,0.7709163346613546,3.0119521912350598
TLT,PARIS trend λ5,D_recent_2025plus,2025-01-02,2026-09-03,419,-0.4074915230404237,-0.08728460412208516,0.1933348077906773,3.362691102398384,0.0065012523794161226,0.7326968973747017,0.26730310262529833,1.8042959427207637
TLT,PARIS risk λ50,FULL,2008-08-01,2026-09-03,4551,0.05409934905991122,-0.21051004269762663,0.1552338451662735,9.412513251117137,0.014611406246494152,0.5354867062184135,0.46451329378158646,0.6090969017798286
TLT,PARIS risk λ50,E_bear_2018q4,2018-09-04,2019-02-28,122,-0.10416656421796129,-0.06798039829006397,0.34383916984837404,3.4554864708512865,0.01188131599559794,1.0,0.0,0.0
TLT,PARIS risk λ50,X_2020_covid,2020-02-03,2020-12-31,232,-0.5682286807609676,-0.055567340157048783,-1.9763585059366406,1.8682303820777453,-0.03692293006668612,0.29310344827586204,0.7068965517241379,3.2586206896551726
TLT,PARIS risk λ50,B_bear_2022,2022-01-03,2022-12-30,251,,0.0,inf,0.0,0.01293306058653898,0.0,1.0,0.0
TLT,PARIS risk λ50,K_bull_2013_14,2013-01-02,2014-12-31,504,0.46770843066825596,-0.17062107466852827,0.5487556925603551,9.136320398619615,0.05013607827797806,1.0,0.0,0.0
TLT,PARIS risk λ50,A_bull_2021,2021-01-04,2021-12-31,252,-0.4544625142364271,-0.148945886292716,-0.5648391223885589,8.235341063308354,-0.046516428187695524,0.4166666666666667,0.5833333333333333,3.0
TLT,PARIS risk λ50,C_mixed_2023_24,2023-01-03,2024-12-31,502,-0.3103301356785774,-0.12846104314230467,0.7246402119853119,3.2279333763134708,0.023390903260862572,0.2908366533864542,0.7091633466135459,0.50199203187251
TLT,PARIS risk λ50,D_recent_2025plus,2025-01-02,2026-09-03,419,-0.30956618124998314,-0.09226020349834185,0.08620432039973112,4.46030679825866,0.003844977163181884,1.0,0.0,0.0
TLT,PARIS gate,FULL,2008-08-01,2026-09-03,4551,0.0338526196798444,-0.2067049770883267,0.12081919200589786,11.22718084284411,0.013564589179365205,0.32476378817842233,0.6752362118215777,1.9380355965721818
TLT,PARIS gate,E_bear_2018q4,2018-09-04,2019-02-28,122,,0.0,inf,0.0,0.02551891198769396,0.0,1.0,0.0
TLT,PARIS gate,X_2020_covid,2020-02-03,2020-12-31,232,0.3211007934073991,-0.07974650842829922,1.1311105025765604,3.3389480157702405,0.037767191681948864,0.646551724137931,0.35344827586206895,3.2586206896551726
TLT,PARIS gate,B_bear_2022,2022-01-03,2022-12-30,251,,0.0,inf,0.0,0.01293306058653898,0.0,1.0,0.0
TLT,PARIS gate,K_bull_2013_14,2013-01-02,2014-12-31,504,0.9525069047160304,-0.05033205173016453,5.427320889151423,0.9394830835750523,0.05098876164491273,0.21031746031746032,0.7896825396825397,1.5
TLT,PARIS gate,A_bull_2021,2021-01-04,2021-12-31,252,-1.7532305568408644,-0.061294314635816916,-1.031547557803991,5.941976612915769,-0.061294314635816916,0.09523809523809523,0.9047619047619048,1.0
TLT,PARIS gate,C_mixed_2023_24,2023-01-03,2024-12-31,502,-1.0270604905081344,-0.12127065893968758,-0.3974530814690328,3.3234403023625827,-0.013209115892523826,0.20418326693227093,0.795816733067729,3.0119521912350598
TLT,PARIS gate,D_recent_2025plus,2025-01-02,2026-09-03,419,-0.4074915230404237,-0.08728460412208516,0.1933348077906773,3.362691102398384,0.0065012523794161226,0.7326968973747017,0.26730310262529833,1.8042959427207637
TLT,PARIS graded,FULL,2008-08-01,2026-09-03,4551,0.13689349618190902,-0.1656187912239575,0.22275487898319082,9.767422934723054,0.021757411138018767,0.48824434190287846,0.5117556580971215,2.27027027027027
TLT,PARIS graded,E_bear_2018q4,2018-09-04,2019-02-28,122,-0.10416656421796151,-0.03226097628601021,1.229576399035273,1.602226642077113,0.019700600650035538,0.5,0.5,0.0
TLT,PARIS graded,X_2020_covid,2020-02-03,2020-12-31,232,0.3211007934073991,-0.07974650842829922,1.1311105025765604,3.3389480157702405,0.037767191681948864,0.646551724137931,0.35344827586206895,3.2586206896551726
TLT,PARIS graded,B_bear_2022,2022-01-03,2022-12-30,251,,0.0,inf,0.0,0.01293306058653898,0.0,1.0,0.0
TLT,PARIS graded,K_bull_2013_14,2013-01-02,2014-12-31,504,0.7064588690453503,-0.08836770392678506,1.1102131836173579,4.6907283285012715,0.05207708431069524,0.6051587301587301,0.3948412698412699,1.5
TLT,PARIS graded,A_bull_2021,2021-01-04,2021-12-31,252,-0.933341927298409,-0.10580380692870428,-0.7683706238231716,6.901105354681754,-0.05302606626446249,0.25595238095238093,0.7440476190476191,4.0
TLT,PARIS graded,C_mixed_2023_24,2023-01-03,2024-12-31,502,-0.7339865854669015,-0.12248896283067634,-0.0007384632016631033,3.3391916777308737,-2.4658701773039304e-05,0.2599601593625498,0.7400398406374502,3.5139442231075697
TLT,PARIS graded,D_recent_2025plus,2025-01-02,2026-09-03,419,-0.37478173226940514,-0.0872846041220865,0.16518968939478587,3.527686023032766,0.0058273735842711005,0.8663484486873508,0.13365155131264916,1.8042959427207637
TLT,PARIS trend λ5 x S1 (exploratory),FULL,2008-08-01,2026-09-03,4551,-0.1147456372413158,-0.22660323230173673,0.017077309405775013,13.351440198765344,0.00228006675287018,0.28081740276862227,0.7191825972313777,7.807514831905076
TLT,PARIS trend λ5 x S1 (exploratory),E_bear_2018q4,2018-09-04,2019-02-28,122,,0.0,inf,0.0,0.02551891198769396,0.0,1.0,0.0
TLT,PARIS trend λ5 x S1 (exploratory),X_2020_covid,2020-02-03,2020-12-31,232,0.08484775259695555,-0.08384211273605047,0.20097792221048982,3.8749553866498263,0.007787804822672273,0.7068965517241379,0.2931034482758621,9.775862068965518
TLT,PARIS trend λ5 x S1 (exploratory),B_bear_2022,2022-01-03,2022-12-30,251,,0.0,inf,0.0,0.01293306058653898,0.0,1.0,0.0
TLT,PARIS trend λ5 x S1 (exploratory),K_bull_2013_14,2013-01-02,2014-12-31,504,0.5579618169391545,-0.06408498092327819,1.32382555198607,1.4531943479527214,0.019237758098215485,0.10317460317460317,0.8968253968253969,4.0
TLT,PARIS trend λ5 x S1 (exploratory),A_bull_2021,2021-01-04,2021-12-31,252,-1.6410144574477872,-0.05708001054376399,-1.0297709257451237,5.542981367672807,-0.05708001054376399,0.09126984126984126,0.9087301587301587,3.0
TLT,PARIS trend λ5 x S1 (exploratory),C_mixed_2023_24,2023-01-03,2024-12-31,502,-1.2292660917557137,-0.12046797622096017,-0.5315213095758691,4.666950275812659,-0.02480583522325408,0.18127490039840638,0.8187250996015936,5.0199203187251
TLT,PARIS trend λ5 x S1 (exploratory),D_recent_2025plus,2025-01-02,2026-09-03,419,-0.11868419701386718,-0.058616660216147864,1.3356778929998578,2.4953419631368687,0.03332973095636782,0.5536992840095465,0.4463007159904535,12.630071599045346
TLT,F1 risk+logFQ λ50,FULL,2008-08-01,2026-09-03,4551,0.12169994226152045,-0.2134433645120275,0.2523245849835102,8.108395124448212,0.020459474346587125,0.46121731487585144,0.5387826851241486,0.38760711931443637
TLT,F1 risk+logFQ λ50,E_bear_2018q4,2018-09-04,2019-02-28,122,-0.10416656421796129,-0.06798039829006397,0.34383916984837404,3.4554864708512865,0.01188131599559794,1.0,0.0,0.0
TLT,F1 risk+logFQ λ50,X_2020_covid,2020-02-03,2020-12-31,232,,0.0,inf,0.0,0.004463155962711518,0.0,1.0,0.0
TLT,F1 risk+logFQ λ50,B_bear_2022,2022-01-03,2022-12-30,251,,0.0,inf,0.0,0.01293306058653898,0.0,1.0,0.0
TLT,F1 risk+logFQ λ50,K_bull_2013_14,2013-01-02,2014-12-31,504,0.46770843066825596,-0.17062107466852827,0.5487556925603551,9.136320398619615,0.05013607827797806,1.0,0.0,0.0
TLT,F1 risk+logFQ λ50,A_bull_2021,2021-01-04,2021-12-31,252,,0.0,,0.0,0.0,0.0,1.0,0.0
TLT,F1 risk+logFQ λ50,C_mixed_2023_24,2023-01-03,2024-12-31,502,-0.26776394909939205,-0.12846104314230566,0.8010855196338039,3.232288259380906,0.02589339319872397,0.300796812749004,0.6992031872509961,0.50199203187251
TLT,F1 risk+logFQ λ50,D_recent_2025plus,2025-01-02,2026-09-03,419,-0.30956618124998314,-0.09226020349834185,0.08620432039973112,4.46030679825866,0.003844977163181884,1.0,0.0,0.0
TLT,F1 gate (trend λ5 x F1),FULL,2008-08-01,2026-09-03,4551,0.09488576973828941,-0.19565748408810657,0.1817662310021962,9.933215954776875,0.01805523225830674,0.3085036255767963,0.6914963744232037,1.8272907053394858
TLT,F1 gate (trend λ5 x F1),E_bear_2018q4,2018-09-04,2019-02-28,122,,0.0,inf,0.0,0.02551891198769396,0.0,1.0,0.0
TLT,F1 gate (trend λ5 x F1),X_2020_covid,2020-02-03,2020-12-31,232,0.544318646791273,-0.07974650842829922,2.3404671779837503,2.583663674039237,0.060469800280377406,0.5,0.5,0.0
TLT,F1 gate (trend λ5 x F1),B_bear_2022,2022-01-03,2022-12-30,251,,0.0,inf,0.0,0.01293306058653898,0.0,1.0,0.0
TLT,F1 gate (trend λ5 x F1),K_bull_2013_14,2013-01-02,2014-12-31,504,0.9525069047160304,-0.05033205173016453,5.427320889151423,0.9394830835750523,0.05098876164491273,0.21031746031746032,0.7896825396825397,1.5
TLT,F1 gate (trend λ5 x F1),A_bull_2021,2021-01-04,2021-12-31,252,-1.7532305568408644,-0.030974830002145848,-1.0317610556068462,3.002132115165708,-0.030974830002145848,0.047619047619047616,0.9523809523809523,1.0
TLT,F1 gate (trend λ5 x F1),C_mixed_2023_24,2023-01-03,2024-12-31,502,-1.0270604905081344,-0.12127065893968758,-0.3974530814690328,3.3234403023625827,-0.013209115892523826,0.20418326693227093,0.795816733067729,3.0119521912350598
TLT,F1 gate (trend λ5 x F1),D_recent_2025plus,2025-01-02,2026-09-03,419,-0.4074915230404237,-0.08728460412208516,0.1933348077906773,3.362691102398384,0.0065012523794161226,0.7326968973747017,0.26730310262529833,1.8042959427207637
TLT,F2 risk+logInnov λ50,FULL,2008-08-01,2026-09-03,4551,0.11991877568175689,-0.20483942908117714,0.2269002064399237,9.078093986850282,0.02059821399697359,0.5227422544495716,0.47725774555042844,0.49835201054713246
TLT,F2 risk+logInnov λ50,E_bear_2018q4,2018-09-04,2019-02-28,122,-0.10416656421796129,-0.06798039829006397,0.34383916984837404,3.4554864708512865,0.01188131599559794,1.0,0.0,0.0
TLT,F2 risk+logInnov λ50,X_2020_covid,2020-02-03,2020-12-31,232,0.06931871963341917,-0.015565675147675151,2.4126244543721804,0.24970875993015446,0.006024534606784426,0.09051724137931035,0.9094827586206896,1.0862068965517242
TLT,F2 risk+logInnov λ50,B_bear_2022,2022-01-03,2022-12-30,251,,0.0,inf,0.0,0.01293306058653898,0.0,1.0,0.0
TLT,F2 risk+logInnov λ50,K_bull_2013_14,2013-01-02,2014-12-31,504,0.46770843066825596,-0.17062107466852827,0.5487556925603551,9.136320398619615,0.05013607827797806,1.0,0.0,0.0
TLT,F2 risk+logInnov λ50,A_bull_2021,2021-01-04,2021-12-31,252,-1.4957914477915937,-0.12070409053037667,-1.0721969980789685,9.031749783581095,-0.09683815005356022,0.17063492063492064,0.8293650793650793,3.0
TLT,F2 risk+logInnov λ50,C_mixed_2023_24,2023-01-03,2024-12-31,502,-0.17866589881554962,-0.12846104314230555,1.0366708780986438,3.2284907975487034,0.03346882390028205,0.29880478087649404,0.701195219123506,0.50199203187251
TLT,F2 risk+logInnov λ50,D_recent_2025plus,2025-01-02,2026-09-03,419,-0.30956618124998314,-0.09226020349834185,0.08620432039973112,4.46030679825866,0.003844977163181884,1.0,0.0,0.0
TLT,F2 gate (trend λ5 x F2),FULL,2008-08-01,2026-09-03,4551,0.0941013991176,-0.20670497708832658,0.16978484763401988,10.637926132328698,0.018061586675193864,0.32212700505383435,0.6778729949461657,1.9380355965721818
TLT,F2 gate (trend λ5 x F2),E_bear_2018q4,2018-09-04,2019-02-28,122,,0.0,inf,0.0,0.02551891198769396,0.0,1.0,0.0
TLT,F2 gate (trend λ5 x F2),X_2020_covid,2020-02-03,2020-12-31,232,0.5403756164049435,-0.07974650842829922,2.3511018758901585,2.602688475325537,0.061191857566955665,0.5452586206896551,0.45474137931034486,1.0862068965517242
TLT,F2 gate (trend λ5 x F2),B_bear_2022,2022-01-03,2022-12-30,251,,0.0,inf,0.0,0.01293306058653898,0.0,1.0,0.0
TLT,F2 gate (trend λ5 x F2),K_bull_2013_14,2013-01-02,2014-12-31,504,0.9525069047160304,-0.05033205173016453,5.427320889151423,0.9394830835750523,0.05098876164491273,0.21031746031746032,0.7896825396825397,1.5
TLT,F2 gate (trend λ5 x F2),A_bull_2021,2021-01-04,2021-12-31,252,-2.1351229253848723,-0.045717251000218506,-1.0388090620622203,4.400929166853979,-0.045717251000218506,0.057539682539682536,0.9424603174603174,3.0
TLT,F2 gate (trend λ5 x F2),C_mixed_2023_24,2023-01-03,2024-12-31,502,-1.0270604905081344,-0.12127065893968758,-0.3974530814690328,3.3234403023625827,-0.013209115892523826,0.20418326693227093,0.795816733067729,3.0119521912350598
TLT,F2 gate (trend λ5 x F2),D_recent_2025plus,2025-01-02,2026-09-03,419,-0.4074915230404237,-0.08728460412208516,0.1933348077906773,3.362691102398384,0.0065012523794161226,0.7326968973747017,0.26730310262529833,1.8042959427207637
TLT,T1 trend+LLTdrift λ5,FULL,2008-08-01,2026-09-03,4551,0.10727240280986793,-0.3335095674950128,0.12765877753428478,15.382476741845732,0.019637081763135944,0.4357284113381674,0.5642715886618326,1.6611733684904415
TLT,T1 trend+LLTdrift λ5,E_bear_2018q4,2018-09-04,2019-02-28,122,,0.0,inf,0.0,0.02551891198769396,0.0,1.0,0.0
TLT,T1 trend+LLTdrift λ5,X_2020_covid,2020-02-03,2020-12-31,232,0.5443186467912728,-0.15728265494256122,2.0442841004374057,5.185770143959952,0.10601187453820327,1.0,0.0,0.0
TLT,T1 trend+LLTdrift λ5,B_bear_2022,2022-01-03,2022-12-30,251,,0.0,inf,0.0,0.01293306058653898,0.0,1.0,0.0
TLT,T1 trend+LLTdrift λ5,K_bull_2013_14,2013-01-02,2014-12-31,504,0.9524604788550114,-0.05033205173016431,5.555964683480995,0.9327408215919084,0.0518227506360569,0.22420634920634921,0.7757936507936508,0.5
TLT,T1 trend+LLTdrift λ5,A_bull_2021,2021-01-04,2021-12-31,252,-1.7532305568408644,-0.061294314635816916,-1.031547557803991,5.941976612915769,-0.061294314635816916,0.09523809523809523,0.9047619047619048,1.0
TLT,T1 trend+LLTdrift λ5,C_mixed_2023_24,2023-01-03,2024-12-31,502,-0.9151878299385704,-0.12197364241253494,-0.3504231431889787,4.4088631972731624,-0.01544967699478672,0.2350597609561753,0.7649402390438247,2.00796812749004
TLT,T1 trend+LLTdrift λ5,D_recent_2025plus,2025-01-02,2026-09-03,419,-0.8772150535138238,-0.09000642445868912,-0.7037873505733324,4.100487639240797,-0.02885871331679979,0.7040572792362768,0.2959427207637232,4.210023866348449
TLT,T2 trend+TS λ5,FULL,2008-08-01,2026-09-03,4551,0.10727240280986793,-0.3335095674950128,0.12765877753428478,15.382476741845732,0.019637081763135944,0.4357284113381674,0.5642715886618326,1.6611733684904415
TLT,T2 trend+TS λ5,E_bear_2018q4,2018-09-04,2019-02-28,122,,0.0,inf,0.0,0.02551891198769396,0.0,1.0,0.0
TLT,T2 trend+TS λ5,X_2020_covid,2020-02-03,2020-12-31,232,0.5443186467912728,-0.15728265494256122,2.0442841004374057,5.185770143959952,0.10601187453820327,1.0,0.0,0.0
TLT,T2 trend+TS λ5,B_bear_2022,2022-01-03,2022-12-30,251,,0.0,inf,0.0,0.01293306058653898,0.0,1.0,0.0
TLT,T2 trend+TS λ5,K_bull_2013_14,2013-01-02,2014-12-31,504,0.9524604788550114,-0.05033205173016431,5.555964683480995,0.9327408215919084,0.0518227506360569,0.22420634920634921,0.7757936507936508,0.5
TLT,T2 trend+TS λ5,A_bull_2021,2021-01-04,2021-12-31,252,-1.7532305568408644,-0.061294314635816916,-1.031547557803991,5.941976612915769,-0.061294314635816916,0.09523809523809523,0.9047619047619048,1.0
TLT,T2 trend+TS λ5,C_mixed_2023_24,2023-01-03,2024-12-31,502,-0.9151878299385704,-0.12197364241253494,-0.3504231431889787,4.4088631972731624,-0.01544967699478672,0.2350597609561753,0.7649402390438247,2.00796812749004
TLT,T2 trend+TS λ5,D_recent_2025plus,2025-01-02,2026-09-03,419,-0.8772150535138238,-0.09000642445868912,-0.7037873505733324,4.100487639240797,-0.02885871331679979,0.7040572792362768,0.2959427207637232,4.210023866348449
GLD,Buy & hold,FULL,2010-11-22,2026-09-03,3969,0.41447963050583847,-0.45555013814399503,0.3054754473060217,24.000548809518836,0.07331578383177773,1.0,0.0,0.0
GLD,Buy & hold,E_bear_2018q4,2018-09-04,2019-02-28,122,1.7405880656861163,-0.026633553138648902,23.94169859083095,0.8358098152133447,0.20010706675096013,1.0,0.0,0.0
GLD,Buy & hold,X_2020_covid,2020-02-03,2020-12-31,232,1.036873284666987,-0.1403888802929495,3.56445293386728,5.971009109993313,0.21283380940263918,1.0,0.0,0.0
GLD,Buy & hold,B_bear_2022,2022-01-03,2022-12-30,251,-0.0590162888919695,-0.21032844237898762,-0.062216758792872646,12.45925750293439,-0.007751746187983577,1.0,0.0,0.0
GLD,Buy & hold,K_bull_2013_14,2013-01-02,2014-12-31,504,-0.864778399010371,-0.32919899798374774,-0.7203067915521827,22.591471389345877,-0.1627279027290266,1.0,0.0,0.0
GLD,Buy & hold,A_bull_2021,2021-01-04,2021-12-31,252,-0.24128077816925303,-0.13878711653086884,-0.496841833488205,8.350569602903718,-0.04148912312177555,1.0,0.0,0.0
GLD,Buy & hold,C_mixed_2023_24,2023-01-03,2024-12-31,502,0.9730224249966061,-0.11347406007141403,4.868336548029643,4.01678569997168,0.19555064628774965,1.0,0.0,0.0
GLD,Buy & hold,D_recent_2025plus,2025-01-02,2026-09-03,419,1.1623338763978663,-0.2640451703972574,3.409733645265356,10.531125229895425,0.35908332018877287,1.0,0.0,0.0
GLD,Frozen S1 (SPY switch),FULL,2010-11-22,2026-09-03,3969,-0.10144276440364396,-0.5296192182332882,-0.01692230962993704,38.020343863267826,-0.006433920310908947,0.6386999244142101,0.3613000755857899,13.333333333333334
GLD,Frozen S1 (SPY switch),E_bear_2018q4,2018-09-04,2019-02-28,122,0.2046071151532002,-0.021389108129439505,3.249579095814285,1.1138414278150408,0.03619515819879693,0.4180327868852459,0.5819672131147541,4.131147540983607
GLD,Frozen S1 (SPY switch),X_2020_covid,2020-02-03,2020-12-31,232,1.0271195287434982,-0.16164328722376065,2.508320239424073,6.024314365061685,0.15110909650537407,0.7068965517241379,0.2931034482758621,9.775862068965518
GLD,Frozen S1 (SPY switch),B_bear_2022,2022-01-03,2022-12-30,251,1.1678924134861164,-0.03711205099183901,5.997389556221398,1.6848048121227144,0.10104430784496321,0.24701195219123506,0.7529880478087649,10.0398406374502
GLD,Frozen S1 (SPY switch),K_bull_2013_14,2013-01-02,2014-12-31,504,-0.9822040751213992,-0.33879819460021543,-0.5898403724221661,25.92240330613039,-0.15290080020165542,0.6865079365079365,0.3134920634920635,12.5
GLD,Frozen S1 (SPY switch),A_bull_2021,2021-01-04,2021-12-31,252,-0.9874078082399957,-0.14295861785798447,-1.15053149397219,10.541868933506947,-0.12128752213326766,0.7420634920634921,0.2579365079365079,13.0
GLD,Frozen S1 (SPY switch),C_mixed_2023_24,2023-01-03,2024-12-31,502,0.11837376506075761,-0.10776030137164405,1.0095536690552511,5.85074384604442,0.05906639916476575,0.6832669322709163,0.3167330677290837,9.035856573705178
GLD,Frozen S1 (SPY switch),D_recent_2025plus,2025-01-02,2026-09-03,419,0.4858512802721982,-0.30608678128726097,1.092665855099213,12.019609611052791,0.1313341701361972,0.6754176610978521,0.32458233890214794,12.630071599045346
GLD,Frozen S2 (own x_raw>0),FULL,2010-11-22,2026-09-03,3969,0.33479869380375354,-0.37436818428720986,0.21670064337360784,24.17434436023213,0.05238595975997451,0.5986394557823129,0.4013605442176871,13.206349206349206
GLD,Frozen S2 (own x_raw>0),E_bear_2018q4,2018-09-04,2019-02-28,122,1.3515302739706572,-0.021389108129439838,16.031539598177634,0.7312788956090612,0.11723526572268272,0.5081967213114754,0.4918032786885246,14.459016393442623
GLD,Frozen S2 (own x_raw>0),X_2020_covid,2020-02-03,2020-12-31,232,0.7304795813745808,-0.13635350902194254,2.0477449419662963,6.453212596285816,0.13214533453477473,0.9094827586206896,0.09051724137931039,8.689655172413794
GLD,Frozen S2 (own x_raw>0),B_bear_2022,2022-01-03,2022-12-30,251,0.027085949150153294,-0.12307961714502835,0.10803950112237365,9.391433903368378,0.010146458337436659,0.44621513944223107,0.5537848605577689,8.03187250996016
GLD,Frozen S2 (own x_raw>0),K_bull_2013_14,2013-01-02,2014-12-31,504,-1.0897766832311628,-0.1487222845987195,-0.7183936178628151,8.180375144910153,-0.058767292958270545,0.16865079365079366,0.8313492063492063,12.0
GLD,Frozen S2 (own x_raw>0),A_bull_2021,2021-01-04,2021-12-31,252,-1.8158591865316247,-0.17722264223006767,-1.2816109433846632,11.279480717113948,-0.14455905922749523,0.3055555555555556,0.6944444444444444,28.0
GLD,Frozen S2 (own x_raw>0),C_mixed_2023_24,2023-01-03,2024-12-31,502,0.8372677449132215,-0.0850266576671358,3.906919253618765,4.315727694757781,0.16861199624024903,0.8804780876494024,0.11952191235059761,8.03187250996016
GLD,Frozen S2 (own x_raw>0),D_recent_2025plus,2025-01-02,2026-09-03,419,1.1371621526927786,-0.22952285166761655,2.8098097588275674,11.312957472254443,0.31787258306741784,0.8353221957040573,0.1646778042959427,6.014319809069212
GLD,Frozen S3 (own InnovLMAR<=1.25),FULL,2010-11-22,2026-09-03,3969,0.11644649977275069,-0.4904449125569482,0.06549449739750723,33.81363156005693,0.022146068042104172,0.780045351473923,0.21995464852607705,19.682539682539684
GLD,Frozen S3 (own InnovLMAR<=1.25),E_bear_2018q4,2018-09-04,2019-02-28,122,1.2351915852331055,-0.027738899803019024,13.791344959637652,1.0131402521271091,0.13972566709579226,0.7786885245901639,0.2213114754098361,26.852459016393443
GLD,Frozen S3 (own InnovLMAR<=1.25),X_2020_covid,2020-02-03,2020-12-31,232,0.8383080789127985,-0.1597966249422914,1.8355229528921235,6.590995957712092,0.1209792436279975,0.7543103448275862,0.2456896551724138,8.689655172413794
GLD,Frozen S3 (own InnovLMAR<=1.25),B_bear_2022,2022-01-03,2022-12-30,251,0.037185607007357034,-0.19580092859505616,0.08437715156395084,10.971521132029553,0.009257457014443471,0.7689243027888446,0.2310756972111554,20.0796812749004
GLD,Frozen S3 (own InnovLMAR<=1.25),K_bull_2013_14,2013-01-02,2014-12-31,504,-1.3233939565788222,-0.3651147282261348,-0.7725156643187874,24.982930155979894,-0.19299704886076674,0.7996031746031746,0.20039682539682535,17.0
GLD,Frozen S3 (own InnovLMAR<=1.25),A_bull_2021,2021-01-04,2021-12-31,252,-0.4085265749331341,-0.15123728878637488,-0.6062498683764924,9.843480556391542,-0.059676087916789355,0.8174603174603174,0.18253968253968256,16.0
GLD,Frozen S3 (own InnovLMAR<=1.25),C_mixed_2023_24,2023-01-03,2024-12-31,502,0.3834106716021699,-0.12020038657661469,1.5212124149697224,6.117883791495062,0.09306600776964324,0.7549800796812749,0.2450199203187251,21.083665338645417
GLD,Frozen S3 (own InnovLMAR<=1.25),D_recent_2025plus,2025-01-02,2026-09-03,419,1.0813615029074122,-0.28948624343959706,2.266336806537966,12.001585904239203,0.27199635871604544,0.7517899761336515,0.2482100238663485,17.441527446300714
GLD,Frozen S1xS2,FULL,2010-11-22,2026-09-03,3969,0.0022839643450579938,-0.2970312436849266,0.053779348653145875,19.261048276161386,0.010358466306687575,0.3875031494079113,0.6124968505920887,16.126984126984127
GLD,Frozen S1xS2,E_bear_2018q4,2018-09-04,2019-02-28,122,0.8120440986756001,-0.021389108129439727,16.599405450540576,0.37580378322196767,0.062381193675485,0.21311475409836064,0.7868852459016393,2.0655737704918034
GLD,Frozen S1xS2,X_2020_covid,2020-02-03,2020-12-31,232,0.7376303151871998,-0.15770769295789433,1.5396993397088719,6.544698389345991,0.10076867788669741,0.6422413793103449,0.35775862068965514,16.29310344827586
GLD,Frozen S1xS2,B_bear_2022,2022-01-03,2022-12-30,251,0.5979858811922355,-0.020609647928087726,9.228188388981827,0.433487113044528,0.04000300743370766,0.11155378486055777,0.8884462151394422,4.01593625498008
GLD,Frozen S1xS2,K_bull_2013_14,2013-01-02,2014-12-31,504,-1.1551460712633508,-0.1266335767273028,-0.7290836457487406,6.88529356215732,-0.05019954932347992,0.10714285714285714,0.8928571428571429,10.0
GLD,Frozen S1xS2,A_bull_2021,2021-01-04,2021-12-31,252,-2.126337725200354,-0.17798690018237573,-1.24807907269656,12.595478194536538,-0.15720152745206906,0.23015873015873015,0.7698412698412699,25.0
GLD,Frozen S1xS2,C_mixed_2023_24,2023-01-03,2024-12-31,502,0.05246899306559968,-0.10406117906185763,0.833626339499187,6.146561698749138,0.05123935729434148,0.6294820717131474,0.3705179282868526,13.051792828685258
GLD,Frozen S1xS2,D_recent_2025plus,2025-01-02,2026-09-03,419,0.7305040569051079,-0.18564616481843876,1.8263473991067174,9.723319299275492,0.17758158912915945,0.5656324582338902,0.4343675417661098,12.630071599045346
GLD,Frozen stack S1xS2xS3,FULL,2010-11-22,2026-09-03,3969,-0.015991614346065115,-0.3644778739884401,0.0403616445590267,24.70346833879079,0.009970726084654435,0.31418493323255225,0.6858150667674477,18.92063492063492
GLD,Frozen stack S1xS2xS3,E_bear_2018q4,2018-09-04,2019-02-28,122,0.38847892321952193,-0.016641161388829206,12.235120645757393,0.33130484272757327,0.04053554721295538,0.10655737704918032,0.8934426229508197,14.459016393442623
GLD,Frozen stack S1xS2xS3,X_2020_covid,2020-02-03,2020-12-31,232,0.5652195727935402,-0.1569004748280557,0.9895905062843564,7.005909254354502,0.06932981285998929,0.5603448275862069,0.43965517241379315,16.29310344827586
GLD,Frozen stack S1xS2xS3,B_bear_2022,2022-01-03,2022-12-30,251,1.0415790494187478,-0.018944387133803753,18.78125886570211,0.30856247020592104,0.05795191629177898,0.07569721115537849,0.9243027888446215,6.0239043824701195
GLD,Frozen stack S1xS2xS3,K_bull_2013_14,2013-01-02,2014-12-31,504,-1.2645110652861773,-0.12491739378079758,-0.746492198761319,6.5997767558139655,-0.04926681861781412,0.08134920634920635,0.9186507936507936,9.0
GLD,Frozen stack S1xS2xS3,A_bull_2021,2021-01-04,2021-12-31,252,-1.9016165600476755,-0.16578837609043517,-1.2070652791303569,11.668254298477352,-0.14084344631755552,0.21825396825396826,0.7817460317460317,23.0
GLD,Frozen stack S1xS2xS3,C_mixed_2023_24,2023-01-03,2024-12-31,502,-0.36116993517713825,-0.11910385457090733,0.13175559058873149,7.258441729521384,0.009563402768269835,0.50199203187251,0.49800796812749004,22.087649402390436
GLD,Frozen stack S1xS2xS3,D_recent_2025plus,2025-01-02,2026-09-03,419,1.5018648633172265,-0.15090103413188793,3.9687647601788885,7.361218910717265,0.29214946204817105,0.4439140811455847,0.5560859188544153,14.43436754176611
GLD,PARIS trend λ5,FULL,2010-11-22,2026-09-03,3969,0.37484016728330033,-0.3260830692420229,0.29447635989299326,19.57394456290742,0.05764063943632225,0.5364071554547745,0.46359284454522554,2.0317460317460316
GLD,PARIS trend λ5,E_bear_2018q4,2018-09-04,2019-02-28,122,1.708256586509155,-0.021389108129439394,30.294853079346222,0.44226734935917456,0.13398424370628081,0.38524590163934425,0.6147540983606558,2.0655737704918034
GLD,PARIS trend λ5,X_2020_covid,2020-02-03,2020-12-31,232,1.036873284666987,-0.1403888802929495,3.56445293386728,5.971009109993313,0.21283380940263918,1.0,0.0,0.0
GLD,PARIS trend λ5,B_bear_2022,2022-01-03,2022-12-30,251,-0.28222242847091245,-0.07550519555114632,-0.13733927426750103,6.275399269867675,-0.008618587814624323,0.14741035856573706,0.852589641434263,2.00796812749004
GLD,PARIS trend λ5,K_bull_2013_14,2013-01-02,2014-12-31,504,-0.4811204828374621,-0.03536535176269606,-0.7142187071430247,1.6941912880410608,-0.012100231113976623,0.027777777777777776,0.9722222222222222,1.0
GLD,PARIS trend λ5,A_bull_2021,2021-01-04,2021-12-31,252,-1.4691365090203692,-0.12567796870479164,-0.8965603047237829,11.551918482423769,-0.10356991554746153,0.1626984126984127,0.8373015873015873,3.0
GLD,PARIS trend λ5,C_mixed_2023_24,2023-01-03,2024-12-31,502,0.34396282226999175,-0.0812038834951454,2.4083309858476953,3.605487900541044,0.0868320822997195,0.5697211155378487,0.43027888446215135,4.517928286852589
GLD,PARIS trend λ5,D_recent_2025plus,2025-01-02,2026-09-03,419,1.1824110887074952,-0.2446460980036298,3.6185181326840756,9.751906337454521,0.3528744991031594,0.9069212410501193,0.09307875894988071,1.2028639618138424
GLD,PARIS risk λ50,FULL,2010-11-22,2026-09-03,3969,0.3431556813592465,-0.43125268849992626,0.21338140783921145,23.36767977857799,0.04986228409088844,0.5860418241370622,0.4139581758629378,0.9523809523809523
GLD,PARIS risk λ50,E_bear_2018q4,2018-09-04,2019-02-28,122,1.7405880656861163,-0.026633553138648902,23.94169859083095,0.8358098152133447,0.20010706675096013,1.0,0.0,0.0
GLD,PARIS risk λ50,X_2020_covid,2020-02-03,2020-12-31,232,-0.48475291559175265,-0.10246498954438887,-0.4925725778828603,8.506351557651751,-0.04189995515130407,0.1336206896551724,0.8663793103448276,1.0862068965517242
GLD,PARIS risk λ50,B_bear_2022,2022-01-03,2022-12-30,251,-0.19046116687955014,-0.06589734217534349,-0.01754538320950084,5.455012239690033,-0.0009571028015787908,0.09163346613545817,0.9083665338645418,2.00796812749004
GLD,PARIS risk λ50,K_bull_2013_14,2013-01-02,2014-12-31,504,-1.162442718017461,-0.3276050908348803,-0.7102610425781879,22.77103087169413,-0.16173376127509576,0.6150793650793651,0.3849206349206349,1.0
GLD,PARIS risk λ50,A_bull_2021,2021-01-04,2021-12-31,252,,0.0,,0.0,0.0,0.0,1.0,0.0
GLD,PARIS risk λ50,C_mixed_2023_24,2023-01-03,2024-12-31,502,1.2525616418121004,-0.06465789347866002,10.552210484463197,1.9076911766838895,0.20130358835721673,0.6294820717131474,0.3705179282868526,1.5059760956175299
GLD,PARIS risk λ50,D_recent_2025plus,2025-01-02,2026-09-03,419,1.206596474315678,-0.09959072305593464,3.310325210775215,5.77550010210309,0.19118783592826682,0.25059665871121717,0.7494033412887828,1.8042959427207637
GLD,PARIS gate,FULL,2010-11-22,2026-09-03,3969,0.4081471106743671,-0.3062692236190899,0.315243579257814,16.911828002947278,0.05331345191441628,0.4380196523053666,0.5619803476946335,2.6666666666666665
GLD,PARIS gate,E_bear_2018q4,2018-09-04,2019-02-28,122,1.708256586509155,-0.021389108129439394,30.294853079346222,0.44226734935917456,0.13398424370628081,0.38524590163934425,0.6147540983606558,2.0655737704918034
GLD,PARIS gate,X_2020_covid,2020-02-03,2020-12-31,232,0.6516271086958559,-0.10823398692962216,2.0827438868634354,3.95528460177586,0.0823784482515375,0.5668103448275862,0.4331896551724138,1.0862068965517242
GLD,PARIS gate,B_bear_2022,2022-01-03,2022-12-30,251,-0.21243262799691467,-0.06948554130185991,-0.04101777159318385,5.8494393709004795,-0.002399309680637729,0.11553784860557768,0.8844621513944223,3.0119521912350598
GLD,PARIS gate,K_bull_2013_14,2013-01-02,2014-12-31,504,-0.4811204828374621,-0.03536535176269606,-0.7142187071430247,1.6941912880410608,-0.012100231113976623,0.027777777777777776,0.9722222222222222,1.0
GLD,PARIS gate,A_bull_2021,2021-01-04,2021-12-31,252,-1.4691365090203692,-0.06437893920086624,-0.8897017057055118,5.908197093571759,-0.05256533031795141,0.08134920634920635,0.9186507936507936,3.0
GLD,PARIS gate,C_mixed_2023_24,2023-01-03,2024-12-31,502,0.6134114060203861,-0.057712860705379176,5.411456013537748,2.1358928887955426,0.11558290417345152,0.5308764940239044,0.46912350597609564,5.521912350597609
GLD,PARIS gate,D_recent_2025plus,2025-01-02,2026-09-03,419,1.3584622452416337,-0.12077327274416227,5.2129678722066375,5.313287098296662,0.2769799493923053,0.5787589498806682,0.4212410501193318,3.007159904534606
GLD,PARIS graded,FULL,2010-11-22,2026-09-03,3969,0.4108898992880694,-0.3518243575728772,0.28026354300180073,19.868431000305346,0.05568396866032388,0.5612244897959183,0.4387755102040817,2.984126984126984
GLD,PARIS graded,E_bear_2018q4,2018-09-04,2019-02-28,122,1.8949264423121184,-0.021389108129439616,30.438327235260747,0.549632173934729,0.16729883969253034,0.6926229508196722,0.3073770491803278,2.0655737704918034
GLD,PARIS graded,X_2020_covid,2020-02-03,2020-12-31,232,0.6516271086958559,-0.10823398692962216,2.0827438868634354,3.95528460177586,0.0823784482515375,0.5668103448275862,0.4331896551724138,1.0862068965517242
GLD,PARIS graded,B_bear_2022,2022-01-03,2022-12-30,251,-0.24636877239403474,-0.0694855413018598,-0.07957866440169892,5.849575769284308,-0.004655014270361857,0.11952191235059761,0.8804780876494024,4.01593625498008
GLD,PARIS graded,K_bull_2013_14,2013-01-02,2014-12-31,504,-1.1940750671908338,-0.18663290381870234,-0.7167183758754124,12.231988182486496,-0.0876689070387896,0.32142857142857145,0.6785714285714286,2.0
GLD,PARIS graded,A_bull_2021,2021-01-04,2021-12-31,252,-1.4691365090203692,-0.06437893920086624,-0.8897017057055118,5.908197093571759,-0.05256533031795141,0.08134920634920635,0.9186507936507936,3.0
GLD,PARIS graded,C_mixed_2023_24,2023-01-03,2024-12-31,502,0.830993399072265,-0.05771286070537973,6.740335362903447,2.1264208572553835,0.14332789700573922,0.599601593625498,0.40039840637450197,6.0239043824701195
GLD,PARIS graded,D_recent_2025plus,2025-01-02,2026-09-03,419,1.3584622452416337,-0.12077327274416227,5.2129678722066375,5.313287098296662,0.2769799493923053,0.5787589498806682,0.4212410501193318,3.007159904534606
GLD,PARIS trend λ5 x S1 (exploratory),FULL,2010-11-22,2026-09-03,3969,0.004453798269674327,-0.3510897797707344,0.04850431803934205,21.66760742146697,0.01050972521522442,0.36986646510456034,0.6301335348954397,8.253968253968255
GLD,PARIS trend λ5 x S1 (exploratory),E_bear_2018q4,2018-09-04,2019-02-28,122,0.8120440986756001,-0.021389108129439727,16.599405450540576,0.37580378322196767,0.062381193675485,0.21311475409836064,0.7868852459016393,2.0655737704918034
GLD,PARIS trend λ5 x S1 (exploratory),X_2020_covid,2020-02-03,2020-12-31,232,1.0271195287434982,-0.16164328722376065,2.508320239424073,6.024314365061685,0.15110909650537407,0.7068965517241379,0.2931034482758621,9.775862068965518
GLD,PARIS trend λ5 x S1 (exploratory),B_bear_2022,2022-01-03,2022-12-30,251,1.5445327822778252,-0.006264899927925893,48.400899410303,0.07241539992153943,0.035049704873592935,0.027888446215139442,0.9721115537848606,2.00796812749004
GLD,PARIS trend λ5 x S1 (exploratory),K_bull_2013_14,2013-01-02,2014-12-31,504,-0.4811204828374621,-0.03536535176269606,-0.7142187071430247,1.6941912880410608,-0.012100231113976623,0.027777777777777776,0.9722222222222222,1.0
GLD,PARIS trend λ5 x S1 (exploratory),A_bull_2021,2021-01-04,2021-12-31,252,-1.346493935201174,-0.11667896491116858,-0.8820652394641244,10.6957353352011,-0.09434336349689054,0.15873015873015872,0.8412698412698413,5.0
GLD,PARIS trend λ5 x S1 (exploratory),C_mixed_2023_24,2023-01-03,2024-12-31,502,-0.04436044021603514,-0.06721053283241607,1.3602374982124783,3.11849470835942,0.042418934402876696,0.38247011952191234,0.6175298804780877,9.035856573705178
GLD,PARIS trend λ5 x S1 (exploratory),D_recent_2025plus,2025-01-02,2026-09-03,419,0.5376565232992365,-0.2391740534225646,1.277187488005183,10.91895614073425,0.13945554165023144,0.6133651551312649,0.3866348448687351,9.021479713603819
GLD,F1 risk+logFQ λ50,FULL,2010-11-22,2026-09-03,3969,0.4614269280006657,-0.33916533623086464,0.4247276911696711,14.749061635046004,0.06264334895172263,0.5666414714033762,0.4333585285966238,0.6984126984126984
GLD,F1 risk+logFQ λ50,E_bear_2018q4,2018-09-04,2019-02-28,122,1.7405880656861163,-0.026633553138648902,23.94169859083095,0.8358098152133447,0.20010706675096013,1.0,0.0,0.0
GLD,F1 risk+logFQ λ50,X_2020_covid,2020-02-03,2020-12-31,232,-0.519330279339489,-0.09288988023572664,-0.5054916325897875,8.649371585050627,-0.043721849634029586,0.125,0.875,1.0862068965517242
GLD,F1 risk+logFQ λ50,B_bear_2022,2022-01-03,2022-12-30,251,,0.0,inf,0.0,0.01293306058653898,0.0,1.0,0.0
GLD,F1 risk+logFQ λ50,K_bull_2013_14,2013-01-02,2014-12-31,504,-0.829309780758708,-0.2342355625057706,-0.7689988618840576,13.709220610392597,-0.10542375046709374,0.5059523809523809,0.49404761904761907,1.0
GLD,F1 risk+logFQ λ50,A_bull_2021,2021-01-04,2021-12-31,252,,0.0,,0.0,0.0,0.0,1.0,0.0
GLD,F1 risk+logFQ λ50,C_mixed_2023_24,2023-01-03,2024-12-31,502,1.1310363766462357,-0.08120388349514585,8.466054826506333,2.282104747471659,0.19320423911925455,0.6294820717131474,0.3705179282868526,1.5059760956175299
GLD,F1 risk+logFQ λ50,D_recent_2025plus,2025-01-02,2026-09-03,419,1.6338310428717897,-0.050145752359800455,15.17688781407878,1.2612441757743353,0.19141761361887344,0.1909307875894988,0.8090692124105012,0.6014319809069212
GLD,F1 gate (trend λ5 x F1),FULL,2010-11-22,2026-09-03,3969,0.42824480693035427,-0.29638092031152263,0.34879941501940115,15.700774020563715,0.05476420793724435,0.4348702443940539,0.565129755605946,2.4126984126984126
GLD,F1 gate (trend λ5 x F1),E_bear_2018q4,2018-09-04,2019-02-28,122,1.708256586509155,-0.021389108129439394,30.294853079346222,0.44226734935917456,0.13398424370628081,0.38524590163934425,0.6147540983606558,2.0655737704918034
GLD,F1 gate (trend λ5 x F1),X_2020_covid,2020-02-03,2020-12-31,232,0.6487339286799505,-0.10897814466965206,2.0460527100690236,3.978265080079599,0.08139740048469823,0.5625,0.4375,1.0862068965517242
GLD,F1 gate (trend λ5 x F1),B_bear_2022,2022-01-03,2022-12-30,251,-0.28222242847091245,-0.038079380168117294,0.08817855576781532,3.0389425222963578,0.002679695626774947,0.07370517928286853,0.9262948207171314,2.00796812749004
GLD,F1 gate (trend λ5 x F1),K_bull_2013_14,2013-01-02,2014-12-31,504,-0.4811204828374621,-0.03536535176269606,-0.7142187071430247,1.6941912880410608,-0.012100231113976623,0.027777777777777776,0.9722222222222222,1.0
GLD,F1 gate (trend λ5 x F1),A_bull_2021,2021-01-04,2021-12-31,252,-1.4691365090203692,-0.06437893920086624,-0.8897017057055118,5.908197093571759,-0.05256533031795141,0.08134920634920635,0.9186507936507936,3.0
GLD,F1 gate (trend λ5 x F1),C_mixed_2023_24,2023-01-03,2024-12-31,502,0.5419546867986965,-0.08120388349514573,4.733584862405055,2.3199568496125265,0.10981712624758777,0.5348605577689243,0.46513944223107573,5.0199203187251
GLD,F1 gate (trend λ5 x F1),D_recent_2025plus,2025-01-02,2026-09-03,419,1.498327159790824,-0.12077327274416227,5.945485391983479,4.6777132514775355,0.2781127580454723,0.548926014319809,0.45107398568019097,1.8042959427207637
GLD,F2 risk+logInnov λ50,FULL,2010-11-22,2026-09-03,3969,0.5266537076868447,-0.32478037973713225,0.5065020042621046,14.231839958605491,0.07208455463371188,0.5852859662383472,0.41471403376165283,1.2063492063492063
GLD,F2 risk+logInnov λ50,E_bear_2018q4,2018-09-04,2019-02-28,122,1.7405880656861163,-0.026633553138648902,23.94169859083095,0.8358098152133447,0.20010706675096013,1.0,0.0,0.0
GLD,F2 risk+logInnov λ50,X_2020_covid,2020-02-03,2020-12-31,232,-0.519330279339489,-0.09288988023572664,-0.5054916325897875,8.649371585050627,-0.043721849634029586,0.125,0.875,1.0862068965517242
GLD,F2 risk+logInnov λ50,B_bear_2022,2022-01-03,2022-12-30,251,,0.0,inf,0.0,0.01293306058653898,0.0,1.0,0.0
GLD,F2 risk+logInnov λ50,K_bull_2013_14,2013-01-02,2014-12-31,504,-0.9235761985927208,-0.2688389364414975,-0.7792399398572988,15.412186895108837,-0.12009791589214058,0.5773809523809523,0.42261904761904767,1.5
GLD,F2 risk+logInnov λ50,A_bull_2021,2021-01-04,2021-12-31,252,,0.0,,0.0,0.0,0.0,1.0,0.0
GLD,F2 risk+logInnov λ50,C_mixed_2023_24,2023-01-03,2024-12-31,502,1.0884825336552038,-0.0812038834951454,8.148303438985678,2.3158602622866997,0.18870332139400992,0.6533864541832669,0.3466135458167331,0.50199203187251
GLD,F2 risk+logInnov λ50,D_recent_2025plus,2025-01-02,2026-09-03,419,1.4205220559936234,-0.09742653183740169,4.062249644232029,6.372426707090659,0.25886388123773707,0.36515513126491644,0.6348448687350836,4.210023866348449
GLD,F2 gate (trend λ5 x F2),FULL,2010-11-22,2026-09-03,3969,0.4841369899129435,-0.24448739688180077,0.5169096294786413,11.96150021462355,0.06183014643949747,0.4423028470647518,0.5576971529352481,2.7936507936507935
GLD,F2 gate (trend λ5 x F2),E_bear_2018q4,2018-09-04,2019-02-28,122,1.708256586509155,-0.021389108129439394,30.294853079346222,0.44226734935917456,0.13398424370628081,0.38524590163934425,0.6147540983606558,2.0655737704918034
GLD,F2 gate (trend λ5 x F2),X_2020_covid,2020-02-03,2020-12-31,232,0.6487339286799505,-0.10897814466965206,2.0460527100690236,3.978265080079599,0.08139740048469823,0.5625,0.4375,1.0862068965517242
GLD,F2 gate (trend λ5 x F2),B_bear_2022,2022-01-03,2022-12-30,251,-0.28222242847091245,-0.038079380168117294,0.08817855576781532,3.0389425222963578,0.002679695626774947,0.07370517928286853,0.9262948207171314,2.00796812749004
GLD,F2 gate (trend λ5 x F2),K_bull_2013_14,2013-01-02,2014-12-31,504,-0.4811204828374621,-0.03536535176269606,-0.7142187071430247,1.6941912880410608,-0.012100231113976623,0.027777777777777776,0.9722222222222222,1.0
GLD,F2 gate (trend λ5 x F2),A_bull_2021,2021-01-04,2021-12-31,252,-1.4691365090203692,-0.06437893920086624,-0.8897017057055118,5.908197093571759,-0.05256533031795141,0.08134920634920635,0.9186507936507936,3.0
GLD,F2 gate (trend λ5 x F2),C_mixed_2023_24,2023-01-03,2024-12-31,502,0.4955789068229755,-0.08120388349514562,4.308897370619136,2.427851783152997,0.10461364164680931,0.5507968127490039,0.44920318725099606,4.517928286852589
GLD,F2 gate (trend λ5 x F2),D_recent_2025plus,2025-01-02,2026-09-03,419,1.4198984486388566,-0.12077327274416205,5.884579939530173,5.297986482599871,0.3117642497540922,0.636038186157518,0.36396181384248205,5.412887828162291
GLD,T1 trend+LLTdrift λ5,FULL,2010-11-22,2026-09-03,3969,0.2682751263279059,-0.33267793211757823,0.19957699327277859,21.4192279084412,0.04274785104191081,0.5411942554799698,0.4588057445200302,2.4126984126984126
GLD,T1 trend+LLTdrift λ5,E_bear_2018q4,2018-09-04,2019-02-28,122,1.458713351776083,-0.021389108129439727,26.734002300844814,0.44690640499379314,0.1194759685936635,0.39344262295081966,0.6065573770491803,2.0655737704918034
GLD,T1 trend+LLTdrift λ5,X_2020_covid,2020-02-03,2020-12-31,232,0.4844195170548329,-0.15617569828752897,1.05402565017411,7.681595714475338,0.08096598917324527,0.978448275862069,0.02155172413793105,2.1724137931034484
GLD,T1 trend+LLTdrift λ5,B_bear_2022,2022-01-03,2022-12-30,251,-0.22277875295339147,-0.08109237115555346,-0.07619706111047445,6.437151723586059,-0.004904920432594828,0.1593625498007968,0.8406374501992032,2.00796812749004
GLD,T1 trend+LLTdrift λ5,K_bull_2013_14,2013-01-02,2014-12-31,504,-0.5613806189765214,-0.03536535176269595,-0.8374541045930779,1.6947486315956273,-0.014192741977832601,0.02976190476190476,0.9702380952380952,1.0
GLD,T1 trend+LLTdrift λ5,A_bull_2021,2021-01-04,2021-12-31,252,-2.031749492609367,-0.180934895934575,-1.0641386207192791,15.056691198314756,-0.16022406604370776,0.21428571428571427,0.7857142857142857,3.0
GLD,T1 trend+LLTdrift λ5,C_mixed_2023_24,2023-01-03,2024-12-31,502,0.3992503264888088,-0.08120388349514585,2.5458532442990265,3.686903602451113,0.09386315497717934,0.5916334661354582,0.4083665338645418,3.5139442231075697
GLD,T1 trend+LLTdrift λ5,D_recent_2025plus,2025-01-02,2026-09-03,419,1.0493439213186389,-0.28604212573560306,2.5975328041448833,11.84497308519258,0.3076770615300095,0.9021479713603818,0.09785202863961817,2.4057279236276847
GLD,T2 trend+TS λ5,FULL,2010-11-22,2026-09-03,3969,0.2682751263279059,-0.33267793211757823,0.19957699327277859,21.4192279084412,0.04274785104191081,0.5411942554799698,0.4588057445200302,2.4126984126984126
GLD,T2 trend+TS λ5,E_bear_2018q4,2018-09-04,2019-02-28,122,1.458713351776083,-0.021389108129439727,26.734002300844814,0.44690640499379314,0.1194759685936635,0.39344262295081966,0.6065573770491803,2.0655737704918034
GLD,T2 trend+TS λ5,X_2020_covid,2020-02-03,2020-12-31,232,0.4844195170548329,-0.15617569828752897,1.05402565017411,7.681595714475338,0.08096598917324527,0.978448275862069,0.02155172413793105,2.1724137931034484
GLD,T2 trend+TS λ5,B_bear_2022,2022-01-03,2022-12-30,251,-0.22277875295339147,-0.08109237115555346,-0.07619706111047445,6.437151723586059,-0.004904920432594828,0.1593625498007968,0.8406374501992032,2.00796812749004
GLD,T2 trend+TS λ5,K_bull_2013_14,2013-01-02,2014-12-31,504,-0.5613806189765214,-0.03536535176269595,-0.8374541045930779,1.6947486315956273,-0.014192741977832601,0.02976190476190476,0.9702380952380952,1.0
GLD,T2 trend+TS λ5,A_bull_2021,2021-01-04,2021-12-31,252,-2.031749492609367,-0.180934895934575,-1.0641386207192791,15.056691198314756,-0.16022406604370776,0.21428571428571427,0.7857142857142857,3.0
GLD,T2 trend+TS λ5,C_mixed_2023_24,2023-01-03,2024-12-31,502,0.3992503264888088,-0.08120388349514585,2.5458532442990265,3.686903602451113,0.09386315497717934,0.5916334661354582,0.4083665338645418,3.5139442231075697
GLD,T2 trend+TS λ5,D_recent_2025plus,2025-01-02,2026-09-03,419,1.0493439213186389,-0.28604212573560306,2.5975328041448833,11.84497308519258,0.3076770615300095,0.9021479713603818,0.09785202863961817,2.4057279236276847
