vehicle,arm,episode,Sharpe,CAGR,Martin,MaxDD,MeanW,Turnover/yr,group,Return,peak,trough,react_day,DD_before_reaction,days_peak_to_trough,w_at_peak,panel
P0 MKT,incumbent,FULL,0.6000682581147649,0.07584971353337155,1.184939619974874,-0.30925589783833873,0.5236055708031601,2.2723784277420433,,,,,,,,,P0
P0 MKT,incumbent,E_bear_2018q4,-1.6344304427900773,,,-0.06802206002059918,,,modern_folds,-0.04015215952754003,2018-09-20,2018-10-11,,-0.06802206002059918,16.0,1.0,P0
P0 MKT,incumbent,X_2020_covid,1.1987557680219754,,,-0.08222259128229248,,,modern_folds,0.10146292371989252,2020-02-19,2020-02-28,2020-02-28,-0.08222259128229248,8.0,0.8557398502655108,P0
P0 MKT,incumbent,B_bear_2022,-2.1679328200035846,,,-0.05494146463440286,,,modern_folds,-0.04066054472919389,2022-01-03,2022-08-24,2022-01-20,-0.03593083037600775,162.0,0.5565109065486581,P0
P0 MKT,incumbent,E1973_oil_bear,-1.9165370400446016,,,-0.11580341132620231,,,market_factor_A0_calendar,-0.018293164040985244,1973-01-11,1973-11-07,1973-03-23,-0.11253756667842119,209.0,1.0,P0
P0 MKT,incumbent,E1987_crash,-0.6242441629408162,,,-0.06139283765887882,,,market_factor_A0_calendar,0.004397020580227284,1987-08-25,1987-10-13,1987-09-21,-0.05341560040762228,35.0,0.8620315890779868,P0
P0 MKT,incumbent,E1990_recession,0.09764324854939462,,,-0.03576539262682721,,,market_factor_A0_calendar,0.06371655242543595,1990-07-16,1990-07-27,,-0.03576539262682721,10.0,0.8494312885800077,P0
P0 MKT,incumbent,E1997_asia,0.423927167733965,,,-0.0704397198003236,,,market_factor_A0_calendar,0.05507963516606429,1997-10-07,1997-10-27,,-0.0704397198003236,15.0,0.6988347731516081,P0
P0 MKT,incumbent,E1998_ltcm,-0.11258085685269793,,,-0.07870826999375069,,,market_factor_A0_calendar,0.01782558795722422,1998-07-17,1998-08-05,1998-08-05,-0.07870826999375069,14.0,0.7306490263121221,P0
P0 MKT,incumbent,E2000_02_dotcom,-0.7073626800980651,,,-0.03010624145117835,,,market_factor_A0_calendar,0.07930241579013408,2000-07-03,2000-07-27,2000-07-07,-0.006800686721731286,18.0,0.42455999175653913,P0
P0 MKT,incumbent,E2007_09_gfc,-0.32074741500009324,,,-0.0855485734775463,,,market_factor_A0_calendar,-0.0066214996659770264,2007-10-09,2008-01-22,,-0.0855485734775463,72.0,0.6139776556004788,P0
P0 MKT,incumbent,E2011_eu_us,-1.0856867979269482,,,-0.11759029282910527,,,market_factor_A0_calendar,-0.08131235501170064,2011-05-02,2011-10-03,2011-08-05,-0.0869103455452741,108.0,0.9096460222973562,P0
P0 MKT,incumbent,E2015_16_china,,,,0.0,,,market_factor_A0_calendar,0.0,2015-06-01,2015-06-01,,0.0,1.0,0.0,P0
P0 MKT,incumbent,K1995_99_bull,1.0757924613613357,,,-0.10321033558536352,,,calm_controls,1.0222650735715235,1999-07-16,1999-10-15,1999-08-10,-0.061904514262706045,65.0,0.6785500668650531,P0
P0 MKT,incumbent,K2013_14_bull,1.2560083382339036,,,-0.05282843058320319,,,calm_controls,0.2558956324864945,2014-01-15,2014-02-03,,-0.05282843058320319,13.0,1.0,P0
P0 MKT,incumbent,A_bull_2021,1.2621937619180383,,,-0.04841861911750178,,,calm_controls,0.13283476056786836,2021-11-08,2021-12-01,,-0.04841861911750178,17.0,0.8683414935778978,P0
P0 MKT,incumbent,D_recent_2025plus,0.6196015458565328,,,-0.07297460621852914,,,calm_controls,0.15497194002973536,2025-02-19,2025-03-14,2025-03-14,-0.07297460621852914,18.0,0.7565083526360216,P0
P0 MKT,H_parity,FULL,0.6039790812039639,0.05358553289480161,1.8235085286044903,-0.1565254211605911,0.2574651729677401,1.2735578744820661,,,,,,,,,P0
P0 MKT,H_parity,E_bear_2018q4,-1.6565542981098675,,,-0.03310801267340446,,,modern_folds,-0.01379413619382508,2018-09-20,2018-10-11,,-0.03310801267340446,16.0,0.49962031612165597,P0
P0 MKT,H_parity,X_2020_covid,1.1912668186267046,,,-0.040445163350303015,,,modern_folds,0.05118498688034023,2020-02-19,2020-02-28,2020-02-28,-0.040445163350303015,8.0,0.4274118415370633,P0
P0 MKT,H_parity,B_bear_2022,-2.1608428906241013,,,-0.026123413394824824,,,modern_folds,-0.013407078218021895,2022-01-03,2022-08-24,2022-01-20,-0.017719093414160447,162.0,0.2744070220773118,P0
P0 MKT,H_parity,E1973_oil_bear,-1.9216735230664206,,,-0.050975060708598696,,,market_factor_A0_calendar,0.06851246948352507,1973-01-11,1973-03-23,1973-03-23,-0.050975060708598696,50.0,0.49898663718340897,P0
P0 MKT,H_parity,E1987_crash,-0.6004660578778814,,,-0.026785516795838182,,,market_factor_A0_calendar,0.0157744999890832,1987-08-25,1987-10-12,1987-09-21,-0.025691795018507713,34.0,0.4294958014486172,P0
P0 MKT,H_parity,E1990_recession,0.09405869050406725,,,-0.016498039565979283,,,market_factor_A0_calendar,0.06223150603254646,1990-07-16,1990-07-27,,-0.016498039565979283,10.0,0.42471564429000386,P0
P0 MKT,H_parity,E1997_asia,0.4060825478991742,,,-0.033764947953200175,,,market_factor_A0_calendar,0.04261469456551703,1997-10-07,1997-10-27,,-0.033764947953200175,15.0,0.34941738657580407,P0
P0 MKT,H_parity,E1998_ltcm,-0.10170916727551556,,,-0.03780906335876255,,,market_factor_A0_calendar,0.021383077760296576,1998-07-17,1998-08-05,1998-08-05,-0.03780906335876255,14.0,0.36532451315606107,P0
P0 MKT,H_parity,E2000_02_dotcom,-0.7114358743330826,,,-0.013561870540466758,,,market_factor_A0_calendar,0.09800294262416331,2000-07-18,2000-07-27,,-0.013561870540466758,8.0,0.0,P0
P0 MKT,H_parity,E2007_09_gfc,-0.3412050290563357,,,-0.038168661306725915,,,market_factor_A0_calendar,0.01059947748815393,2007-10-09,2008-01-22,,-0.038168661306725915,72.0,0.30665237493917774,P0
P0 MKT,H_parity,E2011_eu_us,-1.151593065677303,,,-0.05817040661465933,,,market_factor_A0_calendar,-0.04074053333421612,2011-05-02,2011-10-03,2011-08-05,-0.04316206337589068,108.0,0.4548230111486781,P0
P0 MKT,H_parity,E2015_16_china,,,,0.0,,,market_factor_A0_calendar,0.0,2015-06-01,2015-06-01,,0.0,1.0,0.0,P0
P0 MKT,H_parity,K1995_99_bull,1.0759910625160423,,,-0.04490555519580408,,,calm_controls,0.6143747150955605,1999-07-16,1999-10-15,1999-08-10,-0.029097634170882625,65.0,0.33927503343252663,P0
P0 MKT,H_parity,K2013_14_bull,1.2379370643853533,,,-0.026316250149343023,,,calm_controls,0.1198516862572816,2014-01-15,2014-02-03,,-0.026316250149343023,13.0,0.49857940296861775,P0
P0 MKT,H_parity,A_bull_2021,1.240376617398763,,,-0.024138091350371593,,,calm_controls,0.06374810802825803,2021-11-08,2021-12-01,,-0.024138091350371593,17.0,0.4341707467889489,P0
P0 MKT,H_parity,D_recent_2025plus,0.6054409814759788,,,-0.03459838956621397,,,calm_controls,0.11100605908284522,2025-02-19,2025-03-13,,-0.03459838956621397,17.0,0.3782541763180108,P0
P0 MKT,H_full,FULL,0.6016378978496612,0.07395430421438909,1.2311845394625884,-0.28026589770088484,0.5032128788035963,2.816081712076293,,,,,,,,,P0
P0 MKT,H_full,E_bear_2018q4,-1.6831662396812224,,,-0.0656241655886124,,,modern_folds,-0.039220974056059066,2018-09-20,2018-10-11,,-0.0656241655886124,16.0,0.9961552154683442,P0
P0 MKT,H_full,X_2020_covid,1.1742041610137013,,,-0.07832019408426971,,,modern_folds,0.09486596181133056,2020-02-19,2020-02-28,2020-02-28,-0.07832019408426971,8.0,0.8537767295229757,P0
P0 MKT,H_full,B_bear_2022,-2.15356289027991,,,-0.05174205712353963,,,modern_folds,-0.03752841771958382,2022-01-03,2022-08-24,2022-01-20,-0.03446417441140692,162.0,0.5399167337497759,P0
P0 MKT,H_full,E1973_oil_bear,-1.9254099277059031,,,-0.10406161655070656,,,market_factor_A0_calendar,-0.0031791258285884805,1973-01-11,1973-03-23,1973-03-23,-0.10406161655070656,50.0,0.9951872821035488,P0
P0 MKT,H_full,E1987_crash,-0.5702983835707928,,,-0.05892132145860296,,,market_factor_A0_calendar,0.006661622060070815,1987-08-25,1987-10-13,1987-09-21,-0.05168831418739506,35.0,0.8556773475323269,P0
P0 MKT,H_full,E1990_recession,0.08403051314028243,,,-0.03507044721376906,,,market_factor_A0_calendar,0.06301039889846516,1990-07-16,1990-07-27,,-0.03507044721376906,10.0,0.8463492009153776,P0
P0 MKT,H_full,E1997_asia,0.3802362868527285,,,-0.06861522175320267,,,market_factor_A0_calendar,0.0512875724632722,1997-10-07,1997-10-27,,-0.06861522175320267,15.0,0.6988347731516081,P0
P0 MKT,H_full,E1998_ltcm,-0.1341587286178534,,,-0.07507091216045836,,,market_factor_A0_calendar,0.017432812883358295,1998-07-17,1998-08-05,1998-08-05,-0.07507091216045836,14.0,0.7306490263121221,P0
P0 MKT,H_full,E2000_02_dotcom,-0.7209330176878324,,,-0.028886313908847328,,,market_factor_A0_calendar,0.08013082175447162,2000-07-03,2000-07-27,2000-07-07,-0.006651413873708045,18.0,0.41271862299004064,P0
P0 MKT,H_full,E2007_09_gfc,-0.37151892145811477,,,-0.08129774900387043,,,market_factor_A0_calendar,-0.00860171830495593,2007-10-09,2008-01-22,,-0.08129774900387043,72.0,0.6053640887979556,P0
P0 MKT,H_full,E2011_eu_us,-1.228961745566112,,,-0.11088609802188532,,,market_factor_A0_calendar,-0.08187262719238464,2011-05-02,2011-10-03,2011-08-05,-0.08393586700173516,108.0,0.9096460222973562,P0
P0 MKT,H_full,E2015_16_china,,,,0.0,,,market_factor_A0_calendar,0.0,2015-06-01,2015-06-01,,0.0,1.0,0.0,P0
P0 MKT,H_full,K1995_99_bull,1.062233382196376,,,-0.0959172591636599,,,calm_controls,0.9804350721132962,1999-07-16,1999-10-15,1999-08-10,-0.05946497225405989,65.0,0.6785500668650531,P0
P0 MKT,H_full,K2013_14_bull,1.2122853448429243,,,-0.05165194593493616,,,calm_controls,0.2395704167421282,2014-01-15,2014-02-03,,-0.05165194593493616,13.0,0.9938442875781465,P0
P0 MKT,H_full,A_bull_2021,1.2121409163332013,,,-0.04755181551201659,,,calm_controls,0.12370915851586428,2021-11-08,2021-12-01,,-0.04755181551201659,17.0,0.8683414935778978,P0
P0 MKT,H_full,D_recent_2025plus,0.5743570869481291,,,-0.0699373544216707,,,calm_controls,0.1454652242857557,2026-01-12,2026-03-30,,-0.0699373544216707,54.0,0.925975637615611,P0
P0 MKT,buy_hold,FULL,0.4864384482450142,0.10330665626689273,0.6651078364257976,-0.6547891063332447,1.0,0.0,,,,,,,,,P0
P0 MKT,buy_hold,E_bear_2018q4,-0.39886980097777225,,,-0.20446131952210556,,,modern_folds,-0.03520894824313259,2018-09-20,2018-12-24,,-0.20446131952210556,66.0,1.0,P0
P0 MKT,buy_hold,X_2020_covid,0.8217686448013993,,,-0.34216280934892906,,,modern_folds,0.24075629356217743,2020-02-19,2020-03-23,,-0.34216280934892906,24.0,1.0,P0
P0 MKT,buy_hold,B_bear_2022,-0.8072701695819832,,,-0.25449072389442295,,,modern_folds,-0.19955554850414636,2022-01-03,2022-10-14,,-0.25449072389442295,198.0,1.0,P0
P0 MKT,buy_hold,E1973_oil_bear,-1.7657518863347808,,,-0.4815948240000787,,,market_factor_A0_calendar,-0.4161731093790002,1973-01-11,1974-10-03,,-0.4815948240000787,437.0,1.0,P0
P0 MKT,buy_hold,E1987_crash,-0.964906054069896,,,-0.3311424555262713,,,market_factor_A0_calendar,-0.18292992676970443,1987-08-25,1987-12-04,,-0.3311424555262713,72.0,1.0,P0
P0 MKT,buy_hold,E1990_recession,0.14117432221966128,,,-0.20795377547096017,,,market_factor_A0_calendar,0.0688323213357327,1990-07-16,1990-10-11,,-0.20795377547096017,63.0,1.0,P0
P0 MKT,buy_hold,E1997_asia,0.8938657774443861,,,-0.09915415450873999,,,market_factor_A0_calendar,0.12179254574211273,1997-10-07,1997-10-27,,-0.09915415450873999,15.0,1.0,P0
P0 MKT,buy_hold,E1998_ltcm,0.5031816365443541,,,-0.21919900622835453,,,market_factor_A0_calendar,0.07357763613715718,1998-07-17,1998-10-08,,-0.21919900622835453,59.0,1.0,P0
P0 MKT,buy_hold,E2000_02_dotcom,-0.7094852166109467,,,-0.49225604938802137,,,market_factor_A0_calendar,-0.36617091507350064,2000-03-24,2002-10-09,,-0.49225604938802137,638.0,1.0,P0
P0 MKT,buy_hold,E2007_09_gfc,-0.5536591843744181,,,-0.5456553593385387,,,market_factor_A0_calendar,-0.3549696209582007,2007-10-09,2009-03-09,,-0.5456553593385387,356.0,1.0,P0
P0 MKT,buy_hold,E2011_eu_us,-0.29184440622734364,,,-0.20084582901465742,,,market_factor_A0_calendar,-0.07880665551722632,2011-05-02,2011-10-03,,-0.20084582901465742,108.0,1.0,P0
P0 MKT,buy_hold,E2015_16_china,-0.08760615346229954,,,-0.15527445300139786,,,market_factor_A0_calendar,-0.025770844832090134,2015-06-23,2016-02-11,,-0.15527445300139786,162.0,1.0,P0
P0 MKT,buy_hold,K1995_99_bull,1.3657583114057847,,,-0.2191990062283551,,,calm_controls,2.398112202880352,1998-07-17,1998-10-08,,-0.2191990062283551,59.0,1.0,P0
P0 MKT,buy_hold,K2013_14_bull,1.8252436123021951,,,-0.07750780468545981,,,calm_controls,0.5087578237008581,2014-09-18,2014-10-15,,-0.07750780468545981,20.0,1.0,P0
P0 MKT,buy_hold,A_bull_2021,1.598235839603187,,,-0.054922582069259374,,,calm_controls,0.2384275475481441,2021-02-12,2021-03-04,,-0.054922582069259374,14.0,1.0,P0
P0 MKT,buy_hold,D_recent_2025plus,0.8356674544123726,,,-0.19557597035866303,,,calm_controls,0.30194626995606244,2025-02-19,2025-04-08,,-0.19557597035866303,35.0,1.0,P0
P1 SPY,incumbent,FULL,0.5601905849574929,0.06339514965204929,1.5078832448133084,-0.11175579417970649,0.502644140707619,2.3255470874651722,,,,,,,,,P1
P1 SPY,incumbent,E_bear_2018q4,-1.582510611320116,,,-0.06303971690596899,,,modern_folds,-0.03700135378022129,2018-09-20,2018-10-11,,-0.06303971690596899,16.0,1.0,P1
P1 SPY,incumbent,X_2020_covid,0.8345546984543809,,,-0.0806917317689062,,,modern_folds,0.0713461927188006,2020-02-19,2020-02-28,2020-02-28,-0.0806917317689062,8.0,0.8426847986603313,P1
P1 SPY,incumbent,B_bear_2022,-2.2532504114152827,,,-0.0804431637016031,,,modern_folds,-0.06743775582192502,2022-01-03,2022-08-30,2022-01-26,-0.06228967988497014,166.0,0.5954298883283082,P1
P1 SPY,incumbent,E2000_02_dotcom,-0.6208908493596865,,,-0.00709521586685069,,,market_factor_A0_calendar,0.10834649977743105,2000-03-29,2000-03-31,,-0.00709521586685069,3.0,0.0,P1
P1 SPY,incumbent,E2007_09_gfc,-0.6739389629809593,,,-0.09347710152734479,,,market_factor_A0_calendar,-0.04266079213280993,2007-10-09,2008-03-10,2008-02-21,-0.09176527983442817,105.0,0.6499506812395854,P1
P1 SPY,incumbent,E2011_eu_us,-0.9464773022516008,,,-0.11056782739538507,,,market_factor_A0_calendar,-0.07112501335273014,2011-05-02,2011-10-03,2011-08-05,-0.08039445976079063,108.0,0.8705074715411538,P1
P1 SPY,incumbent,E2015_16_china,,,,0.0,,,market_factor_A0_calendar,0.0,2015-06-01,2015-06-01,,0.0,1.0,0.0,P1
P1 SPY,incumbent,K2013_14_bull,1.3151394416700886,,,-0.06158010805521208,,,calm_controls,0.2681717162794768,2014-09-18,2014-10-16,,-0.06158010805521208,21.0,1.0,P1
P1 SPY,incumbent,A_bull_2021,1.707965985428044,,,-0.045972604264163164,,,calm_controls,0.18276189624528016,2021-09-02,2021-09-30,,-0.045972604264163164,20.0,1.0,P1
P1 SPY,incumbent,D_recent_2025plus,0.5585255386100925,,,-0.07659235852376511,,,calm_controls,0.1628261998604814,2026-01-12,2026-03-31,2026-03-31,-0.07659235852376511,55.0,0.9672243493326175,P1
P1 SPY,H_parity,FULL,0.5499078327221573,0.041767948334628935,2.3397108557256914,-0.05544712562585563,0.2479314760216104,1.3127302870765116,,,,,,,,,P1
P1 SPY,H_parity,E_bear_2018q4,-1.5975752832077066,,,-0.030653401181727657,,,modern_folds,-0.012183047424019988,2018-09-20,2018-10-11,,-0.030653401181727657,16.0,0.5,P1
P1 SPY,H_parity,X_2020_covid,0.8206956711342892,,,-0.03969488990272618,,,modern_folds,0.03668530649189927,2020-02-19,2020-02-28,2020-02-28,-0.03969488990272618,8.0,0.420694397516737,P1
P1 SPY,H_parity,B_bear_2022,-2.2618181320601325,,,-0.03880176674615565,,,modern_folds,-0.02688755559054068,2022-01-03,2022-08-30,2022-01-26,-0.030948863276278438,166.0,0.2970110966504008,P1
P1 SPY,H_parity,E2000_02_dotcom,-0.6208021738687534,,,-0.0033213422120583758,,,market_factor_A0_calendar,0.11260745182283749,2000-03-29,2000-03-30,,-0.0033213422120583758,2.0,0.0,P1
P1 SPY,H_parity,E2007_09_gfc,-0.7006419293152568,,,-0.041234735555401136,,,market_factor_A0_calendar,-0.0073995837916217555,2007-10-09,2008-01-22,,-0.041234735555401136,72.0,0.3241585965516965,P1
P1 SPY,H_parity,E2011_eu_us,-1.0093430208104608,,,-0.054815565800275246,,,market_factor_A0_calendar,-0.035744655501872113,2011-05-02,2011-10-03,2011-08-05,-0.040008677440871776,108.0,0.435253735770577,P1
P1 SPY,H_parity,E2015_16_china,,,,0.0,,,market_factor_A0_calendar,0.0,2015-06-01,2015-06-01,,0.0,1.0,0.0,P1
P1 SPY,H_parity,K2013_14_bull,1.2984447847823573,,,-0.030662272933396406,,,calm_controls,0.1253349573279352,2014-09-18,2014-10-16,,-0.030662272933396406,21.0,0.49932873134747063,P1
P1 SPY,H_parity,A_bull_2021,1.6876371257400855,,,-0.02293484537385526,,,calm_controls,0.08691054303256629,2021-09-02,2021-09-30,,-0.02293484537385526,20.0,0.4996441123291758,P1
P1 SPY,H_parity,D_recent_2025plus,0.5416663450796217,,,-0.034985446748974414,,,calm_controls,0.1185870083606475,2026-01-12,2026-03-31,2026-03-31,-0.034985446748974414,55.0,0.48361217466630874,P1
P1 SPY,H_full,FULL,0.533068063692107,0.05951905391184975,1.44404455675398,-0.10642947645245027,0.486961028875293,2.918594953137048,,,,,,,,,P1
P1 SPY,H_full,E_bear_2018q4,-1.6159483042839067,,,-0.06108653439096723,,,modern_folds,-0.036014657507645986,2018-09-20,2018-10-11,,-0.06108653439096723,16.0,0.9984532004978616,P1
P1 SPY,H_full,X_2020_covid,0.7949333383797129,,,-0.07697187201905042,,,modern_folds,0.064536177542174,2020-02-19,2020-02-28,2020-02-28,-0.07697187201905042,8.0,0.8399620863475663,P1
P1 SPY,H_full,B_bear_2022,-2.27207707277747,,,-0.0763813635596784,,,modern_folds,-0.06333475747693551,2022-01-03,2022-08-30,2022-01-26,-0.059973428249693095,166.0,0.5926116516588801,P1
P1 SPY,H_full,E2000_02_dotcom,-0.6208747307705701,,,-0.006403312180381593,,,market_factor_A0_calendar,0.10911884878947364,2000-03-29,2000-03-31,,-0.006403312180381593,3.0,0.0,P1
P1 SPY,H_full,E2007_09_gfc,-0.7349103170899057,,,-0.08834598351370271,,,market_factor_A0_calendar,-0.0417734106546348,2007-10-09,2008-03-10,2008-02-21,-0.08667569241631812,105.0,0.6393520604219228,P1
P1 SPY,H_full,E2011_eu_us,-1.083559972396414,,,-0.10523438607700253,,,market_factor_A0_calendar,-0.07288128956497975,2011-05-02,2011-10-03,2011-08-05,-0.07832118173569003,108.0,0.8705074715411538,P1
P1 SPY,H_full,E2015_16_china,,,,0.0,,,market_factor_A0_calendar,0.0,2015-06-01,2015-06-01,,0.0,1.0,0.0,P1
P1 SPY,H_full,K2013_14_bull,1.2741061626025671,,,-0.06002056455832694,,,calm_controls,0.25192117927183566,2014-09-18,2014-10-16,,-0.06002056455832694,21.0,0.9971247259530802,P1
P1 SPY,H_full,A_bull_2021,1.6611840228438768,,,-0.04533319643346856,,,calm_controls,0.17328899173190315,2021-09-02,2021-09-30,,-0.04533319643346856,20.0,0.9985747729017043,P1
P1 SPY,H_full,D_recent_2025plus,0.5074313555203879,,,-0.07412171162120418,,,calm_controls,0.15162900737844542,2026-01-12,2026-03-31,2026-03-31,-0.07412171162120418,55.0,0.9672243493326175,P1
P1 SPY,buy_hold,FULL,0.4263049747190626,0.08743986824021444,0.5522313830861791,-0.5519076395778845,1.0,0.0,,,,,,,,,P1
P1 SPY,buy_hold,E_bear_2018q4,-0.3632610096842317,,,-0.19346772332076612,,,modern_folds,-0.030073140367258167,2018-09-20,2018-12-24,,-0.19346772332076612,66.0,1.0,P1
P1 SPY,buy_hold,X_2020_covid,0.6898896052536962,,,-0.33717009273069154,,,modern_folds,0.1837834151663953,2020-02-19,2020-03-23,,-0.33717009273069154,24.0,1.0,P1
P1 SPY,buy_hold,B_bear_2022,-0.7624118230643652,,,-0.24496106785317096,,,modern_folds,-0.18173681501868477,2022-01-03,2022-10-12,,-0.24496106785317096,196.0,1.0,P1
P1 SPY,buy_hold,E2000_02_dotcom,-0.6400991577647525,,,-0.4751088985687627,,,market_factor_A0_calendar,-0.332481412639406,2000-03-24,2002-10-09,,-0.4751088985687627,638.0,1.0,P1
P1 SPY,buy_hold,E2007_09_gfc,-0.5791117207597521,,,-0.5519076395778838,,,market_factor_A0_calendar,-0.3716003700277516,2007-10-09,2009-03-09,,-0.5519076395778838,356.0,1.0,P1
P1 SPY,buy_hold,E2011_eu_us,-0.23910927064804474,,,-0.18488282750672236,,,market_factor_A0_calendar,-0.06501726121979157,2011-05-02,2011-10-03,,-0.18488282750672236,108.0,1.0,P1
P1 SPY,buy_hold,E2015_16_china,0.04804444837712448,,,-0.13016249153689852,,,market_factor_A0_calendar,-0.005822582486583405,2015-07-20,2016-02-11,,-0.13016249153689852,144.0,1.0,P1
P1 SPY,buy_hold,K2013_14_bull,1.8774175647877422,,,-0.07272286528089233,,,calm_controls,0.5012821646476231,2014-09-18,2014-10-16,,-0.07272286528089233,21.0,1.0,P1
P1 SPY,buy_hold,A_bull_2021,2.009568947090926,,,-0.051159167099484426,,,calm_controls,0.2872573304913877,2021-09-02,2021-10-04,,-0.051159167099484426,22.0,1.0,P1
P1 SPY,buy_hold,D_recent_2025plus,0.8559322358980365,,,-0.18754770834024748,,,calm_controls,0.34268161466106584,2025-02-19,2025-04-08,,-0.18754770834024748,35.0,1.0,P1
P1 QQQ,incumbent,FULL,0.8076248430426127,0.08613017735684014,2.3751473069951006,-0.10081139971791064,0.4488509514131246,2.502379755348891,,,,,,,,,P1
P1 QQQ,incumbent,E_bear_2018q4,-2.097147156749041,,,-0.077773821688915,,,modern_folds,-0.07023097100662523,2018-10-01,2018-10-25,2018-10-17,-0.07197371575225175,19.0,0.8238272775061795,P1
P1 QQQ,incumbent,X_2020_covid,1.2176660428908572,,,-0.08916718762840659,,,modern_folds,0.11425387434327994,2020-02-19,2020-04-21,2020-02-28,-0.0763543901895789,44.0,0.6833228976001032,P1
P1 QQQ,incumbent,B_bear_2022,,,,0.0,,,modern_folds,0.012881409782865116,2022-01-03,2022-01-03,,0.0,1.0,0.0,P1
P1 QQQ,incumbent,E2007_09_gfc,0.11362392519288182,,,-0.05609207598589683,,,market_factor_A0_calendar,0.034318737926252174,2007-10-31,2007-11-12,,-0.05609207598589683,9.0,0.5456422373993298,P1
P1 QQQ,incumbent,E2011_eu_us,-0.6757517017505437,,,-0.0820042491242865,,,market_factor_A0_calendar,-0.05128419002913798,2011-05-10,2011-08-19,2011-08-05,-0.06278502292991983,72.0,0.801029998090677,P1
P1 QQQ,incumbent,E2015_16_china,0.10727235442994003,,,-0.015959859743804206,,,market_factor_A0_calendar,0.001977344759943822,2015-06-01,2015-06-09,,-0.015959859743804206,7.0,0.7324856715820257,P1
P1 QQQ,incumbent,K2013_14_bull,1.8771697784649939,,,-0.05127363979186106,,,calm_controls,0.37154456419771864,2014-03-05,2014-04-11,,-0.05127363979186106,28.0,0.699608786235455,P1
P1 QQQ,incumbent,A_bull_2021,0.6473680336820895,,,-0.06505676035102903,,,calm_controls,0.06243072704212782,2021-09-07,2021-10-04,,-0.06505676035102903,20.0,0.8604430461917618,P1
P1 QQQ,incumbent,D_recent_2025plus,0.6115306973730855,,,-0.07702284916298863,,,calm_controls,0.17685893269760444,2026-01-28,2026-03-30,,-0.07702284916298863,43.0,0.7314824073868041,P1
P1 QQQ,H_parity,FULL,0.7989790147209657,0.05141582239429243,3.210566402535421,-0.04595062831444319,0.2213937560306549,1.3873715069407107,,,,,,,,,P1
P1 QQQ,H_parity,E_bear_2018q4,-2.1184082394668162,,,-0.03778426500559451,,,modern_folds,-0.028851143339716945,2018-10-01,2018-10-25,2018-10-17,-0.035387714742124765,19.0,0.4118066289454401,P1
P1 QQQ,H_parity,X_2020_covid,1.2138640536791083,,,-0.04342470299269019,,,modern_folds,0.05728745243229927,2020-02-19,2020-03-09,2020-02-28,-0.03761285131652492,14.0,0.34166144880005167,P1
P1 QQQ,H_parity,B_bear_2022,,,,0.0,,,modern_folds,0.012881409782865116,2022-01-03,2022-01-03,,0.0,1.0,0.0,P1
P1 QQQ,H_parity,E2007_09_gfc,0.11431080044378572,,,-0.027136576027846138,,,market_factor_A0_calendar,0.03135977134382539,2007-10-31,2007-11-12,,-0.027136576027846138,9.0,0.27282111869966497,P1
P1 QQQ,H_parity,E2011_eu_us,-0.7275930605628224,,,-0.040818636376198425,,,market_factor_A0_calendar,-0.025882308826702616,2011-05-10,2011-08-19,2011-08-05,-0.03119794389511643,72.0,0.3978729729876662,P1
P1 QQQ,H_parity,E2015_16_china,0.09828999415404537,,,-0.007946506277398235,,,market_factor_A0_calendar,0.0009507972301503465,2015-06-01,2015-06-09,,-0.007946506277398235,7.0,0.3644104895083108,P1
P1 QQQ,H_parity,K2013_14_bull,1.8617967887124487,,,-0.025593823634372903,,,calm_controls,0.1695243937013291,2014-03-05,2014-04-11,,-0.025593823634372903,28.0,0.3498043931177275,P1
P1 QQQ,H_parity,A_bull_2021,0.6318279588975307,,,-0.03235867981742724,,,calm_controls,0.030679960504689463,2021-09-07,2021-10-04,,-0.03235867981742724,20.0,0.4302215230958809,P1
P1 QQQ,H_parity,D_recent_2025plus,0.5962283448170768,,,-0.036181611471753805,,,calm_controls,0.12544718786090603,2026-01-28,2026-03-30,,-0.036181611471753805,43.0,0.36574120369340213,P1
P1 QQQ,H_full,FULL,0.7831406949376529,0.08130742022298842,2.2680025955953664,-0.0941623958291552,0.4348661037410855,3.048570252935091,,,,,,,,,P1
P1 QQQ,H_full,E_bear_2018q4,-2.143772506491952,,,-0.07480629488334667,,,modern_folds,-0.06775923281953145,2018-10-01,2018-10-25,2018-10-17,-0.06924695577342233,19.0,0.8201968432816761,P1
P1 QQQ,H_full,X_2020_covid,1.2021858238884453,,,-0.08483053854712397,,,modern_folds,0.10678753714262701,2020-02-19,2020-04-21,2020-02-28,-0.07307439951165629,44.0,0.6833228976001032,P1
P1 QQQ,H_full,B_bear_2022,,,,0.0,,,modern_folds,0.012881409782865116,2022-01-03,2022-01-03,,0.0,1.0,0.0,P1
P1 QQQ,H_full,E2007_09_gfc,0.11504458486967474,,,-0.05437690850130639,,,market_factor_A0_calendar,0.034288360648485394,2007-10-31,2007-11-12,,-0.05437690850130639,9.0,0.5456422373993298,P1
P1 QQQ,H_full,E2011_eu_us,-0.788470318057893,,,-0.08017631303468598,,,market_factor_A0_calendar,-0.05433546922139565,2011-05-10,2011-10-03,2011-08-05,-0.06066614509815882,102.0,0.7885628162779756,P1
P1 QQQ,H_full,E2015_16_china,0.08578174605063432,,,-0.015729892540090495,,,market_factor_A0_calendar,0.0015041224795098174,2015-06-01,2015-06-09,,-0.015729892540090495,7.0,0.7237367494320988,P1
P1 QQQ,H_full,K2013_14_bull,1.841390301239019,,,-0.05071007191230059,,,calm_controls,0.3524886873597426,2014-03-05,2014-04-11,,-0.05071007191230059,28.0,0.699608786235455,P1
P1 QQQ,H_full,A_bull_2021,0.6116611383696603,,,-0.06302316999450619,,,calm_controls,0.05645610701167403,2021-09-07,2021-10-04,,-0.06302316999450619,20.0,0.8604430461917618,P1
P1 QQQ,H_full,D_recent_2025plus,0.5666752158610446,,,-0.07400555109954454,,,calm_controls,0.16559620091677885,2026-01-28,2026-03-30,,-0.07400555109954454,43.0,0.7314824073868041,P1
P1 QQQ,buy_hold,FULL,0.6973087988291875,0.15641916550881851,1.2477461614879353,-0.5341365461847387,1.0,0.0,,,,,,,,,P1
P1 QQQ,buy_hold,E_bear_2018q4,-0.5031077658821073,,,-0.2270184756200916,,,modern_folds,-0.06775067750677521,2018-10-01,2018-12-24,,-0.2270184756200916,59.0,1.0,P1
P1 QQQ,buy_hold,X_2020_covid,1.251031718692228,,,-0.2856139426664913,,,modern_folds,0.44246568836966227,2020-02-19,2020-03-16,,-0.2856139426664913,19.0,1.0,P1
P1 QQQ,buy_hold,B_bear_2022,-1.1098435722040214,,,-0.3482789507357644,,,modern_folds,-0.32578869855049963,2022-01-03,2022-11-03,,-0.3482789507357644,212.0,1.0,P1
P1 QQQ,buy_hold,E2007_09_gfc,-0.4033057178391656,,,-0.534136546184738,,,market_factor_A0_calendar,-0.2873303167420792,2007-10-31,2008-11-20,,-0.534136546184738,268.0,1.0,P1
P1 QQQ,buy_hold,E2011_eu_us,-0.13784088336215178,,,-0.16106228505922837,,,market_factor_A0_calendar,-0.04831851565519807,2011-07-26,2011-08-19,,-0.16106228505922837,19.0,1.0,P1
P1 QQQ,buy_hold,E2015_16_china,0.12130554124431514,,,-0.16104164708094437,,,market_factor_A0_calendar,0.00296501284838957,2015-12-01,2016-02-09,,-0.16104164708094437,48.0,1.0,P1
P1 QQQ,buy_hold,K2013_14_bull,1.9348094159069582,,,-0.0824764821702032,,,calm_controls,0.6287188306104865,2014-09-18,2014-10-16,,-0.0824764821702032,21.0,1.0,P1
P1 QQQ,buy_hold,A_bull_2021,1.421798245983131,,,-0.10852546587664624,,,calm_controls,0.27421478896424745,2021-02-12,2021-03-08,,-0.10852546587664624,16.0,1.0,P1
P1 QQQ,buy_hold,D_recent_2025plus,0.8420428416425492,,,-0.22767673749859962,,,calm_controls,0.4158160249083669,2025-02-19,2025-04-08,,-0.22767673749859962,35.0,1.0,P1
P1 XLK,incumbent,FULL,0.6720370446330262,0.07464394972243915,1.7875989344048528,-0.10402299929382008,0.45950805127897576,2.4437465596755,,,,,,,,,P1
P1 XLK,incumbent,E_bear_2018q4,-1.6996622843557891,,,-0.08102905160478135,,,modern_folds,-0.057270633432647156,2018-10-03,2018-10-25,2018-10-11,-0.07737836973857959,17.0,0.9564556916733313,P1
P1 XLK,incumbent,X_2020_covid,0.8118594838138966,,,-0.10043399640404382,,,modern_folds,0.07495577729199576,2020-02-19,2020-04-21,2020-03-03,-0.071492964162582,44.0,0.5568350131476418,P1
P1 XLK,incumbent,B_bear_2022,-1.2647380048313601,,,-0.026844950354008912,,,modern_folds,-0.01075179716798036,2022-01-03,2022-01-14,2022-01-14,-0.026844950354008912,10.0,0.3839446473676471,P1
P1 XLK,incumbent,E2007_09_gfc,-0.6712873808996835,,,-0.09043304874667868,,,market_factor_A0_calendar,-0.031236710497428044,2007-10-31,2008-01-08,2007-12-04,-0.05856422214703361,47.0,0.6843870950367977,P1
P1 XLK,incumbent,E2011_eu_us,-0.6015558381200493,,,-0.086149147916594,,,market_factor_A0_calendar,-0.04602944883913174,2011-05-10,2011-08-19,2011-08-05,-0.06386458096983605,72.0,0.8486942843485389,P1
P1 XLK,incumbent,E2015_16_china,-0.9003554739405594,,,-0.03129490077790931,,,market_factor_A0_calendar,-0.02151077018918346,2015-06-01,2015-11-13,2015-06-18,-0.018401570194817807,118.0,0.7030202570194131,P1
P1 XLK,incumbent,K2013_14_bull,1.2128684165200925,,,-0.04683684640869379,,,calm_controls,0.21063036142009417,2013-05-17,2013-06-24,,-0.04683684640869379,26.0,0.830002835933788,P1
P1 XLK,incumbent,A_bull_2021,1.0949058543282344,,,-0.05519270765022144,,,calm_controls,0.1134693683461816,2021-08-30,2021-11-01,2021-10-05,-0.05378346854327454,45.0,0.8520227928601892,P1
P1 XLK,incumbent,D_recent_2025plus,1.040708264035397,,,-0.0746694195846681,,,calm_controls,0.25946698754542363,2025-10-29,2026-03-30,,-0.0746694195846681,104.0,0.49196394793002896,P1
P1 XLK,H_parity,FULL,0.6617953043612824,0.04589944829611681,2.5730144878406156,-0.04831406451757003,0.2261613618096697,1.3655270945743063,,,,,,,,,P1
P1 XLK,H_parity,E_bear_2018q4,-1.7233324301694382,,,-0.03947775736221126,,,modern_folds,-0.02222375184854486,2018-10-03,2018-10-25,2018-10-11,-0.038144645493474405,17.0,0.47822285292435335,P1
P1 XLK,H_parity,X_2020_covid,0.8002163969563489,,,-0.04831406451756992,,,modern_folds,0.038476247900913085,2020-02-19,2020-04-21,2020-03-03,-0.03521240137337134,44.0,0.27801315841495544,P1
P1 XLK,H_parity,B_bear_2022,-1.2667745854890526,,,-0.013348168559002782,,,modern_folds,0.0011529422213276685,2022-01-03,2022-01-14,2022-01-14,-0.013348168559002782,10.0,0.19072389146565552,P1
P1 XLK,H_parity,E2007_09_gfc,-0.6648151256427931,,,-0.04165881574327146,,,market_factor_A0_calendar,-0.0008381227301192951,2007-10-31,2008-01-08,2007-12-04,-0.027486201092763896,47.0,0.3421935475183989,P1
P1 XLK,H_parity,E2011_eu_us,-0.6538020820477325,,,-0.04260412315225148,,,market_factor_A0_calendar,-0.02313132217481828,2011-05-10,2011-08-19,2011-08-05,-0.031553570277480736,72.0,0.4189179680141649,P1
P1 XLK,H_parity,E2015_16_china,-0.913414535575735,,,-0.015575424369097979,,,market_factor_A0_calendar,-0.010719696644475363,2015-06-01,2015-11-13,2015-06-18,-0.009158084081044349,118.0,0.34976581369842996,P1
P1 XLK,H_parity,K2013_14_bull,1.1904055319137543,,,-0.023363228059316232,,,calm_controls,0.09853913564426042,2013-05-17,2013-06-24,,-0.023363228059316232,26.0,0.415001417966894,P1
P1 XLK,H_parity,A_bull_2021,1.0725907048680918,,,-0.027507661290006147,,,calm_controls,0.05457834479468415,2021-08-30,2021-11-01,2021-10-05,-0.026812907727853608,45.0,0.4260113964300947,P1
P1 XLK,H_parity,D_recent_2025plus,1.0305510710511212,,,-0.031273547697692305,,,calm_controls,0.16433293628550638,2026-01-28,2026-03-30,,-0.031273547697692305,43.0,0.2634959326087756,P1
P1 XLK,H_full,FULL,0.6451040052632712,0.06988228380329908,1.7059194307019183,-0.09799049428025042,0.4425660272301947,3.01200560091818,,,,,,,,,P1
P1 XLK,H_full,E_bear_2018q4,-1.756069405421861,,,-0.07791767266921168,,,modern_folds,-0.05560488503403138,2018-10-03,2018-10-25,2018-10-11,-0.07432984014892596,17.0,0.9562878919657722,P1
P1 XLK,H_full,X_2020_covid,0.7783378417665335,,,-0.09452717995004767,,,modern_folds,0.06769455746788866,2020-02-19,2020-04-21,2020-02-28,-0.06858276636646188,44.0,0.5551314387200135,P1
P1 XLK,H_full,B_bear_2022,-1.269471580723141,,,-0.02625186508805144,,,modern_folds,-0.01021073647840387,2022-01-03,2022-01-14,2022-01-14,-0.02625186508805144,10.0,0.37736383149785346,P1
P1 XLK,H_full,E2007_09_gfc,-0.6553007807651929,,,-0.08557081117304344,,,market_factor_A0_calendar,-0.027633132613744116,2007-10-31,2008-01-08,2007-12-04,-0.05684542562465522,47.0,0.6843870950367977,P1
P1 XLK,H_full,E2011_eu_us,-0.7161838179001021,,,-0.08254065469619387,,,market_factor_A0_calendar,-0.04885068278897153,2011-05-10,2011-08-19,2011-08-05,-0.060953566514134305,72.0,0.8248742234437176,P1
P1 XLK,H_full,E2015_16_china,-0.9287588480306155,,,-0.03083457881535301,,,market_factor_A0_calendar,-0.021495783716396155,2015-06-01,2015-11-13,2015-06-18,-0.018132382741831266,118.0,0.6960202512543382,P1
P1 XLK,H_full,K2013_14_bull,1.1603455330080734,,,-0.0461413808707567,,,calm_controls,0.1936308803335478,2013-05-17,2013-06-24,,-0.0461413808707567,26.0,0.8256064713108561,P1
P1 XLK,H_full,A_bull_2021,1.0449944640651598,,,-0.05408915628484212,,,calm_controls,0.10448763413731954,2021-08-30,2021-11-01,2021-10-05,-0.052796394844432326,45.0,0.8520227928601892,P1
P1 XLK,H_full,D_recent_2025plus,1.0176683840726721,,,-0.07286986104631177,,,calm_controls,0.24805126061435012,2025-10-29,2026-03-30,,-0.07286986104631177,104.0,0.4919639479300289,P1
P1 XLK,buy_hold,FULL,0.6740524545044715,0.15576637578146246,1.2460588867744515,-0.5307414104882461,1.0,0.0,,,,,,,,,P1
P1 XLK,buy_hold,E_bear_2018q4,-0.3663173494039166,,,-0.23769100169779322,,,modern_folds,-0.055048488305762255,2018-10-03,2018-12-24,,-0.23769100169779322,57.0,1.0,P1
P1 XLK,buy_hold,X_2020_covid,1.0412301584738566,,,-0.31156294927089734,,,modern_folds,0.38086802480071036,2020-02-19,2020-03-23,,-0.31156294927089734,24.0,1.0,P1
P1 XLK,buy_hold,B_bear_2022,-0.8680763438815495,,,-0.33125073676765326,,,modern_folds,-0.27724892908138987,2022-01-03,2022-10-12,,-0.33125073676765326,196.0,1.0,P1
P1 XLK,buy_hold,E2007_09_gfc,-0.4335533346917815,,,-0.530741410488246,,,market_factor_A0_calendar,-0.3073263558515702,2007-10-31,2008-11-20,,-0.530741410488246,268.0,1.0,P1
P1 XLK,buy_hold,E2011_eu_us,-0.08067463187592984,,,-0.15894641235240703,,,market_factor_A0_calendar,-0.03561643835616479,2011-07-26,2011-08-19,,-0.15894641235240703,19.0,1.0,P1
P1 XLK,buy_hold,E2015_16_china,0.34799430521676544,,,-0.1369294605809127,,,market_factor_A0_calendar,0.04249737670514042,2015-07-20,2015-08-25,,-0.1369294605809127,27.0,1.0,P1
P1 XLK,buy_hold,K2013_14_bull,1.7056844648703178,,,-0.0795454545454547,,,calm_controls,0.4872637633525061,2014-09-18,2014-10-16,,-0.0795454545454547,21.0,1.0,P1
P1 XLK,buy_hold,A_bull_2021,1.6435587614712046,,,-0.0920577617328523,,,calm_controls,0.34765875561257253,2021-02-12,2021-03-08,,-0.0920577617328523,16.0,1.0,P1
P1 XLK,buy_hold,D_recent_2025plus,1.0084265815832376,,,-0.2565597667638485,,,calm_controls,0.6146972063161522,2025-02-19,2025-04-08,,-0.2565597667638485,35.0,1.0,P1
P1 IWM,incumbent,FULL,0.327280128351165,0.03898696271574309,0.7548376856080877,-0.12598831450929304,0.3092269803258615,2.0161626723634227,,,,,,,,,P1
P1 IWM,incumbent,E_bear_2018q4,-2.307486026472011,,,-0.0598945246161352,,,modern_folds,-0.043667503061823765,2018-09-04,2018-10-10,2018-10-10,-0.0598945246161352,27.0,0.9506181447391302,P1
P1 IWM,incumbent,X_2020_covid,0.6397401435772996,,,-0.10692067941731764,,,modern_folds,0.0485329514157713,2020-02-20,2020-09-24,2020-02-28,-0.07305259920634333,152.0,0.6783343776582801,P1
P1 IWM,incumbent,B_bear_2022,,,,0.0,,,modern_folds,0.012881409782865116,2022-01-03,2022-01-03,,0.0,1.0,0.0,P1
P1 IWM,incumbent,E2007_09_gfc,-0.8315488067521172,,,-0.06394352137577364,,,market_factor_A0_calendar,-0.03538844640192895,2007-10-09,2009-04-20,2007-12-04,-0.055795515324498224,385.0,0.427799193186449,P1
P1 IWM,incumbent,E2011_eu_us,-1.1064367017352437,,,-0.11848505831902423,,,market_factor_A0_calendar,-0.08155575343272303,2011-05-10,2011-10-03,2011-08-05,-0.0815656327479396,102.0,0.6241029293136185,P1
P1 IWM,incumbent,E2015_16_china,,,,0.0,,,market_factor_A0_calendar,0.0,2015-06-01,2015-06-01,,0.0,1.0,0.0,P1
P1 IWM,incumbent,K2013_14_bull,0.8428233186064015,,,-0.05645476953842998,,,calm_controls,0.15500165155903578,2014-01-22,2014-05-15,,-0.05645476953842998,80.0,0.7735974027158198,P1
P1 IWM,incumbent,A_bull_2021,0.6241315194986374,,,-0.0669952183896062,,,calm_controls,0.059353151199784016,2021-11-08,2021-12-01,,-0.0669952183896062,17.0,0.5305399087332651,P1
P1 IWM,incumbent,D_recent_2025plus,0.6850764654375553,,,-0.058359906306190035,,,calm_controls,0.17281317650817196,2026-01-22,2026-03-31,2026-03-31,-0.058359906306190035,48.0,0.5958090641121628,P1
P1 IWM,H_parity,FULL,0.3147654419030287,0.02784859183471422,1.3057121746984346,-0.06135662316315704,0.15194231365642685,1.1019966002618895,,,,,,,,,P1
P1 IWM,H_parity,E_bear_2018q4,-2.3096593500721,,,-0.027923896050716657,,,modern_folds,-0.014992807280998832,2018-09-04,2018-10-10,2018-10-10,-0.027923896050716657,27.0,0.46718925878627726,P1
P1 IWM,H_parity,X_2020_covid,0.6289346694074288,,,-0.05098916514895824,,,modern_folds,0.025361005497095634,2020-02-20,2020-09-24,2020-02-28,-0.035608469216069305,152.0,0.33528212574760385,P1
P1 IWM,H_parity,B_bear_2022,,,,0.0,,,modern_folds,0.012881409782865116,2022-01-03,2022-01-03,,0.0,1.0,0.0,P1
P1 IWM,H_parity,E2007_09_gfc,-0.8403196530494115,,,-0.026966190954006763,,,market_factor_A0_calendar,-0.0035554132205054545,2007-10-09,2008-01-04,2007-12-04,-0.025272457023684747,61.0,0.21258128766820703,P1
P1 IWM,H_parity,E2011_eu_us,-1.173721232083949,,,-0.05837995037700405,,,market_factor_A0_calendar,-0.04083172678580815,2011-05-10,2011-10-03,2011-08-05,-0.040381074570953635,102.0,0.3083472562387557,P1
P1 IWM,H_parity,E2015_16_china,,,,0.0,,,market_factor_A0_calendar,0.0,2015-06-01,2015-06-01,,0.0,1.0,0.0,P1
P1 IWM,H_parity,K2013_14_bull,0.8246970278857781,,,-0.028271684177763157,,,calm_controls,0.07414633973437579,2014-01-22,2014-05-15,,-0.028271684177763157,80.0,0.3867987013579099,P1
P1 IWM,H_parity,A_bull_2021,0.6060075012107051,,,-0.033271849943258824,,,calm_controls,0.02915318744813944,2021-11-08,2021-12-01,,-0.033271849943258824,17.0,0.2652699543666326,P1
P1 IWM,H_parity,D_recent_2025plus,0.6706067515629889,,,-0.026555024713153186,,,calm_controls,0.12339604225489476,2026-01-22,2026-03-31,2026-03-31,-0.026555024713153186,48.0,0.2979045320560814,P1
P1 IWM,H_full,FULL,0.29908255035971154,0.036013275315661675,0.7136333169678853,-0.1161838007019631,0.29726275584959183,2.381111926119634,,,,,,,,,P1
P1 IWM,H_full,E_bear_2018q4,-2.301264782423023,,,-0.053884414113060664,,,modern_folds,-0.038198662204797174,2018-09-04,2018-10-10,2018-10-10,-0.053884414113060664,27.0,0.8917472185526182,P1
P1 IWM,H_full,X_2020_covid,0.6074342480002553,,,-0.09736520246872138,,,modern_folds,0.04196448697986255,2020-02-20,2020-09-24,2020-02-28,-0.0682478356800873,152.0,0.6596133063567641,P1
P1 IWM,H_full,B_bear_2022,,,,0.0,,,modern_folds,0.012881409782865116,2022-01-03,2022-01-03,,0.0,1.0,0.0,P1
P1 IWM,H_full,E2007_09_gfc,-0.8438556309387569,,,-0.059363228525121325,,,market_factor_A0_calendar,-0.03194135672255016,2007-10-09,2009-04-20,2007-12-04,-0.05282459067277834,385.0,0.4134937667048386,P1
P1 IWM,H_full,E2011_eu_us,-1.2509631446627185,,,-0.11037244274248437,,,market_factor_A0_calendar,-0.08178387041763546,2011-05-10,2011-10-03,2011-08-05,-0.07820756943964846,102.0,0.6091510873642599,P1
P1 IWM,H_full,E2015_16_china,,,,0.0,,,market_factor_A0_calendar,0.0,2015-06-01,2015-06-01,,0.0,1.0,0.0,P1
P1 IWM,H_full,K2013_14_bull,0.8009852010602672,,,-0.05683514066605366,,,calm_controls,0.142254605932153,2014-01-22,2014-05-15,,-0.05683514066605366,80.0,0.7735974027158198,P1
P1 IWM,H_full,A_bull_2021,0.581566902725663,,,-0.06433012314059972,,,calm_controls,0.05316477319209034,2021-11-08,2021-12-01,,-0.06433012314059972,17.0,0.5305399087332651,P1
P1 IWM,H_full,D_recent_2025plus,0.6460389578770462,,,-0.057215617988302214,,,calm_controls,0.16474313590463896,2026-01-22,2026-03-31,2026-03-31,-0.057215617988302214,48.0,0.5958090641121628,P1
P1 IWM,buy_hold,FULL,0.3904438668578106,0.08562949827315491,0.5591160173616122,-0.5905393190720092,1.0,0.0,,,,,,,,,P1
P1 IWM,buy_hold,E_bear_2018q4,-0.9087843299031182,,,-0.26480769230769297,,,modern_folds,-0.08844926611359338,2018-09-04,2018-12-24,,-0.26480769230769297,78.0,1.0,P1
P1 IWM,buy_hold,X_2020_covid,0.7555214623539769,,,-0.40822480272021566,,,modern_folds,0.2386992308730258,2020-02-20,2020-03-23,,-0.40822480272021566,23.0,1.0,P1
P1 IWM,buy_hold,B_bear_2022,-0.7243614861595326,,,-0.26924882629107905,,,modern_folds,-0.20485995529982237,2022-01-03,2022-06-16,,-0.26924882629107905,115.0,1.0,P1
P1 IWM,buy_hold,E2007_09_gfc,-0.3952170019946755,,,-0.583958365222715,,,market_factor_A0_calendar,-0.3481409946885553,2007-10-09,2009-03-09,,-0.583958365222715,356.0,1.0,P1
P1 IWM,buy_hold,E2011_eu_us,-0.39960702986578067,,,-0.2852233676975946,,,market_factor_A0_calendar,-0.13626655275523303,2011-07-07,2011-10-03,,-0.2852233676975946,62.0,1.0,P1
P1 IWM,buy_hold,E2015_16_china,-0.49804237333068313,,,-0.2567664455995702,,,market_factor_A0_calendar,-0.0940737284181058,2015-06-23,2016-02-11,,-0.2567664455995702,162.0,1.0,P1
P1 IWM,buy_hold,K2013_14_bull,1.3025855424829955,,,-0.126936190940088,,,calm_controls,0.45692090395479834,2014-07-03,2014-10-13,,-0.126936190940088,71.0,1.0,P1
P1 IWM,buy_hold,A_bull_2021,0.7273639609193812,,,-0.1228730151786892,,,calm_controls,0.14537037037037015,2021-11-08,2021-12-20,,-0.1228730151786892,30.0,1.0,P1
P1 IWM,buy_hold,D_recent_2025plus,0.7584725113204771,,,-0.23749337104472334,,,calm_controls,0.3555473848699331,2025-01-21,2025-04-08,,-0.23749337104472334,55.0,1.0,P1
P1 EFA,incumbent,FULL,0.2707570744097055,0.033278775633935,0.44875885183937575,-0.1677418560517081,0.4302037795838273,1.8964448582687927,,,,,,,,,P1
P1 EFA,incumbent,E_bear_2018q4,,,,0.0,,,modern_folds,0.012274106120414352,2018-09-04,2018-09-04,,0.0,1.0,0.0,P1
P1 EFA,incumbent,X_2020_covid,-1.2664604456222832,,,-0.1305510996818322,,,modern_folds,-0.08139714108316498,2020-02-12,2020-11-18,2020-02-28,-0.07230312639960579,196.0,0.8189733135194948,P1
P1 EFA,incumbent,B_bear_2022,-1.5319958277013472,,,-0.04732151922472716,,,modern_folds,-0.024565384122098632,2022-01-12,2022-01-27,,-0.04732151922472716,11.0,0.7260490631664059,P1
P1 EFA,incumbent,E2007_09_gfc,-0.683222468715569,,,-0.08242453776955116,,,market_factor_A0_calendar,-0.030876233014437537,2007-10-31,2008-01-23,,-0.08242453776955116,57.0,0.5963957787746427,P1
P1 EFA,incumbent,E2011_eu_us,-1.2170057223953692,,,-0.10854311161466279,,,market_factor_A0_calendar,-0.08715756505218086,2011-05-02,2011-11-25,2011-08-09,-0.09498751811412653,146.0,0.5605936715826257,P1
P1 EFA,incumbent,E2015_16_china,,,,0.0,,,market_factor_A0_calendar,0.0,2015-06-01,2015-06-01,,0.0,1.0,0.0,P1
P1 EFA,incumbent,K2013_14_bull,0.4650605404646311,,,-0.07354733388022983,,,calm_controls,0.07993189272395584,2014-07-03,2014-09-30,2014-09-30,-0.07354733388022983,62.0,1.0,P1
P1 EFA,incumbent,A_bull_2021,0.5444309707116384,,,-0.07139992440119358,,,calm_controls,0.05133661241573639,2021-09-07,2021-12-01,,-0.07139992440119358,61.0,0.9562772652921632,P1
P1 EFA,incumbent,D_recent_2025plus,1.0734226448920292,,,-0.08511945046742797,,,calm_controls,0.2857560808567745,2025-03-07,2025-04-08,2025-04-07,-0.0842308578702573,23.0,0.7390722561591818,P1
P1 EFA,H_parity,FULL,0.26180102429710506,0.024119364631139062,0.8221127846382084,-0.06820692677416784,0.21103594106836968,1.077921125023227,,,,,,,,,P1
P1 EFA,H_parity,E_bear_2018q4,,,,0.0,,,modern_folds,0.012274106120414352,2018-09-04,2018-09-04,,0.0,1.0,0.0,P1
P1 EFA,H_parity,X_2020_covid,-1.3017581005910202,,,-0.06227033855215314,,,modern_folds,-0.03738386390937787,2020-02-12,2020-11-18,2020-02-28,-0.035036654296606295,196.0,0.40470671357051513,P1
P1 EFA,H_parity,B_bear_2022,-1.5254775460476353,,,-0.023005156987390474,,,modern_folds,-0.005246921709918029,2022-01-12,2022-01-27,,-0.023005156987390474,11.0,0.35283087174125755,P1
P1 EFA,H_parity,E2007_09_gfc,-0.6920647774140255,,,-0.03733213284364567,,,market_factor_A0_calendar,-0.0012637626022329318,2007-10-31,2008-01-23,,-0.03733213284364567,57.0,0.29716347243908536,P1
P1 EFA,H_parity,E2011_eu_us,-1.274029460008923,,,-0.053916943238660475,,,market_factor_A0_calendar,-0.04342951890369118,2011-05-02,2011-11-25,2011-08-05,-0.039675575094817894,146.0,0.27973397287917484,P1
P1 EFA,H_parity,E2015_16_china,,,,0.0,,,market_factor_A0_calendar,0.0,2015-06-01,2015-06-01,,0.0,1.0,0.0,P1
P1 EFA,H_parity,K2013_14_bull,0.4495665512618225,,,-0.036594063738226934,,,calm_controls,0.03925160028762398,2014-07-03,2014-09-30,2014-09-30,-0.036594063738226934,62.0,0.5,P1
P1 EFA,H_parity,A_bull_2021,0.5006267053897856,,,-0.03557027872966645,,,calm_controls,0.02381674737267314,2021-09-07,2021-12-01,,-0.03557027872966645,61.0,0.4781386326460816,P1
P1 EFA,H_parity,D_recent_2025plus,1.056626151259823,,,-0.040933518986004946,,,calm_controls,0.17557454148225426,2025-03-19,2025-04-08,,-0.040933518986004946,15.0,0.2926313872444574,P1
P1 EFA,H_full,FULL,0.24701914084369392,0.030642306113904727,0.43011372820280336,-0.16100434146420506,0.4123796176034743,2.412854214571164,,,,,,,,,P1
P1 EFA,H_full,E_bear_2018q4,,,,0.0,,,modern_folds,0.012274106120414352,2018-09-04,2018-09-04,,0.0,1.0,0.0,P1
P1 EFA,H_full,X_2020_covid,-1.3426201311137742,,,-0.1174699991774405,,,modern_folds,-0.07457037033290936,2020-02-12,2020-11-18,2020-02-28,-0.06781599307928343,196.0,0.7968680707539599,P1
P1 EFA,H_full,B_bear_2022,-1.5201709480674954,,,-0.043602363214525375,,,modern_folds,-0.021683843696003846,2022-01-12,2022-01-27,,-0.043602363214525375,11.0,0.6818339663891152,P1
P1 EFA,H_full,E2007_09_gfc,-0.6998976439637897,,,-0.0790328960424338,,,market_factor_A0_calendar,-0.029495606474040703,2007-10-31,2008-01-23,,-0.0790328960424338,57.0,0.5921591286087219,P1
P1 EFA,H_full,E2011_eu_us,-1.3394208482350685,,,-0.10405881565704067,,,market_factor_A0_calendar,-0.08596026470826346,2011-05-02,2011-11-25,2011-08-05,-0.07747999999458643,146.0,0.5576326699110404,P1
P1 EFA,H_full,E2015_16_china,,,,0.0,,,market_factor_A0_calendar,0.0,2015-06-01,2015-06-01,,0.0,1.0,0.0,P1
P1 EFA,H_full,K2013_14_bull,0.4263613856945829,,,-0.07134095040748989,,,calm_controls,0.06996682808232646,2014-07-03,2014-09-30,2014-09-30,-0.07134095040748989,62.0,1.0,P1
P1 EFA,H_full,A_bull_2021,0.44584810178162765,,,-0.07021608625419518,,,calm_controls,0.03901850912907978,2021-06-15,2021-12-01,,-0.07021608625419518,119.0,0.8112914000152258,P1
P1 EFA,H_full,D_recent_2025plus,1.0211699530741054,,,-0.0817007237294014,,,calm_controls,0.26614751225777655,2025-03-07,2025-04-08,2025-04-07,-0.08094853434510896,23.0,0.7305654936069085,P1
P1 EFA,buy_hold,FULL,0.26149453107399373,0.04884088529823516,0.26516241034557153,-0.6103491271820449,1.0,0.0,,,,,,,,,P1
P1 EFA,buy_hold,E_bear_2018q4,-0.5860258381937791,,,-0.16275632736005918,,,modern_folds,-0.035236480120595104,2018-09-26,2018-12-24,,-0.16275632736005918,62.0,1.0,P1
P1 EFA,buy_hold,X_2020_covid,0.49197948674831066,,,-0.3338555265448213,,,modern_folds,0.10712999639899157,2020-02-12,2020-03-23,,-0.3338555265448213,28.0,1.0,P1
P1 EFA,buy_hold,B_bear_2022,-0.6420879208963632,,,-0.28740270971461435,,,modern_folds,-0.14402451481103196,2022-01-12,2022-09-27,,-0.28740270971461435,178.0,1.0,P1
P1 EFA,buy_hold,E2007_09_gfc,-0.5183088464034015,,,-0.6103491271820447,,,market_factor_A0_calendar,-0.400346620450606,2007-10-31,2009-03-09,,-0.6103491271820447,340.0,1.0,P1
P1 EFA,buy_hold,E2011_eu_us,-0.761688271515251,,,-0.2585646411602893,,,market_factor_A0_calendar,-0.19481500125849427,2011-05-02,2011-11-25,,-0.2585646411602893,146.0,1.0,P1
P1 EFA,buy_hold,E2015_16_china,-0.7092352432008692,,,-0.21891272651530913,,,market_factor_A0_calendar,-0.12001687407719852,2015-06-23,2016-02-11,,-0.21891272651530913,162.0,1.0,P1
P1 EFA,buy_hold,K2013_14_bull,0.5654739539013398,,,-0.13986874487284673,,,calm_controls,0.1392471703079785,2014-07-03,2014-10-16,,-0.13986874487284673,74.0,1.0,P1
P1 EFA,buy_hold,A_bull_2021,0.9115390552586426,,,-0.06969783352337544,,,calm_controls,0.11449016100178744,2021-09-07,2021-12-01,,-0.06969783352337544,61.0,1.0,P1
P1 EFA,buy_hold,D_recent_2025plus,1.2804999194574778,,,-0.14055528011898866,,,calm_controls,0.5068188143612566,2025-03-19,2025-04-08,,-0.14055528011898866,15.0,1.0,P1
P1 EEM,incumbent,FULL,0.22383690157652103,0.02847731872959902,0.26306671885435,-0.20847966348529468,0.3116251731155772,2.30927847500136,,,,,,,,,P1
P1 EEM,incumbent,E_bear_2018q4,,,,0.0,,,modern_folds,0.012274106120414352,2018-09-04,2018-09-04,,0.0,1.0,0.0,P1
P1 EEM,incumbent,X_2020_covid,1.463125737140849,,,-0.05950638313148504,,,modern_folds,0.11426564802545469,2020-02-12,2020-06-11,2020-03-02,-0.046577283211995835,84.0,0.4905333543922834,P1
P1 EEM,incumbent,B_bear_2022,,,,0.0,,,modern_folds,0.012881409782865116,2022-01-03,2022-01-03,,0.0,1.0,0.0,P1
P1 EEM,incumbent,E2011_eu_us,-2.020206656132222,,,-0.1288990772357982,,,market_factor_A0_calendar,-0.1210065456957411,2011-05-02,2011-09-22,2011-08-09,-0.10090583115152707,101.0,0.47570241067549474,P1
P1 EEM,incumbent,E2015_16_china,0.24107345216344464,,,-0.0167124834342931,,,market_factor_A0_calendar,0.00372157322286637,2015-06-01,2016-03-15,,-0.0167124834342931,200.0,0.0,P1
P1 EEM,incumbent,K2013_14_bull,-0.9795835748002035,,,-0.09561794542400748,,,calm_controls,-0.0770560006151928,2013-01-02,2013-06-12,2013-03-18,-0.04925623963492831,112.0,0.8066190494266938,P1
P1 EEM,incumbent,A_bull_2021,-0.5466856564238309,,,-0.11130011487909175,,,calm_controls,-0.05630766672028997,2021-02-17,2021-11-29,2021-11-29,-0.11130011487909175,199.0,0.5105868729772618,P1
P1 EEM,incumbent,D_recent_2025plus,1.2314814876798945,,,-0.07896291291982172,,,calm_controls,0.32521375100427363,2025-03-17,2025-04-08,,-0.07896291291982172,17.0,0.5242240143530059,P1
P1 EEM,H_parity,FULL,0.2219998264469285,0.021779293623398033,0.436654522676897,-0.10585987598886737,0.15314067753606792,1.2373854332519179,,,,,,,,,P1
P1 EEM,H_parity,E_bear_2018q4,,,,0.0,,,modern_folds,0.012274106120414352,2018-09-04,2018-09-04,,0.0,1.0,0.0,P1
P1 EEM,H_parity,X_2020_covid,1.4553770440848477,,,-0.027343738816234642,,,modern_folds,0.0569309165502927,2020-02-12,2020-06-11,2020-03-02,-0.022131650775793155,84.0,0.2391254790826586,P1
P1 EEM,H_parity,B_bear_2022,,,,0.0,,,modern_folds,0.012881409782865116,2022-01-03,2022-01-03,,0.0,1.0,0.0,P1
P1 EEM,H_parity,E2011_eu_us,-2.043856059024268,,,-0.06361005652075014,,,market_factor_A0_calendar,-0.0598107217387579,2011-05-02,2011-09-22,2011-08-09,-0.04998454025392629,101.0,0.2375196806021072,P1
P1 EEM,H_parity,E2015_16_china,0.2486542131326385,,,-0.0081617384375966,,,market_factor_A0_calendar,0.0019226296544103683,2015-06-01,2016-03-15,,-0.0081617384375966,200.0,0.0,P1
P1 EEM,H_parity,K2013_14_bull,-0.9823207550451749,,,-0.04739708435913659,,,calm_controls,-0.037817746921243844,2013-01-02,2013-06-12,2013-03-18,-0.024555577339502088,112.0,0.4033095247133469,P1
P1 EEM,H_parity,A_bull_2021,-0.5497131883847816,,,-0.05532164716477728,,,calm_controls,-0.026524641479951594,2021-02-17,2021-11-29,2021-11-29,-0.05532164716477728,199.0,0.25529343648863095,P1
P1 EEM,H_parity,D_recent_2025plus,1.2167185930032756,,,-0.03769665820821955,,,calm_controls,0.19374552223695374,2025-03-17,2025-04-08,,-0.03769665820821955,17.0,0.26147546432541413,P1
P1 EEM,H_full,FULL,0.2151895020588357,0.02731366535708446,0.2685121509020451,-0.19889945816986732,0.2995683441899773,2.631412661119685,,,,,,,,,P1
P1 EEM,H_full,E_bear_2018q4,,,,0.0,,,modern_folds,0.012274106120414352,2018-09-04,2018-09-04,,0.0,1.0,0.0,P1
P1 EEM,H_full,X_2020_covid,1.4452137392640092,,,-0.054643081739029986,,,modern_folds,0.10669834565793601,2020-02-12,2020-06-11,2020-03-02,-0.04332566491111833,84.0,0.46390381937074987,P1
P1 EEM,H_full,B_bear_2022,,,,0.0,,,modern_folds,0.012881409782865116,2022-01-03,2022-01-03,,0.0,1.0,0.0,P1
P1 EEM,H_full,E2011_eu_us,-2.069743401952478,,,-0.11965476948084874,,,market_factor_A0_calendar,-0.11337240360762191,2011-05-02,2011-09-22,2011-08-09,-0.0958271192860658,101.0,0.4743624519728855,P1
P1 EEM,H_full,E2015_16_china,0.255886022849644,,,-0.015840924704201065,,,market_factor_A0_calendar,0.0038192788135218425,2015-06-01,2016-03-15,,-0.015840924704201065,200.0,0.0,P1
P1 EEM,H_full,K2013_14_bull,-0.9862657493662756,,,-0.09069127300910951,,,calm_controls,-0.07280266299532212,2013-01-02,2013-06-12,2013-03-18,-0.04834044759873579,112.0,0.8066190494266938,P1
P1 EEM,H_full,A_bull_2021,-0.5534497147516332,,,-0.10702074577123877,,,calm_controls,-0.052490256909130006,2021-02-17,2021-11-29,2021-11-29,-0.10702074577123877,199.0,0.5105868729772618,P1
P1 EEM,H_full,D_recent_2025plus,1.1880550463380506,,,-0.07544499692954632,,,calm_controls,0.3069579553188606,2025-03-17,2025-04-08,,-0.07544499692954632,17.0,0.5185389867603476,P1
P1 EEM,buy_hold,FULL,0.3707251156856959,0.074070078670597,0.43328221219984425,-0.3981282901150318,1.0,0.0,,,,,,,,,P1
P1 EEM,buy_hold,E_bear_2018q4,-0.033243686281488945,,,-0.12101026922009439,,,modern_folds,-0.0022234574763749793,2018-09-21,2018-10-29,,-0.12101026922009439,27.0,1.0,P1
P1 EEM,buy_hold,X_2020_covid,0.8531756569596193,,,-0.31623493203385455,,,modern_folds,0.24706844832288044,2020-02-12,2020-03-23,,-0.31623493203385455,28.0,1.0,P1
P1 EEM,buy_hold,B_bear_2022,-0.9137893911415201,,,-0.32701111837802477,,,modern_folds,-0.20540172492056286,2022-01-12,2022-10-24,,-0.32701111837802477,197.0,1.0,P1
P1 EEM,buy_hold,E2011_eu_us,-0.8420512697455791,,,-0.306105380540842,,,market_factor_A0_calendar,-0.22637301366044005,2011-05-02,2011-10-03,,-0.306105380540842,108.0,1.0,P1
P1 EEM,buy_hold,E2015_16_china,-0.6594511867844671,,,-0.29722135497970625,,,market_factor_A0_calendar,-0.14798626287855088,2015-06-02,2016-01-20,,-0.29722135497970625,161.0,1.0,P1
P1 EEM,buy_hold,K2013_14_bull,-0.1360442007205569,,,-0.18961424332344168,,,calm_controls,-0.0741301059001489,2013-01-02,2013-06-24,,-0.18961424332344168,120.0,1.0,P1
P1 EEM,buy_hold,A_bull_2021,-0.1191127865004521,,,-0.16611425229089383,,,calm_controls,-0.036518696698009334,2021-02-17,2021-12-20,,-0.16611425229089383,214.0,1.0,P1
P1 EEM,buy_hold,D_recent_2025plus,1.266373658836765,,,-0.1503178928247042,,,calm_controls,0.6614967996061085,2025-03-17,2025-04-08,,-0.1503178928247042,17.0,1.0,P1
P1 TLT,incumbent,FULL,0.13749907226514158,0.02088463430397991,0.21809376141317913,-0.1639494170820518,0.3098041643726249,2.0092370386595944,,,,,,,,,P1
P1 TLT,incumbent,E_bear_2018q4,,,,0.0,,,modern_folds,0.012274106120414352,2018-09-04,2018-09-04,,0.0,1.0,0.0,P1
P1 TLT,incumbent,X_2020_covid,0.5102052199189807,,,-0.0815969606858098,,,modern_folds,0.04910331225492426,2020-08-04,2020-11-10,,-0.0815969606858098,70.0,0.8556798125839657,P1
P1 TLT,incumbent,B_bear_2022,,,,0.0,,,modern_folds,0.012881409782865116,2022-01-03,2022-01-03,,0.0,1.0,0.0,P1
P1 TLT,incumbent,E2011_eu_us,2.0563250288164476,,,-0.040355515948584664,,,market_factor_A0_calendar,0.15454531711134933,2011-10-03,2011-10-27,,-0.040355515948584664,19.0,0.32149320399979414,P1
P1 TLT,incumbent,E2015_16_china,0.052158198828762235,,,-0.02730357972516828,,,market_factor_A0_calendar,0.0009786052387392719,2015-08-21,2015-09-02,,-0.02730357972516828,9.0,0.6681305791598798,P1
P1 TLT,incumbent,K2013_14_bull,1.0523293567210665,,,-0.045488998406405856,,,calm_controls,0.10743120049631338,2014-08-29,2014-09-17,,-0.045488998406405856,13.0,0.9829935453196793,P1
P1 TLT,incumbent,A_bull_2021,-1.8641436816158272,,,-0.05806599534125556,,,calm_controls,-0.05900691066456787,2021-01-04,2021-02-08,2021-02-08,-0.05806599534125556,25.0,0.8749860302920607,P1
P1 TLT,incumbent,D_recent_2025plus,-0.5037590333385298,,,-0.08910669950557903,,,calm_controls,0.004242040650953349,2026-02-27,2026-08-17,,-0.08910669950557903,118.0,1.0,P1
P1 TLT,H_parity,FULL,0.1428359382404291,0.017995024846850338,0.4204958655045725,-0.08145217997524912,0.15109922143617274,1.091098804296603,,,,,,,,,P1
P1 TLT,H_parity,E_bear_2018q4,,,,0.0,,,modern_folds,0.012274106120414352,2018-09-04,2018-09-04,,0.0,1.0,0.0,P1
P1 TLT,H_parity,X_2020_covid,0.5087370859976801,,,-0.04059349900804654,,,modern_folds,0.027034962839879828,2020-08-04,2020-11-10,,-0.04059349900804654,70.0,0.4262835890738627,P1
P1 TLT,H_parity,B_bear_2022,,,,0.0,,,modern_folds,0.012881409782865116,2022-01-03,2022-01-03,,0.0,1.0,0.0,P1
P1 TLT,H_parity,E2011_eu_us,2.0303789314672462,,,-0.02011430160490424,,,market_factor_A0_calendar,0.07346175502936458,2011-10-03,2011-10-27,,-0.02011430160490424,19.0,0.1599936265224745,P1
P1 TLT,H_parity,E2015_16_china,0.038782964030056655,,,-0.012819337147001009,,,market_factor_A0_calendar,0.00039535371843291145,2015-08-21,2015-09-02,,-0.012819337147001009,9.0,0.31371188910003184,P1
P1 TLT,H_parity,K2013_14_bull,1.0447353346142632,,,-0.02265440114479067,,,calm_controls,0.05215248419350926,2014-08-29,2014-09-17,,-0.02265440114479067,13.0,0.49149677265983965,P1
P1 TLT,H_parity,A_bull_2021,-1.8680621505019017,,,-0.02730630485344332,,,calm_controls,-0.027765934690770044,2021-01-04,2021-02-08,2021-02-08,-0.02730630485344332,25.0,0.4138157512354336,P1
P1 TLT,H_parity,D_recent_2025plus,-0.5195144012375239,,,-0.03688699859931599,,,calm_controls,0.04067842468229599,2026-02-27,2026-08-17,,-0.03688699859931599,118.0,0.5,P1
P1 TLT,H_full,FULL,0.1451828296861545,0.021130406639121357,0.2365432224115767,-0.1577545601779119,0.2926851359252804,2.3451560325737293,,,,,,,,,P1
P1 TLT,H_full,E_bear_2018q4,,,,0.0,,,modern_folds,0.012274106120414352,2018-09-04,2018-09-04,,0.0,1.0,0.0,P1
P1 TLT,H_full,X_2020_covid,0.5029618278642515,,,-0.07918601866775976,,,modern_folds,0.04647849419316419,2020-08-04,2020-12-04,,-0.07918601866775976,87.0,0.8494426851601143,P1
P1 TLT,H_full,B_bear_2022,,,,0.0,,,modern_folds,0.012881409782865116,2022-01-03,2022-01-03,,0.0,1.0,0.0,P1
P1 TLT,H_full,E2011_eu_us,1.998750504624415,,,-0.03959462826368709,,,market_factor_A0_calendar,0.14488881850932578,2011-10-03,2011-10-27,,-0.03959462826368709,19.0,0.3184351178340193,P1
P1 TLT,H_full,E2015_16_china,0.02228266063140605,,,-0.023790969054624744,,,market_factor_A0_calendar,0.0001957412626869548,2015-08-21,2015-09-02,,-0.023790969054624744,9.0,0.5860000089012465,P1
P1 TLT,H_full,K2013_14_bull,1.0347010498659077,,,-0.04441306743997642,,,calm_controls,0.10365269850528147,2014-08-29,2014-09-17,,-0.04441306743997642,13.0,0.9829935453196793,P1
P1 TLT,H_full,A_bull_2021,-1.873862876783257,,,-0.050005147108157066,,,calm_controls,-0.05084945131053209,2021-01-04,2021-02-08,2021-02-08,-0.050005147108157066,25.0,0.7774519873160587,P1
P1 TLT,H_full,D_recent_2025plus,-0.5630571864619246,,,-0.08529239452588411,,,calm_controls,0.0024655909159467804,2025-10-22,2026-08-17,,-0.08529239452588411,205.0,1.0,P1
P1 TLT,buy_hold,FULL,0.14580533067089085,0.02460244966017866,0.1116668253583204,-0.4835396736072023,1.0,0.0,,,,,,,,,P1
P1 TLT,buy_hold,E_bear_2018q4,-0.1041665642179613,,,-0.06348873755893181,,,modern_folds,0.005734542800541753,2018-09-06,2018-11-02,,-0.06348873755893181,42.0,1.0,P1
P1 TLT,buy_hold,X_2020_covid,0.5443186467912728,,,-0.15728265494256122,,,modern_folds,0.09720250521920559,2020-03-09,2020-03-18,,-0.15728265494256122,8.0,1.0,P1
P1 TLT,buy_hold,B_bear_2022,-1.80862549813732,,,-0.3494469479721418,,,modern_folds,-0.3124301898835158,2022-01-03,2022-10-24,,-0.3494469479721418,204.0,1.0,P1
P1 TLT,buy_hold,E2011_eu_us,1.9495429383015401,,,-0.10904222952415787,,,market_factor_A0_calendar,0.3286392664155915,2011-10-03,2011-10-27,,-0.10904222952415787,19.0,1.0,P1
P1 TLT,buy_hold,E2015_16_china,0.7654442382299872,,,-0.05813829218766664,,,market_factor_A0_calendar,0.08722154494070722,2015-08-21,2015-09-16,,-0.05813829218766664,18.0,1.0,P1
P1 TLT,buy_hold,K2013_14_bull,0.467708430668256,,,-0.17062107466852827,,,calm_controls,0.10278578290105189,2013-05-01,2013-08-21,,-0.17062107466852827,79.0,1.0,P1
P1 TLT,buy_hold,A_bull_2021,-0.2710676779010654,,,-0.14797317890886896,,,calm_controls,-0.0460461222315226,2021-01-04,2021-03-18,,-0.14797317890886896,52.0,1.0,P1
P1 TLT,buy_hold,D_recent_2025plus,-0.2953631967394589,,,-0.09226020349834185,,,calm_controls,0.009087559867373418,2025-04-04,2025-05-21,,-0.09226020349834185,33.0,1.0,P1
P1 GLD,incumbent,FULL,0.450163737186781,0.04724596817291293,0.42737327014659376,-0.2423477213534624,0.35658794605984623,2.64120593815235,,,,,,,,,P1
P1 GLD,incumbent,E_bear_2018q4,1.712371025850209,,,-0.021389108129439505,,,modern_folds,0.06297328133538116,2019-02-19,2019-02-28,,-0.021389108129439505,8.0,1.0,P1
P1 GLD,incumbent,X_2020_covid,1.1150200627498903,,,-0.08479803704013966,,,modern_folds,0.11557889927797249,2020-08-06,2020-11-30,,-0.08479803704013966,81.0,0.6929451015527576,P1
P1 GLD,incumbent,B_bear_2022,-0.03920028344958769,,,-0.04349471753083556,,,modern_folds,0.01035232465980207,2022-03-08,2022-04-25,,-0.04349471753083556,34.0,0.7316456301794463,P1
P1 GLD,incumbent,E2011_eu_us,0.3919867373209344,,,-0.07746530105214977,,,market_factor_A0_calendar,0.024897998406294697,2011-08-22,2011-12-30,2011-12-30,-0.07746530105214977,92.0,0.4571359081061112,P1
P1 GLD,incumbent,E2015_16_china,-0.024969412038613813,,,-0.020287617743420694,,,market_factor_A0_calendar,-0.0008913680686204462,2016-03-10,2016-03-24,,-0.020287617743420694,11.0,0.4728066150705243,P1
P1 GLD,incumbent,K2013_14_bull,-0.41406329938780634,,,-0.02588627611855643,,,calm_controls,-0.01585298099821497,2014-07-11,2014-07-15,,-0.02588627611855643,3.0,0.7840689699962485,P1
P1 GLD,incumbent,A_bull_2021,-1.5234460682984141,,,-0.07900082051953294,,,calm_controls,-0.06431804525244422,2021-01-05,2021-06-14,2021-03-01,-0.07107334264144827,111.0,0.6355917316732489,P1
P1 GLD,incumbent,D_recent_2025plus,1.8605573805233169,,,-0.09633988367477109,,,calm_controls,0.4618029258771479,2026-01-29,2026-06-10,,-0.09633988367477109,92.0,0.34748195190081277,P1
P1 GLD,H_parity,FULL,0.4513829032660632,0.031700439660411917,0.6042477684319902,-0.1190767073030845,0.17375270679338617,1.4152351448194342,,,,,,,,,P1
P1 GLD,H_parity,E_bear_2018q4,1.6674905408923384,,,-0.010162599260173932,,,modern_folds,0.03577902950280332,2019-02-19,2019-02-28,,-0.010162599260173932,8.0,0.4864161251020463,P1
P1 GLD,H_parity,X_2020_covid,1.110615820484694,,,-0.04217895265145,,,modern_folds,0.05850689129054665,2020-08-06,2020-11-30,,-0.04217895265145,81.0,0.3464725507763788,P1
P1 GLD,H_parity,B_bear_2022,-0.034660674574524146,,,-0.021703726061755635,,,modern_folds,0.011942923876617773,2022-03-08,2022-04-25,,-0.021703726061755635,34.0,0.36582281508972314,P1
P1 GLD,H_parity,E2011_eu_us,0.39726563138053905,,,-0.038563901879937856,,,market_factor_A0_calendar,0.013339232656208955,2011-08-22,2011-12-30,2011-12-30,-0.038563901879937856,92.0,0.2285679540530556,P1
P1 GLD,H_parity,E2015_16_china,-0.03079682639456506,,,-0.010141374468774167,,,market_factor_A0_calendar,-0.0004307523790121337,2016-03-10,2016-03-24,,-0.010141374468774167,11.0,0.23531336249094897,P1
P1 GLD,H_parity,K2013_14_bull,-0.4176456489812962,,,-0.012927612642042563,,,calm_controls,-0.007881143532378787,2014-07-11,2014-07-15,,-0.012927612642042563,3.0,0.3920344849981244,P1
P1 GLD,H_parity,A_bull_2021,-1.5210879557263421,,,-0.03815614453897831,,,calm_controls,-0.0307824105079072,2021-01-05,2021-06-14,2021-03-01,-0.03436743067212544,111.0,0.30883107584516767,P1
P1 GLD,H_parity,D_recent_2025plus,1.864640173176686,,,-0.04255043526031732,,,calm_controls,0.2551353628317119,2026-01-29,2026-06-10,,-0.04255043526031732,92.0,0.1737409759504064,P1
P1 GLD,H_full,FULL,0.4501217075852119,0.04586562752750045,0.4176539247865293,-0.23893104240511398,0.33609837617235266,3.0024208520806517,,,,,,,,,P1
P1 GLD,H_full,E_bear_2018q4,1.6110952404118655,,,-0.019770436455398777,,,modern_folds,0.05395851618354164,2019-02-19,2019-02-28,,-0.019770436455398777,8.0,0.9094544578495055,P1
P1 GLD,H_full,X_2020_covid,1.1027409783165245,,,-0.08206466321933681,,,modern_folds,0.10980816144771133,2020-08-06,2020-11-30,,-0.08206466321933681,81.0,0.6929451015527576,P1
P1 GLD,H_full,B_bear_2022,-0.03061582412587126,,,-0.04292071862992419,,,modern_folds,0.010775800961485116,2022-03-08,2022-04-25,,-0.04292071862992419,34.0,0.7316456301794463,P1
P1 GLD,H_full,E2011_eu_us,0.4003346243073608,,,-0.07533478406775584,,,market_factor_A0_calendar,0.024762825893292595,2011-08-22,2011-12-30,2011-12-30,-0.07533478406775584,92.0,0.4571359081061112,P1
P1 GLD,H_full,E2015_16_china,-0.03763405801479008,,,-0.020256154248707636,,,market_factor_A0_calendar,-0.001164134554767715,2016-03-10,2016-03-24,,-0.020256154248707636,11.0,0.46844028559245526,P1
P1 GLD,H_full,K2013_14_bull,-0.4215764626940946,,,-0.02569724132914375,,,calm_controls,-0.015904354367269002,2014-07-11,2014-07-15,,-0.02569724132914375,3.0,0.7840689699962485,P1
P1 GLD,H_full,A_bull_2021,-1.5196748666980706,,,-0.07114535125329624,,,calm_controls,-0.05751198480590258,2021-01-05,2021-06-14,2021-03-01,-0.06445387931479785,111.0,0.5969718955980547,P1
P1 GLD,H_full,D_recent_2025plus,1.869915119148875,,,-0.09142201931065463,,,calm_controls,0.4519340988782685,2026-01-29,2026-06-10,,-0.09142201931065463,92.0,0.34748195190081277,P1
P1 GLD,buy_hold,FULL,0.42117542276948344,0.07452742994611827,0.3105818235401255,-0.4555501381439945,1.0,0.0,,,,,,,,,P1
P1 GLD,buy_hold,E_bear_2018q4,1.7405880656861157,,,-0.026633553138648902,,,modern_folds,0.0923266672539862,2018-10-26,2018-11-12,,-0.026633553138648902,12.0,1.0,P1
P1 GLD,buy_hold,X_2020_covid,1.0368732846669866,,,-0.1403888802929495,,,modern_folds,0.19440166075135856,2020-08-06,2020-11-30,,-0.1403888802929495,81.0,1.0,P1
P1 GLD,buy_hold,B_bear_2022,-0.05901628889196952,,,-0.21032844237898762,,,modern_folds,-0.007721104351896324,2022-03-08,2022-09-26,,-0.21032844237898762,140.0,1.0,P1
P1 GLD,buy_hold,E2011_eu_us,0.0992047234354904,,,-0.18554634595590191,,,market_factor_A0_calendar,-0.0024939292511635403,2011-08-22,2011-12-29,,-0.18554634595590191,91.0,1.0,P1
P1 GLD,buy_hold,E2015_16_china,0.3132373237561325,,,-0.12851196670135323,,,market_factor_A0_calendar,0.03102541630149047,2015-06-18,2015-12-17,,-0.12851196670135323,128.0,1.0,P1
P1 GLD,buy_hold,K2013_14_bull,-0.8647783990103708,,,-0.32919899798374774,,,calm_controls,-0.29897543513146563,2013-01-22,2014-11-05,,-0.32919899798374774,453.0,1.0,P1
P1 GLD,buy_hold,A_bull_2021,-0.241280778169253,,,-0.13878711653086884,,,calm_controls,-0.04148912312177555,2021-01-05,2021-03-08,,-0.13878711653086884,43.0,1.0,P1
P1 GLD,buy_hold,D_recent_2025plus,1.202703567042244,,,-0.2640451703972574,,,calm_controls,0.6942138520629431,2026-01-29,2026-07-16,,-0.2640451703972574,116.0,1.0,P1
P2 UPRO,incumbent,FULL,0.6716283741348641,0.1602914358540568,1.1236871785348888,-0.3274987803631696,0.5433776147706093,2.9591846491731246,,,,,,,,,P2
P2 UPRO,incumbent,E_bear_2018q4,-1.5088391397279333,,,-0.18169066554597824,,,modern_folds,-0.1273277773669751,2018-09-20,2018-10-11,,-0.18169066554597824,16.0,1.0,P2
P2 UPRO,incumbent,X_2020_covid,0.7860062511150968,,,-0.23672765125931006,,,modern_folds,0.17965944066589712,2020-02-19,2020-06-11,2020-02-28,-0.23415070506495628,80.0,0.8574281590616493,P2
P2 UPRO,incumbent,B_bear_2022,-2.1303062620373954,,,-0.20847870232480292,,,modern_folds,-0.19156323933279906,2022-01-03,2022-08-30,2022-01-26,-0.15543605197646126,166.0,0.6085508761504368,P2
P2 UPRO,incumbent,E2011_eu_us,-1.0351888206224447,,,-0.3111133546216345,,,market_factor_A0_calendar,-0.23032020766480021,2011-05-02,2011-10-03,2011-08-05,-0.2342548756817685,108.0,0.8805957987982022,P2
P2 UPRO,incumbent,E2015_16_china,,,,0.0,,,market_factor_A0_calendar,0.0,2015-06-01,2015-06-01,,0.0,1.0,0.0,P2
P2 UPRO,incumbent,K2013_14_bull,1.2315700593317869,,,-0.17904469083915553,,,calm_controls,0.8500124970892808,2014-09-18,2014-10-15,,-0.17904469083915553,20.0,1.0,P2
P2 UPRO,incumbent,A_bull_2021,1.5913643284632366,,,-0.14410046124408415,,,calm_controls,0.556098280787007,2021-09-02,2021-10-04,,-0.14410046124408415,22.0,1.0,P2
P2 UPRO,incumbent,D_recent_2025plus,0.5745692608870123,,,-0.22314555657592194,,,calm_controls,0.3133554961158558,2026-01-12,2026-03-31,2026-03-31,-0.22314555657592194,55.0,0.9487893293147768,P2
P2 UPRO,H_parity,FULL,0.6340692036283107,0.08376346327344608,1.2872479545315003,-0.15365456299476,0.25861012851573256,1.9248089198734812,,,,,,,,,P2
P2 UPRO,H_parity,E_bear_2018q4,-1.5652902799151356,,,-0.08863337775445013,,,modern_folds,-0.0558574454048687,2018-09-20,2018-10-11,,-0.08863337775445013,16.0,0.4905375634325556,P2
P2 UPRO,H_parity,X_2020_covid,0.724450141513083,,,-0.11453713165164026,,,modern_folds,0.08233583969924507,2020-02-19,2020-06-26,2020-02-28,-0.11394801032388435,91.0,0.42658288490895147,P2
P2 UPRO,H_parity,B_bear_2022,-2.1557446578798762,,,-0.10084539907766632,,,modern_folds,-0.08648419818165576,2022-01-03,2022-08-30,2022-01-26,-0.07644549993927541,166.0,0.3019448427138572,P2
P2 UPRO,H_parity,E2011_eu_us,-1.240447127934317,,,-0.15036225216038557,,,market_factor_A0_calendar,-0.11499124165454411,2011-05-02,2011-10-03,2011-08-05,-0.11458871533847292,108.0,0.4402978993991011,P2
P2 UPRO,H_parity,E2015_16_china,,,,0.0,,,market_factor_A0_calendar,0.0,2015-06-01,2015-06-01,,0.0,1.0,0.0,P2
P2 UPRO,H_parity,K2013_14_bull,1.1786941044177037,,,-0.08823585621151009,,,calm_controls,0.3526304342958384,2014-09-18,2014-10-16,,-0.08823585621151009,21.0,0.49722755372015015,P2
P2 UPRO,H_parity,A_bull_2021,1.5246904815469202,,,-0.07144593715909153,,,calm_controls,0.24100760281318667,2021-09-02,2021-10-04,,-0.07144593715909153,22.0,0.4994679706182541,P2
P2 UPRO,H_parity,D_recent_2025plus,0.5009487835285924,,,-0.10677827287392017,,,calm_controls,0.1824999512240595,2026-01-12,2026-03-31,2026-03-31,-0.10677827287392017,55.0,0.4743946646573885,P2
P2 UPRO,H_full,FULL,0.5784109141569407,0.12080001162733645,0.8737047457143701,-0.28879862641635135,0.4824338914692814,4.656857453981626,,,,,,,,,P2
P2 UPRO,H_full,E_bear_2018q4,-1.6289440831722837,,,-0.15102314978782594,,,modern_folds,-0.1075928805634061,2018-09-20,2018-10-11,,-0.15102314978782594,16.0,0.8843218490487836,P2
P2 UPRO,H_full,X_2020_covid,0.61000638714023,,,-0.2078960243629664,,,modern_folds,0.10953191462084022,2020-02-19,2020-06-26,2020-02-26,-0.1553842810621564,91.0,0.8487407609985319,P2
P2 UPRO,H_full,B_bear_2022,-2.1785814518652735,,,-0.17902057632745338,,,modern_folds,-0.1617364665079667,2022-01-03,2022-08-30,2022-01-26,-0.13883421988697153,166.0,0.5907031110644348,P2
P2 UPRO,H_full,E2011_eu_us,-1.4920366105159868,,,-0.2562512222245835,,,market_factor_A0_calendar,-0.21994460198082988,2011-05-02,2011-10-03,2011-08-03,-0.16027982452437683,108.0,0.8805957987982022,P2
P2 UPRO,H_full,E2015_16_china,,,,0.0,,,market_factor_A0_calendar,0.0,2015-06-01,2015-06-01,,0.0,1.0,0.0,P2
P2 UPRO,H_full,K2013_14_bull,1.1023820368194028,,,-0.1634318007643626,,,calm_controls,0.657825387048049,2014-09-18,2014-10-16,2014-10-13,-0.1555450503240824,21.0,0.9875725996135467,P2
P2 UPRO,H_full,A_bull_2021,1.4344332662297965,,,-0.13634080234589518,,,calm_controls,0.44748236256042184,2021-09-02,2021-10-04,,-0.13634080234589518,22.0,0.9978650838575509,P2
P2 UPRO,H_full,D_recent_2025plus,0.376907018670917,,,-0.1974332365992757,,,calm_controls,0.19182123543213647,2026-01-12,2026-03-31,2026-03-27,-0.19378575221536287,55.0,0.9487893293147768,P2
P2 UPRO,buy_hold,FULL,0.7914113787075456,0.33091056710119093,1.532822329877317,-0.7681535269709543,1.0,0.0,,,,,,,,,P2
P2 UPRO,buy_hold,E_bear_2018q4,-0.4043387482028374,,,-0.5030608570399715,,,modern_folds,-0.16518188567186431,2018-09-20,2018-12-24,,-0.5030608570399715,66.0,1.0,P2
P2 UPRO,buy_hold,X_2020_covid,0.657387393000236,,,-0.7681535269709545,,,modern_folds,0.11114448783418629,2020-02-19,2020-03-23,,-0.7681535269709545,24.0,1.0,P2
P2 UPRO,buy_hold,B_bear_2022,-0.8205755249937124,,,-0.6394648829431437,,,modern_folds,-0.5685313733496664,2022-01-03,2022-10-12,,-0.6394648829431437,196.0,1.0,P2
P2 UPRO,buy_hold,E2011_eu_us,-0.2647987361145016,,,-0.5147928994082842,,,market_factor_A0_calendar,-0.3049853372434016,2011-05-02,2011-10-03,,-0.5147928994082842,108.0,1.0,P2
P2 UPRO,buy_hold,E2015_16_china,0.014868225123984535,,,-0.38850174216027944,,,market_factor_A0_calendar,-0.10384959713518405,2015-07-20,2016-02-11,,-0.38850174216027944,144.0,1.0,P2
P2 UPRO,buy_hold,K2013_14_bull,1.8146967694233689,,,-0.21079429735234212,,,calm_controls,2.0115273775216136,2014-09-18,2014-10-15,,-0.21079429735234212,20.0,1.0,P2
P2 UPRO,buy_hold,A_bull_2021,1.9689018154553841,,,-0.15195391561575622,,,calm_controls,0.9862124898621225,2021-09-02,2021-10-04,,-0.15195391561575622,22.0,1.0,P2
P2 UPRO,buy_hold,D_recent_2025plus,0.8413005077700079,,,-0.4886595831630566,,,calm_controls,0.7623025864042132,2025-02-19,2025-04-08,,-0.4886595831630566,35.0,1.0,P2
P2 TQQQ,incumbent,FULL,0.8640145313316812,0.2234639123185982,1.8003476112354473,-0.29413157041171745,0.4459190402244943,3.090070270524009,,,,,,,,,P2
P2 TQQQ,incumbent,E_bear_2018q4,-2.0909914357800057,,,-0.22989405862795564,,,modern_folds,-0.23079137937925065,2018-10-01,2018-10-25,2018-10-17,-0.2135585971569257,19.0,0.8980970806742681,P2
P2 TQQQ,incumbent,X_2020_covid,1.1576350006318037,,,-0.2504701574761433,,,modern_folds,0.3164933835383965,2020-02-19,2020-04-21,2020-02-28,-0.2145746307336811,44.0,0.6984262309251991,P2
P2 TQQQ,incumbent,B_bear_2022,,,,0.0,,,modern_folds,0.012881409782865116,2022-01-03,2022-01-03,,0.0,1.0,0.0,P2
P2 TQQQ,incumbent,E2011_eu_us,-0.6497176747372677,,,-0.22598882208662396,,,market_factor_A0_calendar,-0.16036413145629425,2011-05-10,2011-10-03,2011-08-05,-0.18930618854629522,102.0,0.7491553846635995,P2
P2 TQQQ,incumbent,E2015_16_china,0.07649962792432871,,,-0.04762791008274636,,,market_factor_A0_calendar,0.0024813247643939995,2015-06-01,2015-06-09,,-0.04762791008274636,7.0,0.6826644886812967,P2
P2 TQQQ,incumbent,K2013_14_bull,1.779432125739563,,,-0.15338588058988656,,,calm_controls,1.3621045828791671,2014-03-05,2014-04-11,,-0.15338588058988656,28.0,0.6625750200856001,P2
P2 TQQQ,incumbent,A_bull_2021,0.6389568553057487,,,-0.18843515496792496,,,calm_controls,0.1596070071947424,2021-09-07,2021-10-04,,-0.18843515496792496,20.0,1.0,P2
P2 TQQQ,incumbent,D_recent_2025plus,0.5880312107210439,,,-0.2504024180839878,,,calm_controls,0.33174824687058657,2025-10-29,2026-03-30,,-0.2504024180839878,104.0,0.6273828392067624,P2
P2 TQQQ,H_parity,FULL,0.8384976981011241,0.11340886783729243,1.9572655128326895,-0.13727259344581333,0.2118675206842533,1.9173622846506821,,,,,,,,,P2
P2 TQQQ,H_parity,E_bear_2018q4,-2.155178060715816,,,-0.1109973827133236,,,modern_folds,-0.10722098460047813,2018-10-01,2018-10-25,2018-10-11,-0.10358376050340323,19.0,0.4440754052103578,P2
P2 TQQQ,H_parity,X_2020_covid,1.125541623153812,,,-0.12076380848164459,,,modern_folds,0.1438059788327024,2020-02-19,2020-03-09,2020-02-28,-0.10468587738368018,14.0,0.3492131154625996,P2
P2 TQQQ,H_parity,B_bear_2022,,,,0.0,,,modern_folds,0.012881409782865116,2022-01-03,2022-01-03,,0.0,1.0,0.0,P2
P2 TQQQ,H_parity,E2011_eu_us,-0.815713982452951,,,-0.11106333844665395,,,market_factor_A0_calendar,-0.08126014446560026,2011-05-10,2011-10-03,2011-08-05,-0.09223101231420172,102.0,0.3661696608280195,P2
P2 TQQQ,H_parity,E2015_16_china,0.0480392644610771,,,-0.02341552582967532,,,market_factor_A0_calendar,0.0009178358118266949,2015-06-01,2015-06-09,,-0.02341552582967532,7.0,0.3352721651258961,P2
P2 TQQQ,H_parity,K2013_14_bull,1.7298219613586001,,,-0.07609525762913916,,,calm_controls,0.5187915481049081,2014-03-05,2014-04-11,,-0.07609525762913916,28.0,0.3312875100428001,P2
P2 TQQQ,H_parity,A_bull_2021,0.5971161467382005,,,-0.09261280695074603,,,calm_controls,0.07813054055021529,2021-09-07,2021-10-04,,-0.09261280695074603,20.0,0.5,P2
P2 TQQQ,H_parity,D_recent_2025plus,0.5276809828161821,,,-0.11634110406110176,,,calm_controls,0.19392366726765187,2025-10-29,2026-03-30,,-0.11634110406110176,104.0,0.3136914196033812,P2
P2 TQQQ,H_full,FULL,0.7976990096763289,0.1795769793669182,1.5249191446876418,-0.2448409299636115,0.39329297167403066,4.49907220710179,,,,,,,,,P2
P2 TQQQ,H_full,E_bear_2018q4,-2.220915670449341,,,-0.20022877700615227,,,modern_folds,-0.2030277748526068,2018-09-04,2018-10-25,2018-10-11,-0.18748062551966638,38.0,0.8967416926019705,P2
P2 TQQQ,H_full,X_2020_covid,1.047185783595573,,,-0.2144126453747044,,,modern_folds,0.2332666776366248,2020-02-19,2020-04-21,2020-02-26,-0.1504011997134369,44.0,0.6984262309251991,P2
P2 TQQQ,H_full,B_bear_2022,,,,0.0,,,modern_folds,0.012881409782865116,2022-01-03,2022-01-03,,0.0,1.0,0.0,P2
P2 TQQQ,H_full,E2011_eu_us,-1.031666448559307,,,-0.20135257628641556,,,market_factor_A0_calendar,-0.1672710816469507,2011-05-10,2011-10-03,2011-08-05,-0.1633105900470173,102.0,0.6996557507698642,P2
P2 TQQQ,H_full,E2015_16_china,0.014176545800692254,,,-0.04462611353676016,,,market_factor_A0_calendar,-0.0011962093610425883,2015-06-01,2015-06-09,,-0.04462611353676016,7.0,0.6476122494176552,P2
P2 TQQQ,H_full,K2013_14_bull,1.665344232359773,,,-0.14535352505853427,,,calm_controls,1.0817819608515729,2014-03-05,2014-04-11,,-0.14535352505853427,28.0,0.6625750200856001,P2
P2 TQQQ,H_full,A_bull_2021,0.5401598806179255,,,-0.17059572569892434,,,calm_controls,0.11437558442153262,2021-09-07,2021-12-03,2021-09-29,-0.14825561228302875,63.0,1.0,P2
P2 TQQQ,H_full,D_recent_2025plus,0.4326354259680884,,,-0.21951541715881773,,,calm_controls,0.22051357162293583,2025-10-29,2026-03-30,,-0.21951541715881773,104.0,0.6273828392067624,P2
P2 TQQQ,buy_hold,FULL,0.8670293869900999,0.42766872227282593,1.5759644993636583,-0.8155197657393846,1.0,0.0,,,,,,,,,P2
P2 TQQQ,buy_hold,E_bear_2018q4,-0.5435489397353831,,,-0.5752427184466021,,,modern_folds,-0.2929171668667474,2018-10-01,2018-12-24,,-0.5752427184466021,59.0,1.0,P2
P2 TQQQ,buy_hold,X_2020_covid,1.2249809128579205,,,-0.6989010989010989,,,modern_folds,0.9418282548476424,2020-02-19,2020-03-20,,-0.6989010989010989,23.0,1.0,P2
P2 TQQQ,buy_hold,B_bear_2022,-1.1681812285994175,,,-0.8090426875473601,,,modern_folds,-0.7897609147609144,2022-01-03,2022-12-28,,-0.8090426875473601,249.0,1.0,P2
P2 TQQQ,buy_hold,E2011_eu_us,-0.1699032560461159,,,-0.4391461601615374,,,market_factor_A0_calendar,-0.264254164704828,2011-07-22,2011-08-19,,-0.4391461601615374,21.0,1.0,P2
P2 TQQQ,buy_hold,E2015_16_china,0.08119533149071011,,,-0.44897959183673475,,,market_factor_A0_calendar,-0.11312217194570151,2015-07-20,2016-02-09,,-0.44897959183673475,142.0,1.0,P2
P2 TQQQ,buy_hold,K2013_14_bull,1.8701503139266757,,,-0.23563218390804608,,,calm_controls,2.737010391686658,2014-09-18,2014-10-16,,-0.23563218390804608,21.0,1.0,P2
P2 TQQQ,buy_hold,A_bull_2021,1.3893580864544572,,,-0.30427954456223005,,,calm_controls,0.8297669995244887,2021-02-12,2021-03-08,,-0.30427954456223005,16.0,1.0,P2
P2 TQQQ,buy_hold,D_recent_2025plus,0.813333732392088,,,-0.5684210526315789,,,calm_controls,0.8444614991046244,2025-02-18,2025-04-08,,-0.5684210526315789,36.0,1.0,P2
P2 TECL,incumbent,FULL,0.7938927329560135,0.2017310504500467,1.6369540606817796,-0.3233111941204041,0.4306011832787021,3.088363622274729,,,,,,,,,P2
P2 TECL,incumbent,E_bear_2018q4,-1.6844548362840646,,,-0.23949446493487836,,,modern_folds,-0.198410221483726,2018-10-03,2018-10-25,2018-10-11,-0.2273497427081288,17.0,0.904365606932433,P2
P2 TECL,incumbent,X_2020_covid,0.8631893219205529,,,-0.25318994636989367,,,modern_folds,0.21154221903837156,2020-02-19,2020-04-21,2020-03-04,-0.19095903629579425,44.0,0.4979463362350657,P2
P2 TECL,incumbent,B_bear_2022,-1.1742685760983316,,,-0.0733067178311223,,,modern_folds,-0.051224977511724834,2022-01-03,2022-01-14,2022-01-14,-0.0733067178311223,10.0,0.37994295110612186,P2
P2 TECL,incumbent,E2011_eu_us,-0.6814802548454382,,,-0.23389416396410334,,,market_factor_A0_calendar,-0.16637780181700745,2011-05-10,2011-08-19,2011-08-05,-0.1821295423563537,72.0,0.7701667065239713,P2
P2 TECL,incumbent,E2015_16_china,-0.9189360785359639,,,-0.09455350689355146,,,market_factor_A0_calendar,-0.06514968900896267,2015-06-01,2015-11-13,2015-06-18,-0.05408996238399466,118.0,0.7195137774279077,P2
P2 TECL,incumbent,K2013_14_bull,1.0624615209275932,,,-0.13867597599659232,,,calm_controls,0.5876527916141878,2013-05-17,2013-06-24,,-0.13867597599659232,26.0,0.7345456090471453,P2
P2 TECL,incumbent,A_bull_2021,1.070569769057768,,,-0.166545315786906,,,calm_controls,0.32696654220453714,2021-08-30,2021-11-01,2021-10-05,-0.16583740910258404,45.0,0.878210926862432,P2
P2 TECL,incumbent,D_recent_2025plus,1.015435660340768,,,-0.24625611418707172,,,calm_controls,0.6413885352064972,2025-10-29,2026-03-30,,-0.24625611418707172,104.0,0.5277804308821377,P2
P2 TECL,H_parity,FULL,0.7634294981090384,0.10254169111011824,1.7535646676995669,-0.1476282473915287,0.2032080014594934,1.8888385641444267,,,,,,,,,P2
P2 TECL,H_parity,E_bear_2018q4,-1.7684112213525969,,,-0.11653203679207014,,,modern_folds,-0.09108849683374665,2018-10-03,2018-10-25,2018-10-11,-0.11107614371982333,17.0,0.45202124360400336,P2
P2 TECL,H_parity,X_2020_covid,0.8106375168784682,,,-0.1219747463331422,,,modern_folds,0.09766099610171142,2020-02-19,2020-04-21,2020-03-03,-0.09334938734287768,44.0,0.2480612149460707,P2
P2 TECL,H_parity,B_bear_2022,-1.1825060539780614,,,-0.035237010279101755,,,modern_folds,-0.01775149910775553,2022-01-03,2022-01-14,2022-01-14,-0.035237010279101755,10.0,0.18196787144119678,P2
P2 TECL,H_parity,E2011_eu_us,-0.850675277424534,,,-0.10943968422110306,,,market_factor_A0_calendar,-0.08047436476732728,2011-05-10,2011-08-19,2011-08-05,-0.08496602142990117,72.0,0.36165095448071655,P2
P2 TECL,H_parity,E2015_16_china,-0.958863849429669,,,-0.046581934910280065,,,market_factor_A0_calendar,-0.03222002814791047,2015-06-01,2015-11-13,2015-06-18,-0.026682581076285072,118.0,0.3549077042799295,P2
P2 TECL,H_parity,K2013_14_bull,0.9852364169950253,,,-0.0684656933776654,,,calm_controls,0.24047293863929275,2013-05-17,2013-06-24,,-0.0684656933776654,26.0,0.35875184484442013,P2
P2 TECL,H_parity,A_bull_2021,1.0043101617741264,,,-0.082258334115352,,,calm_controls,0.14663462401227845,2021-08-30,2021-11-01,2021-10-05,-0.0819209144185159,45.0,0.4391054634312159,P2
P2 TECL,H_parity,D_recent_2025plus,0.9807925811970467,,,-0.11403757244174051,,,calm_controls,0.32443705912971765,2025-10-29,2026-03-30,,-0.11403757244174051,104.0,0.26389021544106883,P2
P2 TECL,H_full,FULL,0.7167291424080474,0.15744668431527953,1.3044986183578244,-0.2624115218534391,0.3745700154359998,4.373150827121363,,,,,,,,,P2
P2 TECL,H_full,E_bear_2018q4,-1.8688270511583571,,,-0.21034233210062325,,,modern_folds,-0.18202519357823144,2018-10-03,2018-10-25,2018-10-11,-0.20050056760313495,17.0,0.8958609752258959,P2
P2 TECL,H_full,X_2020_covid,0.7084749880129909,,,-0.21545207792405108,,,modern_folds,0.1401593615848673,2020-02-19,2020-04-21,2020-02-28,-0.16961136625566164,44.0,0.49421266591881774,P2
P2 TECL,H_full,B_bear_2022,-1.1918932675457288,,,-0.06384588738249775,,,modern_folds,-0.04276342003648137,2022-01-03,2022-01-14,2022-01-14,-0.06384588738249775,10.0,0.3346206268061379,P2
P2 TECL,H_full,E2011_eu_us,-1.0748236231866262,,,-0.18637657515361206,,,market_factor_A0_calendar,-0.1561882684828274,2011-05-10,2011-10-03,2011-08-03,-0.14391408547631113,102.0,0.6609953792814808,P2
P2 TECL,H_full,E2015_16_china,-1.0037375383478102,,,-0.08909533561745919,,,market_factor_A0_calendar,-0.06384936549926123,2015-06-01,2015-11-13,2015-06-18,-0.05146810135466551,118.0,0.6969374006490064,P2
P2 TECL,H_full,K2013_14_bull,0.8896607321468576,,,-0.12755459302728078,,,calm_controls,0.39588111750425603,2014-01-15,2014-02-03,,-0.12755459302728078,13.0,0.9719225148795456,P2
P2 TECL,H_full,A_bull_2021,0.9191550810550272,,,-0.154061158549197,,,calm_controls,0.24091174736627163,2021-08-30,2021-11-01,2021-09-29,-0.13438585526087332,45.0,0.878210926862432,P2
P2 TECL,H_full,D_recent_2025plus,0.9130103642305353,,,-0.21612659160299708,,,calm_controls,0.4899643939230307,2025-10-29,2026-03-30,2026-02-13,-0.17353220948988002,104.0,0.5277804308821377,P2
P2 TECL,buy_hold,FULL,0.8776473890016596,0.4556135437065867,1.7344917823553616,-0.7795820895522384,1.0,0.0,,,,,,,,,P2
P2 TECL,buy_hold,E_bear_2018q4,-0.407003453094156,,,-0.5964125560538114,,,modern_folds,-0.27449707981829896,2018-10-03,2018-12-24,,-0.5964125560538114,57.0,1.0,P2
P2 TECL,buy_hold,X_2020_covid,0.9954295874538015,,,-0.7510631337912987,,,modern_folds,0.525630593978843,2020-02-19,2020-03-23,,-0.7510631337912987,24.0,1.0,P2
P2 TECL,buy_hold,B_bear_2022,-0.9128743626931253,,,-0.7750700621420735,,,modern_folds,-0.7431077694235586,2022-01-03,2022-10-12,,-0.7750700621420735,196.0,1.0,P2
P2 TECL,buy_hold,E2011_eu_us,-0.203726909057841,,,-0.47733620689655165,,,market_factor_A0_calendar,-0.28567241379310393,2011-05-10,2011-08-19,,-0.47733620689655165,72.0,1.0,P2
P2 TECL,buy_hold,E2015_16_china,0.2998461617246612,,,-0.36438356164383556,,,market_factor_A0_calendar,0.0028011204481774854,2015-07-20,2015-08-25,,-0.36438356164383556,27.0,1.0,P2
P2 TECL,buy_hold,K2013_14_bull,1.6249995683479115,,,-0.22999999999999965,,,calm_controls,1.846846846846847,2014-09-18,2014-10-16,,-0.22999999999999965,21.0,1.0,P2
P2 TECL,buy_hold,A_bull_2021,1.6006925527742544,,,-0.2645407590388502,,,calm_controls,1.1280000000000046,2021-02-12,2021-03-08,,-0.2645407590388502,16.0,1.0,P2
P2 TECL,buy_hold,D_recent_2025plus,0.9854723128393231,,,-0.6270391299712124,,,calm_controls,1.3778959810874696,2025-01-23,2025-04-08,,-0.6270391299712124,53.0,1.0,P2
P2 TNA,incumbent,FULL,0.41366359155250376,0.08345785085312318,0.5111212350714855,-0.41913887727629817,0.30692583217831687,2.315941092591896,,,,,,,,,P2
P2 TNA,incumbent,E_bear_2018q4,-2.2331540938716836,,,-0.1766269401817232,,,modern_folds,-0.14704877879027334,2018-09-04,2018-10-10,2018-10-10,-0.1766269401817232,27.0,0.9976627127256008,P2
P2 TNA,incumbent,X_2020_covid,0.7840753590566114,,,-0.2850491746891416,,,modern_folds,0.1575540325000626,2020-02-20,2020-09-23,2020-02-28,-0.19881896693691614,151.0,0.6872651634719729,P2
P2 TNA,incumbent,B_bear_2022,,,,0.0,,,modern_folds,0.012881409782865116,2022-01-03,2022-01-03,,0.0,1.0,0.0,P2
P2 TNA,incumbent,E2011_eu_us,-1.1356109997681232,,,-0.32063821107532653,,,market_factor_A0_calendar,-0.24524114775019445,2011-05-10,2011-10-03,2011-08-05,-0.234752304529117,102.0,0.6534997093321329,P2
P2 TNA,incumbent,E2015_16_china,,,,0.0,,,market_factor_A0_calendar,0.0,2015-06-01,2015-06-01,,0.0,1.0,0.0,P2
P2 TNA,incumbent,K2013_14_bull,0.8798272301760788,,,-0.18084894600139867,,,calm_controls,0.5027509411888924,2014-01-22,2014-05-15,,-0.18084894600139867,80.0,0.855062235405155,P2
P2 TNA,incumbent,A_bull_2021,0.5372976958594865,,,-0.19040892247336838,,,calm_controls,0.12338861204169627,2021-11-08,2021-12-01,,-0.19040892247336838,17.0,0.5502676715000104,P2
P2 TNA,incumbent,D_recent_2025plus,0.7077196441821177,,,-0.16804688418091873,,,calm_controls,0.358385497142816,2026-01-22,2026-03-31,2026-03-31,-0.16804688418091873,48.0,0.6269875709322084,P2
P2 TNA,H_parity,FULL,0.38058319401884316,0.048256293225429125,0.6481263804679396,-0.17806905184409538,0.14377036386255643,1.4009345434863725,,,,,,,,,P2
P2 TNA,H_parity,E_bear_2018q4,-2.188496135725279,,,-0.0747293350275634,,,modern_folds,-0.054946278204591414,2018-09-04,2018-10-10,2018-10-10,-0.0747293350275634,27.0,0.4409929378741768,P2
P2 TNA,H_parity,X_2020_covid,0.7496743260656478,,,-0.13103048331674882,,,modern_folds,0.07001396685553885,2020-02-20,2020-09-23,2020-02-28,-0.09311105611016213,151.0,0.32818341989810074,P2
P2 TNA,H_parity,B_bear_2022,,,,0.0,,,modern_folds,0.012881409782865116,2022-01-03,2022-01-03,,0.0,1.0,0.0,P2
P2 TNA,H_parity,E2011_eu_us,-1.3525877803552444,,,-0.15264442596859318,,,market_factor_A0_calendar,-0.12178166858941908,2011-05-10,2011-10-03,2011-08-05,-0.11320917187686386,102.0,0.31377315751052903,P2
P2 TNA,H_parity,E2015_16_china,,,,0.0,,,market_factor_A0_calendar,0.0,2015-06-01,2015-06-01,,0.0,1.0,0.0,P2
P2 TNA,H_parity,K2013_14_bull,0.8305396994827821,,,-0.09013042664840654,,,calm_controls,0.22184314301244967,2014-01-22,2014-05-15,,-0.09013042664840654,80.0,0.4275311177025775,P2
P2 TNA,H_parity,A_bull_2021,0.47622797912593456,,,-0.09325655931954324,,,calm_controls,0.05935815356063445,2021-11-08,2021-12-01,,-0.09325655931954324,17.0,0.2751338357500053,P2
P2 TNA,H_parity,D_recent_2025plus,0.649704205560404,,,-0.0807198877462123,,,calm_controls,0.2050654367302105,2026-01-22,2026-03-31,2026-03-31,-0.0807198877462123,48.0,0.3134937854661042,P2
P2 TNA,H_full,FULL,0.33437725765432613,0.060243670508311586,0.40337854876559526,-0.3196864383158564,0.26456064707696325,3.22429822044108,,,,,,,,,P2
P2 TNA,H_full,E_bear_2018q4,-2.006244090708536,,,-0.110395638771287,,,modern_folds,-0.08191881942259305,2018-09-04,2018-10-10,2018-10-10,-0.110395638771287,27.0,0.7121320868053073,P2
P2 TNA,H_full,X_2020_covid,0.6637555595711084,,,-0.21143429378135625,,,modern_folds,0.09467178784355279,2020-02-20,2020-09-23,2020-02-27,-0.1586514351524132,151.0,0.6154469636084073,P2
P2 TNA,H_full,B_bear_2022,,,,0.0,,,modern_folds,0.012881409782865116,2022-01-03,2022-01-03,,0.0,1.0,0.0,P2
P2 TNA,H_full,E2011_eu_us,-1.6102193484071132,,,-0.25279151269969036,,,market_factor_A0_calendar,-0.22768273167692,2011-05-02,2011-10-03,2011-06-09,-0.12168257423385975,108.0,0.6713866184667658,P2
P2 TNA,H_full,E2015_16_china,,,,0.0,,,market_factor_A0_calendar,0.0,2015-06-01,2015-06-01,,0.0,1.0,0.0,P2
P2 TNA,H_full,K2013_14_bull,0.7771491835948758,,,-0.1741252270997118,,,calm_controls,0.38077036251606056,2014-01-22,2014-05-15,2014-02-04,-0.1453651508585586,80.0,0.855062235405155,P2
P2 TNA,H_full,A_bull_2021,0.3777829894858308,,,-0.16827382555006565,,,calm_controls,0.06716478385099345,2021-11-08,2021-12-01,,-0.16827382555006565,17.0,0.5502676715000104,P2
P2 TNA,H_full,D_recent_2025plus,0.560333953357509,,,-0.1580345173943286,,,calm_controls,0.2682520335846825,2025-10-06,2026-03-31,2025-11-18,-0.10024923095748928,122.0,0.5786560641354058,P2
P2 TNA,buy_hold,FULL,0.49468535443424017,0.11436998420245659,0.2705283557505206,-0.8808746736292428,1.0,0.0,,,,,,,,,P2
P2 TNA,buy_hold,E_bear_2018q4,-0.9468419252297239,,,-0.6283858181017392,,,modern_folds,-0.3135335073977359,2018-09-04,2018-12-24,,-0.6283858181017392,78.0,1.0,P2
P2 TNA,buy_hold,X_2020_covid,0.6726803792203456,,,-0.8480432972522898,,,modern_folds,0.02033626901521224,2020-02-20,2020-03-23,,-0.8480432972522898,23.0,1.0,P2
P2 TNA,buy_hold,B_bear_2022,-0.7653522393924548,,,-0.6751184834123222,,,modern_folds,-0.6248159057437407,2022-01-03,2022-09-26,,-0.6751184834123222,184.0,1.0,P2
P2 TNA,buy_hold,E2011_eu_us,-0.4404083974345905,,,-0.6956726246472249,,,market_factor_A0_calendar,-0.5268425841674249,2011-05-10,2011-10-03,,-0.6956726246472249,102.0,1.0,P2
P2 TNA,buy_hold,E2015_16_china,-0.5541254491275289,,,-0.6264649477945878,,,market_factor_A0_calendar,-0.3395593869731801,2015-06-23,2016-02-11,,-0.6264649477945878,162.0,1.0,P2
P2 TNA,buy_hold,K2013_14_bull,1.2717398088405922,,,-0.35796019900497467,,,calm_controls,1.5936657681940756,2014-03-04,2014-10-13,,-0.35796019900497467,156.0,1.0,P2
P2 TNA,buy_hold,A_bull_2021,0.7020249924302705,,,-0.34146114471847344,,,calm_controls,0.2787193973634652,2021-11-08,2021-12-20,,-0.34146114471847344,30.0,1.0,P2
P2 TNA,buy_hold,D_recent_2025plus,0.7339154831692152,,,-0.5880947208342384,,,calm_controls,0.6729468599033803,2025-01-21,2025-04-08,,-0.5880947208342384,55.0,1.0,P2
P2 EDC,incumbent,FULL,0.23844279520958758,0.04312301225256099,0.13574251382199207,-0.5228348350389247,0.3152838327581816,2.682102077626871,,,,,,,,,P2
P2 EDC,incumbent,E_bear_2018q4,,,,0.0,,,modern_folds,0.012274106120414352,2018-09-04,2018-09-04,,0.0,1.0,0.0,P2
P2 EDC,incumbent,X_2020_covid,1.5444925207571887,,,-0.1731881723312716,,,modern_folds,0.35913958056960116,2020-02-12,2020-06-11,2020-03-02,-0.13345291440824336,84.0,0.49764782900355903,P2
P2 EDC,incumbent,B_bear_2022,,,,0.0,,,modern_folds,0.012881409782865116,2022-01-03,2022-01-03,,0.0,1.0,0.0,P2
P2 EDC,incumbent,E2011_eu_us,-2.0260666390063786,,,-0.337142106608306,,,market_factor_A0_calendar,-0.32684517018651305,2011-05-02,2011-09-22,2011-08-09,-0.2756196440424198,101.0,0.5109390665519562,P2
P2 EDC,incumbent,E2015_16_china,0.2862924255387102,,,-0.047305074981789264,,,market_factor_A0_calendar,0.012615313351384216,2015-06-01,2016-03-15,,-0.047305074981789264,200.0,0.0,P2
P2 EDC,incumbent,K2013_14_bull,-1.0104220922416225,,,-0.26755105872915463,,,calm_controls,-0.22474960515214693,2013-01-02,2013-06-12,2013-03-18,-0.1414282326295332,112.0,0.8637093151852135,P2
P2 EDC,incumbent,A_bull_2021,-0.47461517424340915,,,-0.3040629623221782,,,calm_controls,-0.1639540134092583,2021-02-17,2021-11-29,2021-11-29,-0.3040629623221782,199.0,0.4566302884392336,P2
P2 EDC,incumbent,D_recent_2025plus,1.2039728408297206,,,-0.22607587804660656,,,calm_controls,0.8735590984462716,2025-02-20,2025-04-08,2025-04-08,-0.22607587804660656,34.0,0.6793319057717853,P2
P2 EDC,H_parity,FULL,0.23162318083031466,0.03336053007953432,0.22569513467110838,-0.2743588760167114,0.147607753564831,1.5700590231978602,,,,,,,,,P2
P2 EDC,H_parity,E_bear_2018q4,,,,0.0,,,modern_folds,0.012274106120414352,2018-09-04,2018-09-04,,0.0,1.0,0.0,P2
P2 EDC,H_parity,X_2020_covid,1.5357635010250505,,,-0.07721720569718094,,,modern_folds,0.15837683595220486,2020-02-12,2020-06-11,2020-03-02,-0.06049632973641739,84.0,0.22704431776009834,P2
P2 EDC,H_parity,B_bear_2022,,,,0.0,,,modern_folds,0.012881409782865116,2022-01-03,2022-01-03,,0.0,1.0,0.0,P2
P2 EDC,H_parity,E2011_eu_us,-2.0842022730100975,,,-0.16133608910429387,,,market_factor_A0_calendar,-0.15761527234404726,2011-05-02,2011-09-22,2011-08-09,-0.13327835356435846,101.0,0.254603424176958,P2
P2 EDC,H_parity,E2015_16_china,0.30683564737763924,,,-0.022055807335220723,,,market_factor_A0_calendar,0.00678894055846424,2015-06-01,2016-03-15,,-0.022055807335220723,200.0,0.0,P2
P2 EDC,H_parity,K2013_14_bull,-1.0027332338161739,,,-0.1300452627400166,,,calm_controls,-0.10545033670336601,2013-01-02,2013-06-12,2013-03-18,-0.07008364274149181,112.0,0.43185465759260677,P2
P2 EDC,H_parity,A_bull_2021,-0.47174298850551466,,,-0.1485867832601261,,,calm_controls,-0.06669971906748329,2021-02-17,2021-11-29,2021-11-29,-0.1485867832601261,199.0,0.2283151442196168,P2
P2 EDC,H_parity,D_recent_2025plus,1.141964619254457,,,-0.10618405363446759,,,calm_controls,0.40619254011954764,2025-02-20,2025-04-08,2025-04-07,-0.10137670508936336,34.0,0.3285009897320738,P2
P2 EDC,H_full,FULL,0.2108693175150763,0.036609557686008154,0.13736017337498427,-0.45354176638378974,0.2688871466818282,3.521247489306492,,,,,,,,,P2
P2 EDC,H_full,E_bear_2018q4,,,,0.0,,,modern_folds,0.012274106120414352,2018-09-04,2018-09-04,,0.0,1.0,0.0,P2
P2 EDC,H_full,X_2020_covid,1.5101049436820235,,,-0.12980027535683503,,,modern_folds,0.27668904863160915,2020-02-12,2020-06-11,2020-03-02,-0.10359303926799379,84.0,0.40444608964182827,P2
P2 EDC,H_full,B_bear_2022,,,,0.0,,,modern_folds,0.012881409782865116,2022-01-03,2022-01-03,,0.0,1.0,0.0,P2
P2 EDC,H_full,E2011_eu_us,-2.1287560165959705,,,-0.26116430141773717,,,market_factor_A0_calendar,-0.2592763633187245,2011-05-02,2011-09-22,2011-08-05,-0.18929182173675774,101.0,0.49786390558218274,P2
P2 EDC,H_full,E2015_16_china,0.3316506883532054,,,-0.040295082909096336,,,market_factor_A0_calendar,0.013483802915511545,2015-06-01,2016-03-15,,-0.040295082909096336,200.0,0.0,P2
P2 EDC,H_full,K2013_14_bull,-0.984111783536727,,,-0.22503512635165746,,,calm_controls,-0.18278712711022804,2013-01-02,2013-06-12,2013-03-18,-0.13517038040657536,112.0,0.8637093151852135,P2
P2 EDC,H_full,A_bull_2021,-0.4369063341282884,,,-0.2590213951501321,,,calm_controls,-0.11610030450805942,2021-02-17,2021-11-29,2021-11-29,-0.2590213951501321,199.0,0.4566302884392336,P2
P2 EDC,H_full,D_recent_2025plus,1.0410835094247688,,,-0.18376964199884516,,,calm_controls,0.625633392351481,2026-02-25,2026-03-30,2026-03-04,-0.13422346323892864,24.0,0.6381067210925164,P2
P2 EDC,buy_hold,FULL,0.32615288497229655,0.010939680717850342,0.01568242145029181,-0.9253989466236936,1.0,0.0,,,,,,,,,P2
P2 EDC,buy_hold,E_bear_2018q4,-0.0640530803088728,,,-0.3364287609445479,,,modern_folds,-0.09914417379855278,2018-09-21,2018-10-29,,-0.3364287609445479,27.0,1.0,P2
P2 EDC,buy_hold,X_2020_covid,0.8218414915763659,,,-0.7453335073750164,,,modern_folds,0.3065875741492321,2020-02-12,2020-03-23,,-0.7453335073750164,28.0,1.0,P2
P2 EDC,buy_hold,B_bear_2022,-0.9846437018978847,,,-0.7444803446418957,,,modern_folds,-0.6023841859061418,2022-01-12,2022-10-24,,-0.7444803446418957,197.0,1.0,P2
P2 EDC,buy_hold,E2011_eu_us,-0.9209058282630997,,,-0.7199744633309392,,,market_factor_A0_calendar,-0.6619163845366505,2011-05-02,2011-10-03,,-0.7199744633309392,108.0,1.0,P2
P2 EDC,buy_hold,E2015_16_china,-0.6886104360706382,,,-0.6946556093066112,,,market_factor_A0_calendar,-0.47824581650317377,2015-06-02,2016-01-20,,-0.6946556093066112,161.0,1.0,P2
P2 EDC,buy_hold,K2013_14_bull,-0.19082090823724582,,,-0.4937790436216457,,,calm_controls,-0.37026447462473167,2013-01-02,2014-12-16,,-0.4937790436216457,494.0,1.0,P2
P2 EDC,buy_hold,A_bull_2021,-0.16880120897565618,,,-0.47720207253886016,,,calm_controls,-0.20824372759856602,2021-02-17,2021-12-20,,-0.47720207253886016,214.0,1.0,P2
P2 EDC,buy_hold,D_recent_2025plus,1.2227496146388086,,,-0.4015981059485053,,,calm_controls,1.899819819819827,2025-03-17,2025-04-08,,-0.4015981059485053,17.0,1.0,P2
P2 TMF,incumbent,FULL,0.12044223259903723,0.01901521557719965,0.06864044591478008,-0.5688658211613138,0.2960793017852229,1.9825028420087452,,,,,,,,,P2
P2 TMF,incumbent,E_bear_2018q4,,,,0.0,,,modern_folds,0.012274106120414352,2018-09-04,2018-09-04,,0.0,1.0,0.0,P2
P2 TMF,incumbent,X_2020_covid,0.49073520364880857,,,-0.24216805917614426,,,modern_folds,0.1055963949570673,2020-03-09,2020-12-04,2020-03-20,-0.1576097291225046,190.0,0.4035548162545647,P2
P2 TMF,incumbent,B_bear_2022,,,,0.0,,,modern_folds,0.012881409782865116,2022-01-03,2022-01-03,,0.0,1.0,0.0,P2
P2 TMF,incumbent,E2011_eu_us,2.0427728656157442,,,-0.11962689430352047,,,market_factor_A0_calendar,0.505864526005235,2011-10-03,2011-10-27,,-0.11962689430352047,19.0,0.3199387438951615,P2
P2 TMF,incumbent,E2015_16_china,0.04227686157046822,,,-0.08243285300357195,,,market_factor_A0_calendar,-0.0004927738263292847,2015-08-24,2015-09-02,,-0.08243285300357195,8.0,0.6859656228573374,P2
P2 TMF,incumbent,K2013_14_bull,1.0154190259196,,,-0.13415425258803748,,,calm_controls,0.32137281144671515,2014-08-29,2014-09-17,,-0.13415425258803748,13.0,1.0,P2
P2 TMF,incumbent,A_bull_2021,-1.8825731498890166,,,-0.15781032708521392,,,calm_controls,-0.16068343808395913,2021-01-04,2021-02-08,2021-02-08,-0.15781032708521392,25.0,0.9237622325216953,P2
P2 TMF,incumbent,D_recent_2025plus,-0.5385809855492532,,,-0.3076235466934585,,,calm_controls,-0.15810872865904313,2025-10-22,2026-08-17,,-0.3076235466934585,205.0,1.0,P2
P2 TMF,H_parity,FULL,0.12342826870290033,0.021214625855507707,0.17274211466623948,-0.23256709192109093,0.13464135439116864,1.2410542432630611,,,,,,,,,P2
P2 TMF,H_parity,E_bear_2018q4,,,,0.0,,,modern_folds,0.012274106120414352,2018-09-04,2018-09-04,,0.0,1.0,0.0,P2
P2 TMF,H_parity,X_2020_covid,0.4848817317273251,,,-0.11943546571406483,,,modern_folds,0.060574578563534764,2020-03-09,2020-12-04,2020-03-19,-0.077545664691271,190.0,0.2017774081272824,P2
P2 TMF,H_parity,B_bear_2022,,,,0.0,,,modern_folds,0.012881409782865116,2022-01-03,2022-01-03,,0.0,1.0,0.0,P2
P2 TMF,H_parity,E2011_eu_us,1.9510664843919399,,,-0.05918358755616149,,,market_factor_A0_calendar,0.21241002708161338,2011-10-03,2011-10-27,,-0.05918358755616149,19.0,0.15749969948094025,P2
P2 TMF,H_parity,E2015_16_china,0.0009975015867065135,,,-0.034315194588140585,,,market_factor_A0_calendar,-0.0006059792956711885,2015-08-24,2015-09-02,,-0.034315194588140585,8.0,0.28708482105406335,P2
P2 TMF,H_parity,K2013_14_bull,0.99405953190573,,,-0.06622756168546862,,,calm_controls,0.14822808447283897,2014-08-29,2014-09-17,,-0.06622756168546862,13.0,0.5000000000000001,P2
P2 TMF,H_parity,A_bull_2021,-1.8923446835428948,,,-0.06478436695196155,,,calm_controls,-0.06611778595395867,2021-01-04,2021-02-08,2021-02-08,-0.06478436695196155,25.0,0.38599731401576587,P2
P2 TMF,H_parity,D_recent_2025plus,-0.6204285637968086,,,-0.13725421758919099,,,calm_controls,-0.03528544979658832,2025-10-22,2026-08-17,,-0.13725421758919099,205.0,0.5,P2
P2 TMF,H_full,FULL,0.1263523879768691,0.0216994977898064,0.09201200548628628,-0.4738261279265622,0.2370931001523149,2.8847167338023283,,,,,,,,,P2
P2 TMF,H_full,E_bear_2018q4,,,,0.0,,,modern_folds,0.012274106120414352,2018-09-04,2018-09-04,,0.0,1.0,0.0,P2
P2 TMF,H_full,X_2020_covid,0.4978241406595061,,,-0.22360777639605378,,,modern_folds,0.09681712143986543,2020-03-09,2020-12-04,2020-03-19,-0.14624420641486013,190.0,0.4035548162545647,P2
P2 TMF,H_full,B_bear_2022,,,,0.0,,,modern_folds,0.012881409782865116,2022-01-03,2022-01-03,,0.0,1.0,0.0,P2
P2 TMF,H_full,E2011_eu_us,1.8043643065120045,,,-0.11214049784065194,,,market_factor_A0_calendar,0.36681107767218,2011-10-03,2011-10-27,,-0.11214049784065194,19.0,0.3096879513993386,P2
P2 TMF,H_full,E2015_16_china,-0.04996346313056531,,,-0.05342799007238164,,,market_factor_A0_calendar,-0.00402635084652847,2015-08-24,2015-09-02,,-0.05342799007238164,8.0,0.45983956533863224,P2
P2 TMF,H_full,K2013_14_bull,0.9656140349681905,,,-0.12421495385935544,,,calm_controls,0.28563111648128037,2014-08-29,2014-09-17,,-0.12421495385935544,13.0,1.0,P2
P2 TMF,H_full,A_bull_2021,-1.9012451125986614,,,-0.0903494659178492,,,calm_controls,-0.09230941525903735,2021-01-04,2021-02-08,2021-02-08,-0.0903494659178492,25.0,0.5826716731577882,P2
P2 TMF,H_full,D_recent_2025plus,-0.7288096855252613,,,-0.2538982125543562,,,calm_controls,-0.13164979157198187,2025-10-22,2026-08-17,,-0.2538982125543562,205.0,1.0,P2
P2 TMF,buy_hold,FULL,0.04320097139053444,-0.06476907886211858,-0.12413149065473139,-0.9313210848643918,1.0,0.0,,,,,,,,,P2
P2 TMF,buy_hold,E_bear_2018q4,-0.10199720994813087,,,-0.18831628385768528,,,modern_folds,-0.017948880573350534,2018-09-06,2018-11-02,,-0.18831628385768528,42.0,1.0,P2
P2 TMF,buy_hold,X_2020_covid,0.5452712418027986,,,-0.4382281162223143,,,modern_folds,0.1457150280221191,2020-03-09,2020-03-18,,-0.4382281162223143,8.0,1.0,P2
P2 TMF,buy_hold,B_bear_2022,-1.8686051717473617,,,-0.7570117955439057,,,modern_folds,-0.7259947485356495,2022-01-03,2022-10-24,,-0.7570117955439057,204.0,1.0,P2
P2 TMF,buy_hold,E2011_eu_us,1.9403199353570852,,,-0.301763095920056,,,market_factor_A0_calendar,1.0849842090152193,2011-10-03,2011-10-27,,-0.301763095920056,19.0,1.0,P2
P2 TMF,buy_hold,E2015_16_china,0.7334725228940319,,,-0.1754546494338326,,,market_factor_A0_calendar,0.20345537329258367,2015-08-24,2015-11-09,,-0.1754546494338326,55.0,1.0,P2
P2 TMF,buy_hold,K2013_14_bull,0.44002539486641545,,,-0.4445289235253127,,,calm_controls,0.20361371569365327,2013-05-01,2013-08-21,,-0.4445289235253127,79.0,1.0,P2
P2 TMF,buy_hold,A_bull_2021,-0.3384108458836188,,,-0.3918712404487076,,,calm_controls,-0.19806278143120826,2021-01-04,2021-03-18,,-0.3918712404487076,52.0,1.0,P2
P2 TMF,buy_hold,D_recent_2025plus,-0.3471796328919096,,,-0.33607834409080783,,,calm_controls,-0.18460724676011675,2025-04-04,2026-08-17,,-0.33607834409080783,343.0,1.0,P2
P2 UGL,incumbent,FULL,0.4071945312057296,0.0806382096155871,0.2425613641994198,-0.5547280760728177,0.4585988434418464,2.8627972721340877,,,,,,,,,P2
P2 UGL,incumbent,E_bear_2018q4,1.5839148906365945,,,-0.043564356435643714,,,modern_folds,0.10764975378308916,2019-02-19,2019-02-28,,-0.043564356435643714,8.0,1.0,P2
P2 UGL,incumbent,X_2020_covid,0.713643851840149,,,-0.2648099455577243,,,modern_folds,0.17850573015207916,2020-08-06,2020-11-30,,-0.2648099455577243,81.0,1.0,P2
P2 UGL,incumbent,B_bear_2022,-0.1312162170828214,,,-0.13260234908759838,,,modern_folds,-0.010788204791340017,2022-03-08,2022-04-25,,-0.13260234908759838,34.0,1.0,P2
P2 UGL,incumbent,E2011_eu_us,0.3554465881426645,,,-0.23398966105929542,,,market_factor_A0_calendar,0.042769306463013246,2011-08-22,2011-12-30,2011-12-30,-0.23398966105929542,92.0,0.7087277341606484,P2
P2 UGL,incumbent,E2015_16_china,-0.006074013616106875,,,-0.060361037680447316,,,market_factor_A0_calendar,-0.0033869373307615636,2016-03-10,2016-03-24,,-0.060361037680447316,11.0,0.7101892746101937,P2
P2 UGL,incumbent,K2013_14_bull,-0.44237074411948163,,,-0.06949000799360494,,,calm_controls,-0.04504435107137095,2014-07-11,2014-07-25,2014-07-25,-0.06949000799360494,11.0,1.0,P2
P2 UGL,incumbent,A_bull_2021,-1.517634246595804,,,-0.22020895104631077,,,calm_controls,-0.18312586600793257,2021-01-05,2021-06-14,2021-03-01,-0.20444896790571487,111.0,0.9246000888156897,P2
P2 UGL,incumbent,D_recent_2025plus,1.7424804040691402,,,-0.28948700229823543,,,calm_controls,1.4021094326511525,2026-01-29,2026-06-10,,-0.28948700229823543,92.0,0.5270895583375933,P2
P2 UGL,H_parity,FULL,0.41514725911424366,0.05185097475802891,0.325907508108591,-0.3031642739681941,0.21225750874260324,1.7624531798433585,,,,,,,,,P2
P2 UGL,H_parity,E_bear_2018q4,1.4946275859660005,,,-0.019786399276077393,,,modern_folds,0.05144353173484273,2019-02-19,2019-02-28,,-0.019786399276077393,8.0,0.4532770169356637,P2
P2 UGL,H_parity,X_2020_covid,0.6937156280984554,,,-0.12952063306847483,,,modern_folds,0.09180879003038123,2020-08-06,2020-11-30,2020-08-13,-0.07084823896319814,81.0,0.5,P2
P2 UGL,H_parity,B_bear_2022,-0.11177408532148765,,,-0.06573470689806538,,,modern_folds,0.004404348444609241,2022-03-08,2022-04-25,,-0.06573470689806538,34.0,0.5000000000000001,P2
P2 UGL,H_parity,E2011_eu_us,0.403591465610337,,,-0.11484244139032873,,,market_factor_A0_calendar,0.032858480710848736,2011-08-22,2011-12-30,2011-12-30,-0.11484244139032873,92.0,0.35436386708032425,P2
P2 UGL,H_parity,E2015_16_china,-0.02434845679886857,,,-0.030157672134939584,,,market_factor_A0_calendar,-0.0015544674570628914,2016-03-10,2016-03-24,,-0.030157672134939584,11.0,0.35015409082916255,P2
P2 UGL,H_parity,K2013_14_bull,-0.44975932723848466,,,-0.034720527493707576,,,calm_controls,-0.022097530458055292,2014-07-11,2014-07-25,2014-07-25,-0.034720527493707576,11.0,0.5,P2
P2 UGL,H_parity,A_bull_2021,-1.5073450002060274,,,-0.0946935158544,,,calm_controls,-0.07644128236560832,2021-01-05,2021-06-14,2021-03-01,-0.08814403198372023,111.0,0.40522764013929646,P2
P2 UGL,H_parity,D_recent_2025plus,1.7619266510219453,,,-0.1360595797291122,,,calm_controls,0.618534833248354,2026-01-29,2026-06-10,2026-02-02,-0.06406577429327676,92.0,0.2635447791687967,P2
P2 UGL,H_full,FULL,0.42235710928621345,0.077449747397911,0.2533844390852898,-0.5181539476515155,0.3851388848209388,4.0917947836013155,,,,,,,,,P2
P2 UGL,H_full,E_bear_2018q4,1.3695320518348344,,,-0.03494270126983068,,,modern_folds,0.07060479711065115,2019-02-19,2019-02-28,,-0.03494270126983068,8.0,0.7705902332421851,P2
P2 UGL,H_full,X_2020_covid,0.6691550960069774,,,-0.22980995312265573,,,modern_folds,0.14652731497651228,2020-08-06,2020-11-30,2020-08-12,-0.13593169702523034,81.0,1.0,P2
P2 UGL,H_full,B_bear_2022,-0.08603906904737715,,,-0.1254204172844282,,,modern_folds,-0.0036641910839733116,2022-03-08,2022-04-25,,-0.1254204172844282,34.0,1.0,P2
P2 UGL,H_full,E2011_eu_us,0.46492785089279137,,,-0.20722083826197013,,,market_factor_A0_calendar,0.06237254102225287,2011-08-22,2011-12-30,2011-09-26,-0.14593349687970214,92.0,0.7087277341606484,P2
P2 UGL,H_full,E2015_16_china,-0.04415330368848393,,,-0.05999298958727739,,,market_factor_A0_calendar,-0.005710813925575375,2016-03-10,2016-03-24,,-0.05999298958727739,11.0,0.6903444322424706,P2
P2 UGL,H_full,K2013_14_bull,-0.45750863977400724,,,-0.06905422497366887,,,calm_controls,-0.04463103275375624,2014-07-11,2014-07-25,2014-07-25,-0.06905422497366887,11.0,1.0,P2
P2 UGL,H_full,A_bull_2021,-1.4857327797479285,,,-0.1388786574489742,,,calm_controls,-0.11140539652189085,2021-01-05,2021-06-14,2021-03-01,-0.13089449559466504,111.0,0.6640599652779979,P2
P2 UGL,H_full,D_recent_2025plus,1.7765548185439064,,,-0.24107086977752357,,,calm_controls,1.2806145744429718,2026-01-29,2026-06-10,2026-02-02,-0.125453352684337,92.0,0.5270895583375933,P2
P2 UGL,buy_hold,FULL,0.34928540036362465,0.07879838564315689,0.1504074304305106,-0.7592105263157888,1.0,0.0,,,,,,,,,P2
P2 UGL,buy_hold,E_bear_2018q4,1.6167135524039677,,,-0.05383734249713645,,,modern_folds,0.16245487364621036,2018-10-26,2018-11-12,,-0.05383734249713645,12.0,1.0,P2
P2 UGL,buy_hold,X_2020_covid,0.8353008709663565,,,-0.28207592503604095,,,modern_folds,0.2809917355371878,2020-08-06,2020-11-30,,-0.28207592503604095,81.0,1.0,P2
P2 UGL,buy_hold,B_bear_2022,-0.13785236100080972,,,-0.40224358974359,,,modern_folds,-0.07558528428093614,2022-03-08,2022-10-20,,-0.40224358974359,158.0,1.0,P2
P2 UGL,buy_hold,E2011_eu_us,0.029686887061799352,,,-0.36414473684210547,,,market_factor_A0_calendar,-0.06086543033761371,2011-08-22,2011-12-29,,-0.36414473684210547,91.0,1.0,P2
P2 UGL,buy_hold,E2015_16_china,0.28384333931386546,,,-0.24923076923076914,,,market_factor_A0_calendar,0.034410844629823245,2015-06-18,2015-12-17,,-0.24923076923076914,128.0,1.0,P2
P2 UGL,buy_hold,K2013_14_bull,-0.8884060832238491,,,-0.5853658536585369,,,calm_controls,-0.5499296765119551,2013-01-22,2014-11-05,,-0.5853658536585369,453.0,1.0,P2
P2 UGL,buy_hold,A_bull_2021,-0.33156194342222184,,,-0.27216954824316797,,,calm_controls,-0.12316715542521961,2021-01-05,2021-03-08,,-0.27216954824316797,43.0,1.0,P2
P2 UGL,buy_hold,D_recent_2025plus,1.1500383845141688,,,-0.5002335902826447,,,calm_controls,1.2845528455284576,2026-01-29,2026-07-16,,-0.5002335902826447,116.0,1.0,P2
