vehicle,arm,episode,Sharpe,Martin,MaxDD,Turnover/yr,group,Return,peak,trough,react_day,DD_before_reaction,days_peak_to_trough,w_at_peak,panel
P0 MKT,incumbent t+1,FULL,0.6000682581147649,1.184939619974874,-0.30925589783833873,2.2723784277420433,,,,,,,,,P0
P0 MKT,incumbent t+1,E_bear_2018q4,,,-0.06802206002059918,,modern_folds,-0.04015215952754003,2018-09-20,2018-10-11,,-0.06802206002059918,16.0,1.0,P0
P0 MKT,incumbent t+1,X_2020_covid,,,-0.08222259128229248,,modern_folds,0.10146292371989252,2020-02-19,2020-02-28,2020-02-28,-0.08222259128229248,8.0,0.8557398502655108,P0
P0 MKT,incumbent t+1,B_bear_2022,,,-0.05494146463440286,,modern_folds,-0.04066054472919389,2022-01-03,2022-08-24,2022-01-20,-0.03593083037600775,162.0,0.5565109065486581,P0
P0 MKT,incumbent t+1,E1973_oil_bear,,,-0.11580341132620231,,market_factor_A0_calendar,-0.018293164040985244,1973-01-11,1973-11-07,1973-03-23,-0.11253756667842119,209.0,1.0,P0
P0 MKT,incumbent t+1,E1987_crash,,,-0.06139283765887882,,market_factor_A0_calendar,0.004397020580227284,1987-08-25,1987-10-13,1987-09-21,-0.05341560040762228,35.0,0.8620315890779868,P0
P0 MKT,incumbent t+1,E1990_recession,,,-0.03576539262682721,,market_factor_A0_calendar,0.06371655242543595,1990-07-16,1990-07-27,,-0.03576539262682721,10.0,0.8494312885800077,P0
P0 MKT,incumbent t+1,E1997_asia,,,-0.0704397198003236,,market_factor_A0_calendar,0.05507963516606429,1997-10-07,1997-10-27,,-0.0704397198003236,15.0,0.6988347731516081,P0
P0 MKT,incumbent t+1,E1998_ltcm,,,-0.07870826999375069,,market_factor_A0_calendar,0.01782558795722422,1998-07-17,1998-08-05,1998-08-05,-0.07870826999375069,14.0,0.7306490263121221,P0
P0 MKT,incumbent t+1,E2000_02_dotcom,,,-0.03010624145117835,,market_factor_A0_calendar,0.07930241579013408,2000-07-03,2000-07-27,2000-07-07,-0.006800686721731286,18.0,0.42455999175653913,P0
P0 MKT,incumbent t+1,E2007_09_gfc,,,-0.0855485734775463,,market_factor_A0_calendar,-0.0066214996659770264,2007-10-09,2008-01-22,,-0.0855485734775463,72.0,0.6139776556004788,P0
P0 MKT,incumbent t+1,E2011_eu_us,,,-0.11759029282910527,,market_factor_A0_calendar,-0.08131235501170064,2011-05-02,2011-10-03,2011-08-05,-0.0869103455452741,108.0,0.9096460222973562,P0
P0 MKT,incumbent t+1,E2015_16_china,,,0.0,,market_factor_A0_calendar,0.0,2015-06-01,2015-06-01,,0.0,1.0,0.0,P0
P0 MKT,incumbent t+1,K1995_99_bull,,,-0.10321033558536352,,calm_controls,1.0222650735715235,1999-07-16,1999-10-15,1999-08-10,-0.061904514262706045,65.0,0.6785500668650531,P0
P0 MKT,incumbent t+1,K2013_14_bull,,,-0.05282843058320319,,calm_controls,0.2558956324864945,2014-01-15,2014-02-03,,-0.05282843058320319,13.0,1.0,P0
P0 MKT,incumbent t+1,A_bull_2021,,,-0.04841861911750178,,calm_controls,0.13283476056786836,2021-11-08,2021-12-01,,-0.04841861911750178,17.0,0.8683414935778978,P0
P0 MKT,incumbent t+1,D_recent_2025plus,,,-0.07297460621852914,,calm_controls,0.15497194002973536,2025-02-19,2025-03-14,2025-03-14,-0.07297460621852914,18.0,0.7565083526360216,P0
P0 MKT,A: both k=1,FULL,0.780334548950089,1.9021996890753767,-0.2020399284224974,2.2801804254001836,,,,,,,,,P0
P0 MKT,A: both k=1,E_bear_2018q4,,,-0.057645428110721264,,modern_folds,-0.02375318704530638,2018-09-20,2018-10-11,,-0.057645428110721264,16.0,1.0,P0
P0 MKT,A: both k=1,X_2020_covid,,,-0.06825020491992706,,modern_folds,0.11489085494977314,2020-02-19,2020-06-11,2020-02-27,-0.0640576590209605,80.0,0.8535595891136726,P0
P0 MKT,A: both k=1,B_bear_2022,,,-0.048711156065769146,,modern_folds,-0.034202038973170534,2022-01-03,2022-08-23,2022-01-19,-0.030843846224306026,161.0,0.5619231455017116,P0
P0 MKT,A: both k=1,E1973_oil_bear,,,-0.09948320281173773,,market_factor_A0_calendar,0.00012680445953217045,1973-01-11,1973-11-06,1973-03-22,-0.09831863429618015,208.0,1.0,P0
P0 MKT,A: both k=1,E1987_crash,,,-0.06052628393591131,,market_factor_A0_calendar,0.0037924692624926593,1987-08-25,1987-10-12,1987-09-18,-0.053516537078727056,34.0,0.8636184025253905,P0
P0 MKT,A: both k=1,E1990_recession,,,-0.03567946662545374,,market_factor_A0_calendar,0.06906094167286958,1990-07-16,1990-07-27,,-0.03567946662545374,10.0,0.847527996559396,P0
P0 MKT,A: both k=1,E1997_asia,,,-0.050317758579029426,,market_factor_A0_calendar,0.08888321099788254,1997-10-07,1997-10-27,1997-10-27,-0.050317758579029426,15.0,0.7614707800338963,P0
P0 MKT,A: both k=1,E1998_ltcm,,,-0.05136349586514677,,market_factor_A0_calendar,0.05463465444464344,1998-07-17,1998-08-04,1998-08-04,-0.05136349586514677,13.0,0.8545742764177992,P0
P0 MKT,A: both k=1,E2000_02_dotcom,,,-0.021729615511127842,,market_factor_A0_calendar,0.0913095202068881,2000-03-24,2000-04-04,,-0.021729615511127842,8.0,0.387861853482914,P0
P0 MKT,A: both k=1,E2007_09_gfc,,,-0.08556246827971081,,market_factor_A0_calendar,-0.0449860225877885,2007-10-09,2008-03-17,2008-02-19,-0.08345633121902263,110.0,0.6324667968802635,P0
P0 MKT,A: both k=1,E2011_eu_us,,,-0.0943012183377242,,market_factor_A0_calendar,-0.05678133122752882,2011-05-02,2011-10-03,2011-08-04,-0.06919281700496671,108.0,0.9100062172380479,P0
P0 MKT,A: both k=1,E2015_16_china,,,0.0,,market_factor_A0_calendar,0.0,2015-06-01,2015-06-01,,0.0,1.0,0.0,P0
P0 MKT,A: both k=1,K1995_99_bull,,,-0.09410585500197521,,calm_controls,1.2592876999267988,1999-07-16,1999-10-15,1999-08-09,-0.059506324712496506,65.0,0.6780258302858369,P0
P0 MKT,A: both k=1,K2013_14_bull,,,-0.04451539477150701,,calm_controls,0.30642417792940657,2014-01-15,2014-02-03,,-0.04451539477150701,13.0,1.0,P0
P0 MKT,A: both k=1,A_bull_2021,,,-0.044131382168944744,,calm_controls,0.13849955803602354,2021-09-02,2021-10-04,,-0.044131382168944744,22.0,0.9699880082166998,P0
P0 MKT,A: both k=1,D_recent_2025plus,,,-0.07001768856557,,calm_controls,0.1792656243743238,2026-01-12,2026-03-30,,-0.07001768856557,54.0,0.925838321263372,P0
P0 MKT,A: switch k=1,FULL,0.6509872029329478,1.4166438068134766,-0.27463549485012284,2.277681766171037,,,,,,,,,P0
P0 MKT,A: switch k=1,E_bear_2018q4,,,-0.06802206002059918,,modern_folds,-0.03184468982290589,2018-09-20,2018-10-11,,-0.06802206002059918,16.0,1.0,P0
P0 MKT,A: switch k=1,X_2020_covid,,,-0.08698025548337418,,modern_folds,0.08061678027355956,2020-02-19,2020-06-26,2020-02-28,-0.08222259128229248,91.0,0.8557398502655108,P0
P0 MKT,A: switch k=1,B_bear_2022,,,-0.047839381224265454,,modern_folds,-0.03335448579578304,2022-01-03,2022-08-23,2022-01-19,-0.03054795513768971,161.0,0.5565109065486581,P0
P0 MKT,A: switch k=1,E1973_oil_bear,,,-0.10690029595106698,,market_factor_A0_calendar,-0.008110725015740616,1973-01-11,1973-11-06,1973-03-22,-0.09993824021968056,208.0,1.0,P0
P0 MKT,A: switch k=1,E1987_crash,,,-0.05833814940308346,,market_factor_A0_calendar,0.007968121062458255,1987-08-25,1987-10-12,1987-09-18,-0.05341560040762228,34.0,0.8620315890779868,P0
P0 MKT,A: switch k=1,E1990_recession,,,-0.03576539262682721,,market_factor_A0_calendar,0.06603883128017696,1990-07-16,1990-07-27,,-0.03576539262682721,10.0,0.8494312885800077,P0
P0 MKT,A: switch k=1,E1997_asia,,,-0.07215408287382241,,market_factor_A0_calendar,0.06430304942126552,1997-10-07,1997-10-27,,-0.07215408287382241,15.0,0.7705608039489458,P0
P0 MKT,A: switch k=1,E1998_ltcm,,,-0.055382054212071985,,market_factor_A0_calendar,0.04952999409814973,1998-07-17,1998-08-04,1998-08-04,-0.055382054212071985,13.0,0.7306490263121221,P0
P0 MKT,A: switch k=1,E2000_02_dotcom,,,-0.021028901344584128,,market_factor_A0_calendar,0.09110754441518809,2000-03-24,2000-04-04,,-0.021028901344584128,8.0,0.3761075458275852,P0
P0 MKT,A: switch k=1,E2007_09_gfc,,,-0.0894135484191696,,market_factor_A0_calendar,-0.05098455872835239,2007-10-09,2008-03-17,2008-02-19,-0.0855485734775463,110.0,0.6139776556004788,P0
P0 MKT,A: switch k=1,E2011_eu_us,,,-0.11759029282910527,,market_factor_A0_calendar,-0.08131235501170064,2011-05-02,2011-10-03,2011-08-05,-0.0869103455452741,108.0,0.9096460222973562,P0
P0 MKT,A: switch k=1,E2015_16_china,,,0.0,,market_factor_A0_calendar,0.0,2015-06-01,2015-06-01,,0.0,1.0,0.0,P0
P0 MKT,A: switch k=1,K1995_99_bull,,,-0.09271455022253028,,calm_controls,1.1950156593575265,1999-07-16,1999-10-15,1999-08-09,-0.05771154426850833,65.0,0.6585595330567399,P0
P0 MKT,A: switch k=1,K2013_14_bull,,,-0.05282843058320319,,calm_controls,0.2783402690478778,2014-01-15,2014-02-03,,-0.05282843058320319,13.0,1.0,P0
P0 MKT,A: switch k=1,A_bull_2021,,,-0.04841861911750178,,calm_controls,0.13283476056786836,2021-11-08,2021-12-01,,-0.04841861911750178,17.0,0.8683414935778978,P0
P0 MKT,A: switch k=1,D_recent_2025plus,,,-0.07212074219145714,,calm_controls,0.16205834758319204,2026-01-12,2026-03-30,,-0.07212074219145714,54.0,0.925975637615611,P0
P0 MKT,A: sizer k=1,FULL,0.7328027187840446,1.6389286573018897,-0.22527262453030406,2.282054181890138,,,,,,,,,P0
P0 MKT,A: sizer k=1,E_bear_2018q4,,,-0.057645428110721264,,modern_folds,-0.03221249669962323,2018-09-20,2018-10-11,,-0.057645428110721264,16.0,1.0,P0
P0 MKT,A: sizer k=1,X_2020_covid,,,-0.06672606683549065,,modern_folds,0.13317719446091347,2020-02-19,2020-02-28,2020-02-27,-0.0640576590209605,8.0,0.8535595891136726,P0
P0 MKT,A: sizer k=1,B_bear_2022,,,-0.0556107353239752,,modern_folds,-0.04130272077474284,2022-01-03,2022-08-24,2022-01-20,-0.036278860625334364,162.0,0.5619231455017116,P0
P0 MKT,A: sizer k=1,E1973_oil_bear,,,-0.11850596383331113,,market_factor_A0_calendar,-0.021293757240225974,1973-01-11,1973-11-07,1973-03-23,-0.11091761326490734,209.0,1.0,P0
P0 MKT,A: sizer k=1,E1987_crash,,,-0.06266641274291862,,market_factor_A0_calendar,0.0012054601717319535,1987-08-25,1987-10-13,1987-09-21,-0.053516537078727056,35.0,0.8636184025253905,P0
P0 MKT,A: sizer k=1,E1990_recession,,,-0.03567946662545374,,market_factor_A0_calendar,0.06602391876997782,1990-07-16,1990-07-27,,-0.03567946662545374,10.0,0.847527996559396,P0
P0 MKT,A: sizer k=1,E1997_asia,,,-0.04632560001776087,,market_factor_A0_calendar,0.09040927577612412,1997-10-07,1997-10-27,1997-10-27,-0.04632560001776087,15.0,0.6944584253423776,P0
P0 MKT,A: sizer k=1,E1998_ltcm,,,-0.06743793581217938,,market_factor_A0_calendar,0.0324336589701244,1998-07-17,1998-08-05,1998-08-05,-0.06743793581217938,14.0,0.8545742764177992,P0
P0 MKT,A: sizer k=1,E2000_02_dotcom,,,-0.030032231332149162,,market_factor_A0_calendar,0.07935368054758363,2000-07-03,2000-07-27,2000-07-07,-0.006930722459351002,18.0,0.43247846504332677,P0
P0 MKT,A: sizer k=1,E2007_09_gfc,,,-0.08345633121902263,,market_factor_A0_calendar,-0.0066593516641783035,2007-10-09,2008-01-22,,-0.08345633121902263,72.0,0.6324667968802635,P0
P0 MKT,A: sizer k=1,E2011_eu_us,,,-0.0943012183377242,,market_factor_A0_calendar,-0.05678133122752882,2011-05-02,2011-10-03,2011-08-04,-0.06919281700496671,108.0,0.9100062172380479,P0
P0 MKT,A: sizer k=1,E2015_16_china,,,0.0,,market_factor_A0_calendar,0.0,2015-06-01,2015-06-01,,0.0,1.0,0.0,P0
P0 MKT,A: sizer k=1,K1995_99_bull,,,-0.10343977828568185,,calm_controls,1.1418002751204255,1999-07-16,1999-10-15,1999-08-10,-0.06360221012888001,65.0,0.6962475322205481,P0
P0 MKT,A: sizer k=1,K2013_14_bull,,,-0.04451539477150701,,calm_controls,0.28846024260029113,2014-01-15,2014-02-03,,-0.04451539477150701,13.0,1.0,P0
P0 MKT,A: sizer k=1,A_bull_2021,,,-0.044131382168944744,,calm_controls,0.13849955803602354,2021-09-02,2021-10-04,,-0.044131382168944744,22.0,0.9699880082166998,P0
P0 MKT,A: sizer k=1,D_recent_2025plus,,,-0.07001768856557,,calm_controls,0.17161104401645777,2026-01-12,2026-03-30,,-0.07001768856557,54.0,0.925838321263372,P0
P0 MKT,A: both k=5,FULL,1.0719913779740393,3.0402644609513523,-0.20815565550686765,2.2899112344657815,,,,,,,,,P0
P0 MKT,A: both k=5,E_bear_2018q4,,,-0.04584128310088942,,modern_folds,-0.028718580534923932,2018-09-20,2018-10-12,2018-10-12,-0.04584128310088942,17.0,1.0,P0
P0 MKT,A: both k=5,X_2020_covid,,,-0.04142488193976002,,modern_folds,0.17984936266836815,2020-09-02,2020-09-23,,-0.04142488193976002,15.0,0.4382123540008793,P0
P0 MKT,A: both k=5,B_bear_2022,,,-0.017678698955469252,,modern_folds,0.02626915234860583,2022-01-03,2022-01-10,,-0.017678698955469252,6.0,0.5617298401838708,P0
P0 MKT,A: both k=5,E1973_oil_bear,,,-0.08706446744826157,,market_factor_A0_calendar,0.07747934997670636,1973-01-11,1973-03-01,,-0.08706446744826157,34.0,1.0,P0
P0 MKT,A: both k=5,E1987_crash,,,-0.04830763665867688,,market_factor_A0_calendar,0.04700559167971963,1987-08-25,1987-09-08,,-0.04830763665867688,10.0,0.8676787919820407,P0
P0 MKT,A: both k=5,E1990_recession,,,-0.032400819009241855,,market_factor_A0_calendar,0.09762902493062131,1990-06-04,1990-06-26,,-0.032400819009241855,17.0,0.9874902793296919,P0
P0 MKT,A: both k=5,E1997_asia,,,-0.043710264834329826,,market_factor_A0_calendar,0.09387216647469088,1997-10-07,1997-10-27,1997-10-21,-0.02670577713390665,15.0,0.7616912607354546,P0
P0 MKT,A: both k=5,E1998_ltcm,,,-0.03721717081617382,,market_factor_A0_calendar,0.08174160430717992,1998-07-17,1998-07-29,1998-07-29,-0.03721717081617382,9.0,0.7081307852707996,P0
P0 MKT,A: both k=5,E2000_02_dotcom,,,-0.01633318094093683,,market_factor_A0_calendar,0.12077567937068023,2000-03-24,2000-03-30,,-0.01633318094093683,5.0,0.3949772754849356,P0
P0 MKT,A: both k=5,E2007_09_gfc,,,-0.08735769831935725,,market_factor_A0_calendar,-0.031044092490267516,2007-10-09,2008-03-10,2008-02-12,-0.08141990893030482,105.0,0.6164579736626086,P0
P0 MKT,A: both k=5,E2011_eu_us,,,-0.0807139805251087,,market_factor_A0_calendar,-0.04027507035489708,2011-05-02,2011-10-03,2011-07-29,-0.05681665623592813,108.0,0.9090811600992477,P0
P0 MKT,A: both k=5,E2015_16_china,,,0.0,,market_factor_A0_calendar,0.0,2015-06-01,2015-06-01,,0.0,1.0,0.0,P0
P0 MKT,A: both k=5,K1995_99_bull,,,-0.06357119062492478,,calm_controls,1.6929777769522634,1999-07-16,1999-09-29,1999-08-03,-0.04382884857406533,53.0,0.6795914904634368,P0
P0 MKT,A: both k=5,K2013_14_bull,,,-0.04317221298145657,,calm_controls,0.3204274531399871,2014-01-15,2014-02-03,,-0.04317221298145657,13.0,1.0,P0
P0 MKT,A: both k=5,A_bull_2021,,,-0.04147110143030375,,calm_controls,0.17080539541095474,2021-09-02,2021-10-04,,-0.04147110143030375,22.0,1.0,P0
P0 MKT,A: both k=5,D_recent_2025plus,,,-0.06377595323136309,,calm_controls,0.2033938051608848,2026-01-12,2026-03-30,,-0.06377595323136309,54.0,1.0,P0
P0 MKT,A: switch k=5,FULL,0.8500920870045923,2.078376938395839,-0.26211121808124094,2.2924136426067365,,,,,,,,,P0
P0 MKT,A: switch k=5,E_bear_2018q4,,,-0.06843337845349362,,modern_folds,-0.05171609871940419,2018-09-20,2018-10-12,2018-10-12,-0.06843337845349362,17.0,1.0,P0
P0 MKT,A: switch k=5,X_2020_covid,,,-0.053208731168972734,,modern_folds,0.13823448889822854,2020-09-02,2020-09-23,,-0.053208731168972734,15.0,0.6840166690042485,P0
P0 MKT,A: switch k=5,B_bear_2022,,,-0.017515104759543876,,modern_folds,0.026099197333250057,2022-01-03,2022-01-10,,-0.017515104759543876,6.0,0.5565109065486581,P0
P0 MKT,A: switch k=5,E1973_oil_bear,,,-0.09297898091227652,,market_factor_A0_calendar,0.06986842429752294,1973-01-11,1973-03-01,,-0.09297898091227652,34.0,1.0,P0
P0 MKT,A: switch k=5,E1987_crash,,,-0.05341560040762228,,market_factor_A0_calendar,0.052478629374875796,1987-08-25,1987-09-08,,-0.05341560040762228,10.0,0.8620315890779868,P0
P0 MKT,A: switch k=5,E1990_recession,,,-0.03418160072071341,,market_factor_A0_calendar,0.10042847318685855,1990-06-04,1990-06-26,,-0.03418160072071341,17.0,0.9873268149676423,P0
P0 MKT,A: switch k=5,E1997_asia,,,-0.0721540828738223,,market_factor_A0_calendar,0.06294698214906247,1997-10-07,1997-10-27,,-0.0721540828738223,15.0,0.7705608039489458,P0
P0 MKT,A: switch k=5,E1998_ltcm,,,-0.04429935786472328,,market_factor_A0_calendar,0.07426269124003015,1998-07-17,1998-07-29,1998-07-29,-0.04429935786472328,9.0,0.7306490263121221,P0
P0 MKT,A: switch k=5,E2000_02_dotcom,,,-0.0156588319267984,,market_factor_A0_calendar,0.12016148236507962,2000-03-24,2000-03-30,,-0.0156588319267984,5.0,0.37942558983434566,P0
P0 MKT,A: switch k=5,E2007_09_gfc,,,-0.09707069586163941,,market_factor_A0_calendar,-0.04028080970505321,2007-10-09,2008-03-10,2008-02-12,-0.0855485734775463,105.0,0.6139776556004788,P0
P0 MKT,A: switch k=5,E2011_eu_us,,,-0.11759029282910527,,market_factor_A0_calendar,-0.08131235501170064,2011-05-02,2011-10-03,2011-08-05,-0.0869103455452741,108.0,0.9096460222973562,P0
P0 MKT,A: switch k=5,E2015_16_china,,,0.0,,market_factor_A0_calendar,0.0,2015-06-01,2015-06-01,,0.0,1.0,0.0,P0
P0 MKT,A: switch k=5,K1995_99_bull,,,-0.07215408287382263,,calm_controls,1.534607711359215,1997-10-07,1997-10-27,,-0.07215408287382263,15.0,0.7705608039489458,P0
P0 MKT,A: switch k=5,K2013_14_bull,,,-0.05282843058320319,,calm_controls,0.2706485318901688,2014-01-15,2014-02-03,,-0.05282843058320319,13.0,1.0,P0
P0 MKT,A: switch k=5,A_bull_2021,,,-0.04841861911750178,,calm_controls,0.13283476056786836,2021-11-08,2021-12-01,,-0.04841861911750178,17.0,0.8683414935778978,P0
P0 MKT,A: switch k=5,D_recent_2025plus,,,-0.07212074219145759,,calm_controls,0.16694548968129386,2026-01-12,2026-03-30,,-0.07212074219145759,54.0,0.925975637615611,P0
P0 MKT,A: sizer k=5,FULL,0.8270185837619403,1.9676433108036862,-0.20690721007700308,2.301379545166757,,,,,,,,,P0
P0 MKT,A: sizer k=5,E_bear_2018q4,,,-0.04552104294102011,,modern_folds,-0.02082602157502922,2018-09-20,2018-10-11,,-0.04552104294102011,16.0,1.0,P0
P0 MKT,A: sizer k=5,X_2020_covid,,,-0.04620809246298219,,modern_folds,0.15353318438803254,2020-02-19,2020-02-28,,-0.04620809246298219,8.0,0.48284083779761083,P0
P0 MKT,A: sizer k=5,B_bear_2022,,,-0.055504341010634506,,modern_folds,-0.041196043615564726,2022-01-03,2022-08-24,2022-01-20,-0.0362664307269609,162.0,0.5617298401838708,P0
P0 MKT,A: sizer k=5,E1973_oil_bear,,,-0.11135210893639225,,market_factor_A0_calendar,-0.01335096675027414,1973-01-11,1973-11-07,1973-03-23,-0.10660406663100364,209.0,1.0,P0
P0 MKT,A: sizer k=5,E1987_crash,,,-0.05429206138373566,,market_factor_A0_calendar,0.005460655218276544,1987-08-25,1987-10-12,1987-09-21,-0.04830763665867688,34.0,0.8676787919820407,P0
P0 MKT,A: sizer k=5,E1990_recession,,,-0.03569066706542734,,market_factor_A0_calendar,0.06435508392699885,1990-07-16,1990-07-27,,-0.03569066706542734,10.0,0.8477760888432316,P0
P0 MKT,A: sizer k=5,E1997_asia,,,-0.04403042584396133,,market_factor_A0_calendar,0.09384639921056648,1997-10-07,1997-10-27,1997-10-21,-0.026521101810936476,15.0,0.8281016023338953,P0
P0 MKT,A: sizer k=5,E1998_ltcm,,,-0.0606583556093222,,market_factor_A0_calendar,0.0438541460705244,1998-07-17,1998-08-05,1998-08-05,-0.0606583556093222,14.0,0.7081307852707996,P0
P0 MKT,A: sizer k=5,E2000_02_dotcom,,,-0.03044048643282704,,market_factor_A0_calendar,0.07832547989129357,2000-07-03,2000-07-27,2000-07-07,-0.007616575582801155,18.0,0.4742628489180696,P0
P0 MKT,A: sizer k=5,E2007_09_gfc,,,-0.08141990893030482,,market_factor_A0_calendar,-0.003053049636346006,2007-10-09,2008-01-22,,-0.08141990893030482,72.0,0.6164579736626086,P0
P0 MKT,A: sizer k=5,E2011_eu_us,,,-0.0807139805251087,,market_factor_A0_calendar,-0.04027507035489708,2011-05-02,2011-10-03,2011-07-29,-0.05681665623592813,108.0,0.9090811600992477,P0
P0 MKT,A: sizer k=5,E2015_16_china,,,0.0,,market_factor_A0_calendar,0.0,2015-06-01,2015-06-01,,0.0,1.0,0.0,P0
P0 MKT,A: sizer k=5,K1995_99_bull,,,-0.10126344859931302,,calm_controls,1.2348551750927443,1999-07-16,1999-10-15,1999-08-10,-0.06471291969747384,65.0,0.7126523249507382,P0
P0 MKT,A: sizer k=5,K2013_14_bull,,,-0.04317221298145657,,calm_controls,0.3098992676231571,2014-01-15,2014-02-03,,-0.04317221298145657,13.0,1.0,P0
P0 MKT,A: sizer k=5,A_bull_2021,,,-0.04147110143030375,,calm_controls,0.17080539541095474,2021-09-02,2021-10-04,,-0.04147110143030375,22.0,1.0,P0
P0 MKT,A: sizer k=5,D_recent_2025plus,,,-0.06377595323136376,,calm_controls,0.17811582346591792,2026-01-12,2026-03-30,,-0.06377595323136376,54.0,1.0,P0
P0 MKT,B: t+2 next-close,FULL,0.5754835927618733,1.1335923022159098,-0.327825762392969,5.137060641192472,,,,,,,,,P0
P0 MKT,B: t+2 next-close,E_bear_2018q4,,,-0.07368801292465033,,modern_folds,-0.047447126134151474,2018-09-20,2018-10-11,,-0.07368801292465033,16.0,1.0,P0
P0 MKT,B: t+2 next-close,X_2020_covid,,,-0.09098605038455754,,modern_folds,0.07506350501230385,2020-02-19,2020-02-28,,-0.09098605038455754,8.0,0.8542028271532355,P0
P0 MKT,B: t+2 next-close,B_bear_2022,,,-0.05711388892599967,,modern_folds,-0.041374006822639586,2022-01-03,2022-08-23,2022-01-21,-0.04237663019616389,161.0,0.5567929682289706,P0
P0 MKT,B: t+2 next-close,E1973_oil_bear,,,-0.11459004991813548,,market_factor_A0_calendar,-0.012531967157705659,1973-01-11,1973-11-06,1973-03-26,-0.11164876597218798,208.0,1.0,P0
P0 MKT,B: t+2 next-close,E1987_crash,,,-0.061931981995612784,,market_factor_A0_calendar,0.009997529953337692,1987-08-25,1987-10-12,1987-09-22,-0.05527539037071949,34.0,0.8429746580161396,P0
P0 MKT,B: t+2 next-close,E1990_recession,,,-0.03557707568300972,,market_factor_A0_calendar,0.043360891815570346,1990-07-16,1990-07-27,,-0.03557707568300972,10.0,0.8358127248639144,P0
P0 MKT,B: t+2 next-close,E1997_asia,,,-0.07184997445313712,,market_factor_A0_calendar,0.06933972963844881,1997-10-07,1997-10-27,,-0.07184997445313712,15.0,0.6832508233751463,P0
P0 MKT,B: t+2 next-close,E1998_ltcm,,,-0.07819839048520227,,market_factor_A0_calendar,0.021022191656130174,1998-07-17,1998-08-04,,-0.07819839048520227,13.0,0.848880064270812,P0
P0 MKT,B: t+2 next-close,E2000_02_dotcom,,,-0.021078604037261806,,market_factor_A0_calendar,0.10431436011844042,2000-03-27,2000-04-04,,-0.021078604037261806,7.0,0.0,P0
P0 MKT,B: t+2 next-close,E2007_09_gfc,,,-0.09068813883523075,,market_factor_A0_calendar,-0.0367777119560202,2007-10-09,2008-01-22,,-0.09068813883523075,72.0,0.5593739176046386,P0
P0 MKT,B: t+2 next-close,E2011_eu_us,,,-0.11539146331537398,,market_factor_A0_calendar,-0.07630556307984937,2011-05-02,2011-10-03,2011-08-08,-0.11212365129035151,108.0,0.9087460741033311,P0
P0 MKT,B: t+2 next-close,E2015_16_china,,,0.0,,market_factor_A0_calendar,0.0,2015-06-01,2015-06-01,,0.0,1.0,0.0,P0
P0 MKT,B: t+2 next-close,K1995_99_bull,,,-0.10534287364016459,,calm_controls,0.991185500669145,1999-07-16,1999-10-15,1999-08-11,-0.07061723237925199,65.0,0.6775989241600988,P0
P0 MKT,B: t+2 next-close,K2013_14_bull,,,-0.05431189847271933,,calm_controls,0.24679103643599887,2014-01-15,2014-02-03,,-0.05431189847271933,13.0,1.0,P0
P0 MKT,B: t+2 next-close,A_bull_2021,,,-0.047489292530457194,,calm_controls,0.13596341053010996,2021-11-08,2021-12-01,,-0.047489292530457194,17.0,0.8670140196379733,P0
P0 MKT,B: t+2 next-close,D_recent_2025plus,,,-0.07382254375859809,,calm_controls,0.16640403149736072,2025-02-19,2025-03-13,,-0.07382254375859809,17.0,0.7561052574109701,P0
P1 SPY,incumbent t+1,FULL,0.5601905849574929,1.5078832448133084,-0.11175579417970649,2.3255470874651722,,,,,,,,,P1
P1 SPY,incumbent t+1,E_bear_2018q4,,,-0.06303971690596899,,modern_folds,-0.03700135378022129,2018-09-20,2018-10-11,,-0.06303971690596899,16.0,1.0,P1
P1 SPY,incumbent t+1,X_2020_covid,,,-0.0806917317689062,,modern_folds,0.0713461927188006,2020-02-19,2020-02-28,2020-02-28,-0.0806917317689062,8.0,0.8426847986603313,P1
P1 SPY,incumbent t+1,B_bear_2022,,,-0.0804431637016031,,modern_folds,-0.06743775582192502,2022-01-03,2022-08-30,2022-01-26,-0.06228967988497014,166.0,0.5954298883283082,P1
P1 SPY,incumbent t+1,E2000_02_dotcom,,,-0.00709521586685069,,market_factor_A0_calendar,0.10834649977743105,2000-03-29,2000-03-31,,-0.00709521586685069,3.0,0.0,P1
P1 SPY,incumbent t+1,E2007_09_gfc,,,-0.09347710152734479,,market_factor_A0_calendar,-0.04266079213280993,2007-10-09,2008-03-10,2008-02-21,-0.09176527983442817,105.0,0.6499506812395854,P1
P1 SPY,incumbent t+1,E2011_eu_us,,,-0.11056782739538507,,market_factor_A0_calendar,-0.07112501335273014,2011-05-02,2011-10-03,2011-08-05,-0.08039445976079063,108.0,0.8705074715411538,P1
P1 SPY,incumbent t+1,E2015_16_china,,,0.0,,market_factor_A0_calendar,0.0,2015-06-01,2015-06-01,,0.0,1.0,0.0,P1
P1 SPY,incumbent t+1,K2013_14_bull,,,-0.06158010805521208,,calm_controls,0.2681717162794768,2014-09-18,2014-10-16,,-0.06158010805521208,21.0,1.0,P1
P1 SPY,incumbent t+1,A_bull_2021,,,-0.045972604264163164,,calm_controls,0.18276189624528016,2021-09-02,2021-09-30,,-0.045972604264163164,20.0,1.0,P1
P1 SPY,incumbent t+1,D_recent_2025plus,,,-0.07659235852376511,,calm_controls,0.1628261998604814,2026-01-12,2026-03-31,2026-03-31,-0.07659235852376511,55.0,0.9672243493326175,P1
P1 SPY,A: both k=1,FULL,0.7137300255721131,2.0208731502313495,-0.10486244339905093,2.2957654092861017,,,,,,,,,P1
P1 SPY,A: both k=1,E_bear_2018q4,,,-0.05432432927544162,,modern_folds,-0.026714512268836477,2018-09-20,2018-10-11,,-0.05432432927544162,16.0,1.0,P1
P1 SPY,A: both k=1,X_2020_covid,,,-0.06518061687294774,,modern_folds,0.10696229354761733,2020-02-19,2020-02-28,2020-02-27,-0.06378289736766607,8.0,0.8402285528811075,P1
P1 SPY,A: both k=1,B_bear_2022,,,-0.06370970832215939,,modern_folds,-0.05034568260286987,2022-01-03,2022-08-29,2022-01-25,-0.05005341777792627,165.0,0.6003530816604555,P1
P1 SPY,A: both k=1,E2000_02_dotcom,,,-0.00012366201671110133,,market_factor_A0_calendar,0.11637634416495235,2000-03-29,2000-03-30,2000-03-30,-0.00012366201671110133,2.0,0.4043718713129253,P1
P1 SPY,A: both k=1,E2007_09_gfc,,,-0.08834455325441892,,market_factor_A0_calendar,-0.04726057355156932,2007-10-09,2008-03-10,2008-02-20,-0.08332066087752721,105.0,0.6494688264066585,P1
P1 SPY,A: both k=1,E2011_eu_us,,,-0.08729513761353214,,market_factor_A0_calendar,-0.04737493089670042,2011-05-02,2011-10-03,2011-08-04,-0.06494449639756894,108.0,0.870162443332573,P1
P1 SPY,A: both k=1,E2015_16_china,,,0.0,,market_factor_A0_calendar,0.0,2015-06-01,2015-06-01,,0.0,1.0,0.0,P1
P1 SPY,A: both k=1,K2013_14_bull,,,-0.055668416030659196,,calm_controls,0.287835429585227,2014-09-18,2014-10-16,,-0.055668416030659196,21.0,1.0,P1
P1 SPY,A: both k=1,A_bull_2021,,,-0.04711865694955042,,calm_controls,0.18544928928169058,2021-09-02,2021-10-04,,-0.04711865694955042,22.0,1.0,P1
P1 SPY,A: both k=1,D_recent_2025plus,,,-0.0699361300385094,,calm_controls,0.20609843903699576,2026-01-12,2026-03-30,2026-03-30,-0.0699361300385094,54.0,0.9386974721836755,P1
P1 SPY,A: switch k=1,FULL,0.5806040712165971,1.5470366720265811,-0.11175579417970694,2.3031233947243805,,,,,,,,,P1
P1 SPY,A: switch k=1,E_bear_2018q4,,,-0.06303971690596899,,modern_folds,-0.03428433952473331,2018-09-20,2018-10-11,,-0.06303971690596899,16.0,1.0,P1
P1 SPY,A: switch k=1,X_2020_covid,,,-0.0806917317689062,,modern_folds,0.07712786322608944,2020-02-19,2020-02-28,2020-02-28,-0.0806917317689062,8.0,0.8426847986603313,P1
P1 SPY,A: switch k=1,B_bear_2022,,,-0.07044718024767815,,modern_folds,-0.05720612795778979,2022-01-03,2022-08-29,2022-01-25,-0.05736231494410082,165.0,0.5954298883283082,P1
P1 SPY,A: switch k=1,E2000_02_dotcom,,,-0.0001138483365447085,,market_factor_A0_calendar,0.11638655799607833,2000-03-29,2000-03-30,2000-03-30,-0.0001138483365447085,2.0,0.39210690029000633,P1
P1 SPY,A: switch k=1,E2007_09_gfc,,,-0.0960987580453111,,market_factor_A0_calendar,-0.049693765186526906,2007-10-09,2008-03-10,2008-02-20,-0.09176527983442817,105.0,0.6499506812395854,P1
P1 SPY,A: switch k=1,E2011_eu_us,,,-0.11056782739538507,,market_factor_A0_calendar,-0.07112501335273014,2011-05-02,2011-10-03,2011-08-05,-0.08039445976079063,108.0,0.8705074715411538,P1
P1 SPY,A: switch k=1,E2015_16_china,,,0.0,,market_factor_A0_calendar,0.0,2015-06-01,2015-06-01,,0.0,1.0,0.0,P1
P1 SPY,A: switch k=1,K2013_14_bull,,,-0.06158010805521208,,calm_controls,0.26018684068079123,2014-09-18,2014-10-16,,-0.06158010805521208,21.0,1.0,P1
P1 SPY,A: switch k=1,A_bull_2021,,,-0.045972604264163164,,calm_controls,0.18276189624528016,2021-09-02,2021-09-30,,-0.045972604264163164,20.0,1.0,P1
P1 SPY,A: switch k=1,D_recent_2025plus,,,-0.0743623244673941,,calm_controls,0.1762773073375452,2026-01-12,2026-03-30,2026-03-30,-0.0743623244673941,54.0,0.9672243493326175,P1
P1 SPY,A: sizer k=1,FULL,0.6939374717768688,1.9931436013484916,-0.10493256831397901,2.3160878663663986,,,,,,,,,P1
P1 SPY,A: sizer k=1,E_bear_2018q4,,,-0.05432432927544162,,modern_folds,-0.0294674397357938,2018-09-20,2018-10-11,,-0.05432432927544162,16.0,1.0,P1
P1 SPY,A: sizer k=1,X_2020_covid,,,-0.06518061687294774,,modern_folds,0.10276791525668072,2020-02-19,2020-02-28,2020-02-27,-0.06378289736766607,8.0,0.8402285528811075,P1
P1 SPY,A: sizer k=1,B_bear_2022,,,-0.07279222041315803,,modern_folds,-0.059651867639912926,2022-01-03,2022-08-30,2022-01-26,-0.054908891135631355,166.0,0.6003530816604555,P1
P1 SPY,A: sizer k=1,E2000_02_dotcom,,,-0.007056141966588547,,market_factor_A0_calendar,0.10839011666927734,2000-03-29,2000-03-31,,-0.007056141966588547,3.0,0.0,P1
P1 SPY,A: sizer k=1,E2007_09_gfc,,,-0.08553336917785925,,market_factor_A0_calendar,-0.04025515496843135,2007-10-09,2008-03-10,2008-02-21,-0.08332066087752721,105.0,0.6494688264066585,P1
P1 SPY,A: sizer k=1,E2011_eu_us,,,-0.08729513761353214,,market_factor_A0_calendar,-0.04737493089670042,2011-05-02,2011-10-03,2011-08-04,-0.06494449639756894,108.0,0.870162443332573,P1
P1 SPY,A: sizer k=1,E2015_16_china,,,0.0,,market_factor_A0_calendar,0.0,2015-06-01,2015-06-01,,0.0,1.0,0.0,P1
P1 SPY,A: sizer k=1,K2013_14_bull,,,-0.055668416030659196,,calm_controls,0.29593882481297573,2014-09-18,2014-10-16,,-0.055668416030659196,21.0,1.0,P1
P1 SPY,A: sizer k=1,A_bull_2021,,,-0.04711865694955042,,calm_controls,0.18544928928169058,2021-09-02,2021-10-04,,-0.04711865694955042,22.0,1.0,P1
P1 SPY,A: sizer k=1,D_recent_2025plus,,,-0.07216752918140201,,calm_controls,0.19166508705749763,2026-01-12,2026-03-31,2026-03-31,-0.07216752918140201,55.0,0.9386974721836755,P1
P1 SPY,A: both k=5,FULL,1.0232899608418222,3.2365252731624725,-0.10022629050779941,2.3398581770830043,,,,,,,,,P1
P1 SPY,A: both k=5,E_bear_2018q4,,,-0.044542198951399326,,modern_folds,-0.02036732824801535,2018-09-20,2018-10-11,,-0.044542198951399326,16.0,1.0,P1
P1 SPY,A: both k=5,X_2020_covid,,,-0.044512101345686506,,modern_folds,0.1344151834948275,2020-02-19,2020-03-02,2020-03-02,-0.044512101345686506,9.0,0.4899896283065403,P1
P1 SPY,A: both k=5,B_bear_2022,,,-0.030358428210775945,,modern_folds,-0.013612491967682327,2022-01-03,2022-08-09,2022-01-19,-0.027270033243801284,151.0,0.6020478091032743,P1
P1 SPY,A: both k=5,E2000_02_dotcom,,,-0.00012674824729119738,,market_factor_A0_calendar,0.12365548839039242,2000-03-23,2000-03-24,2000-03-24,-0.00012674824729119738,2.0,0.4043718713129253,P1
P1 SPY,A: both k=5,E2007_09_gfc,,,-0.10022629050779919,,market_factor_A0_calendar,-0.04681025798532801,2007-10-12,2008-03-10,2008-02-13,-0.07954712766496308,102.0,0.7632449199451338,P1
P1 SPY,A: both k=5,E2011_eu_us,,,-0.07662585843480196,,market_factor_A0_calendar,-0.03533315074579102,2011-05-02,2011-10-03,2011-07-29,-0.05473526699080955,108.0,0.8950460014020276,P1
P1 SPY,A: both k=5,E2015_16_china,,,0.0,,market_factor_A0_calendar,0.0,2015-06-01,2015-06-01,,0.0,1.0,0.0,P1
P1 SPY,A: both k=5,K2013_14_bull,,,-0.05384453300046865,,calm_controls,0.29879170794564125,2014-09-18,2014-10-14,2014-10-14,-0.05384453300046865,19.0,1.0,P1
P1 SPY,A: both k=5,A_bull_2021,,,-0.042540548655479515,,calm_controls,0.21668466962899968,2021-09-02,2021-10-04,,-0.042540548655479515,22.0,1.0,P1
P1 SPY,A: both k=5,D_recent_2025plus,,,-0.06676319104335982,,calm_controls,0.22342174772606804,2026-02-02,2026-03-30,2026-03-24,-0.053553186878589454,40.0,0.8663645143564981,P1
P1 SPY,A: switch k=5,FULL,0.7585125085262335,2.0866421819452734,-0.1183873055569421,2.34731079071636,,,,,,,,,P1
P1 SPY,A: switch k=5,E_bear_2018q4,,,-0.06303971690596899,,modern_folds,-0.03800222911573137,2018-09-20,2018-10-11,,-0.06303971690596899,16.0,1.0,P1
P1 SPY,A: switch k=5,X_2020_covid,,,-0.08087921739872572,,modern_folds,0.07497469624464848,2020-02-19,2020-03-02,2020-02-28,-0.0806917317689062,9.0,0.8426847986603313,P1
P1 SPY,A: switch k=5,B_bear_2022,,,-0.03331690919577679,,modern_folds,-0.01676463328129274,2022-01-03,2022-08-09,2022-01-19,-0.03049840850754071,151.0,0.5954298883283082,P1
P1 SPY,A: switch k=5,E2000_02_dotcom,,,-9.45731423422913e-05,,market_factor_A0_calendar,0.12296763636670582,2000-03-23,2000-03-24,2000-03-24,-9.45731423422913e-05,2.0,0.36430670547390853,P1
P1 SPY,A: switch k=5,E2007_09_gfc,,,-0.11562113973423283,,market_factor_A0_calendar,-0.06010518720316549,2007-10-09,2008-03-10,2008-02-13,-0.09176527983442817,105.0,0.6499506812395854,P1
P1 SPY,A: switch k=5,E2011_eu_us,,,-0.11056782739538507,,market_factor_A0_calendar,-0.07112501335273014,2011-05-02,2011-10-03,2011-08-05,-0.08039445976079063,108.0,0.8705074715411538,P1
P1 SPY,A: switch k=5,E2015_16_china,,,0.0,,market_factor_A0_calendar,0.0,2015-06-01,2015-06-01,,0.0,1.0,0.0,P1
P1 SPY,A: switch k=5,K2013_14_bull,,,-0.0583162550841515,,calm_controls,0.2555556128335541,2014-09-18,2014-10-14,2014-10-14,-0.0583162550841515,19.0,1.0,P1
P1 SPY,A: switch k=5,A_bull_2021,,,-0.045972604264163164,,calm_controls,0.18276189624528016,2021-09-02,2021-09-30,,-0.045972604264163164,20.0,1.0,P1
P1 SPY,A: switch k=5,D_recent_2025plus,,,-0.07905177021220244,,calm_controls,0.18123388849021738,2026-01-12,2026-03-30,2026-03-24,-0.058572897997126394,54.0,0.9672243493326175,P1
P1 SPY,A: sizer k=5,FULL,0.8418848148575357,2.632181374730808,-0.09640818148383756,2.3444170788709906,,,,,,,,,P1
P1 SPY,A: sizer k=5,E_bear_2018q4,,,-0.044542198951399326,,modern_folds,-0.017156802543222605,2018-09-20,2018-10-11,,-0.044542198951399326,16.0,1.0,P1
P1 SPY,A: sizer k=5,X_2020_covid,,,-0.044390723662538045,,modern_folds,0.1287882024058249,2020-02-19,2020-02-28,,-0.044390723662538045,8.0,0.4899896283065403,P1
P1 SPY,A: sizer k=5,B_bear_2022,,,-0.07087329261960817,,modern_folds,-0.057696522184087495,2022-01-03,2022-08-30,2022-01-26,-0.05506335366464321,166.0,0.6020478091032743,P1
P1 SPY,A: sizer k=5,E2000_02_dotcom,,,-0.007753893778516652,,market_factor_A0_calendar,0.10761123958980057,2000-03-29,2000-03-31,,-0.007753893778516652,3.0,0.0,P1
P1 SPY,A: sizer k=5,E2007_09_gfc,,,-0.07954712766496308,,market_factor_A0_calendar,-0.02926598084971377,2007-10-12,2008-01-22,,-0.07954712766496308,69.0,0.7632449199451338,P1
P1 SPY,A: sizer k=5,E2011_eu_us,,,-0.07662585843480196,,market_factor_A0_calendar,-0.03533315074579102,2011-05-02,2011-10-03,2011-07-29,-0.05473526699080955,108.0,0.8950460014020276,P1
P1 SPY,A: sizer k=5,E2015_16_china,,,0.0,,market_factor_A0_calendar,0.0,2015-06-01,2015-06-01,,0.0,1.0,0.0,P1
P1 SPY,A: sizer k=5,K2013_14_bull,,,-0.057114274338576076,,calm_controls,0.3118040112225777,2014-09-18,2014-10-16,,-0.057114274338576076,21.0,1.0,P1
P1 SPY,A: sizer k=5,A_bull_2021,,,-0.042540548655479515,,calm_controls,0.21668466962899968,2021-09-02,2021-10-04,,-0.042540548655479515,22.0,1.0,P1
P1 SPY,A: sizer k=5,D_recent_2025plus,,,-0.06554405034933841,,calm_controls,0.20196219530814785,2026-02-02,2026-03-31,2026-03-31,-0.06554405034933841,41.0,0.8663645143564981,P1
P1 SPY,B: t+2 next-close,FULL,0.5460078677719867,1.5053428227862216,-0.11478338867874482,6.013225461199648,,,,,,,,,P1
P1 SPY,B: t+2 next-close,E_bear_2018q4,,,-0.0687081634223281,,modern_folds,-0.04621348789060753,2018-09-20,2018-10-11,,-0.0687081634223281,16.0,1.0,P1
P1 SPY,B: t+2 next-close,X_2020_covid,,,-0.11157551237336705,,modern_folds,0.02457905834904195,2020-02-19,2020-06-11,2020-03-02,-0.08859811245347693,80.0,0.8412214402662105,P1
P1 SPY,B: t+2 next-close,B_bear_2022,,,-0.08703359557255264,,modern_folds,-0.074236807407425,2022-01-03,2022-08-31,2022-01-27,-0.05702860698997947,167.0,0.5934322612144648,P1
P1 SPY,B: t+2 next-close,E2000_02_dotcom,,,-0.0001256366013601129,,market_factor_A0_calendar,0.12102266044953458,2000-03-31,2000-04-03,2000-04-03,-0.0001256366013601129,2.0,0.4043718713129253,P1
P1 SPY,B: t+2 next-close,E2007_09_gfc,,,-0.0949375002739491,,market_factor_A0_calendar,-0.0447118658022132,2007-10-09,2008-03-10,2008-02-22,-0.08807356631284535,105.0,0.650859834255924,P1
P1 SPY,B: t+2 next-close,E2011_eu_us,,,-0.11356349994560522,,market_factor_A0_calendar,-0.07203580698266066,2011-05-02,2011-10-03,2011-08-08,-0.11174009349791358,108.0,0.8701166527361204,P1
P1 SPY,B: t+2 next-close,E2015_16_china,,,0.0,,market_factor_A0_calendar,0.0,2015-06-01,2015-06-01,,0.0,1.0,0.0,P1
P1 SPY,B: t+2 next-close,K2013_14_bull,,,-0.059843523599744874,,calm_controls,0.2826038948810641,2014-09-18,2014-10-16,,-0.059843523599744874,21.0,1.0,P1
P1 SPY,B: t+2 next-close,A_bull_2021,,,-0.04743680950330409,,calm_controls,0.17985392852553805,2021-09-02,2021-09-30,,-0.04743680950330409,20.0,1.0,P1
P1 SPY,B: t+2 next-close,D_recent_2025plus,,,-0.0735203117598685,,calm_controls,0.1842990945450449,2025-02-19,2025-03-13,,-0.0735203117598685,17.0,0.8372936731040681,P1
P1 SPY,B: next-open,FULL,0.5666290804370117,1.5297720005379658,-0.11185232428663228,2.3253477423787787,,,,,,,,,P1
P1 SPY,B: next-open,E_bear_2018q4,,,-0.06572499088077122,,modern_folds,-0.047024183096143535,2018-09-20,2018-10-23,2018-10-23,-0.06572499088077122,24.0,1.0,P1
P1 SPY,B: next-open,X_2020_covid,,,-0.0997968468542143,,modern_folds,0.04600796031975518,2020-02-19,2020-06-11,2020-02-28,-0.08175121244075867,80.0,0.8393295803381075,P1
P1 SPY,B: next-open,B_bear_2022,,,-0.07648037270684216,,modern_folds,-0.06234370906331188,2022-01-03,2022-08-29,2022-01-26,-0.06348071304739089,165.0,0.5966998746651332,P1
P1 SPY,B: next-open,E2000_02_dotcom,,,-0.004070214998452504,,market_factor_A0_calendar,0.1143230317036128,2000-03-29,2000-03-30,,-0.004070214998452504,2.0,0.0,P1
P1 SPY,B: next-open,E2007_09_gfc,,,-0.0912284781111462,,market_factor_A0_calendar,-0.04338163157839381,2007-10-09,2008-03-10,2008-02-21,-0.09097752308722917,105.0,0.6487228512038132,P1
P1 SPY,B: next-open,E2011_eu_us,,,-0.10752821910486321,,market_factor_A0_calendar,-0.06497124874215099,2011-05-02,2011-10-03,2011-08-05,-0.07967028275287968,108.0,0.8698998090164339,P1
P1 SPY,B: next-open,E2015_16_china,,,0.0,,market_factor_A0_calendar,0.0,2015-06-01,2015-06-01,,0.0,1.0,0.0,P1
P1 SPY,B: next-open,K2013_14_bull,,,-0.061443132520025756,,calm_controls,0.2756214200272764,2014-09-18,2014-10-16,,-0.061443132520025756,21.0,1.0,P1
P1 SPY,B: next-open,A_bull_2021,,,-0.04696454092155489,,calm_controls,0.18673886291947284,2021-09-02,2021-10-04,,-0.04696454092155489,22.0,0.9878388061734075,P1
P1 SPY,B: next-open,D_recent_2025plus,,,-0.07376705453156951,,calm_controls,0.19323649970657564,2026-01-12,2026-03-30,,-0.07376705453156951,54.0,0.9175223049905028,P1
P1 QQQ,incumbent t+1,FULL,0.8076248430426127,2.3751473069951006,-0.10081139971791064,2.502379755348891,,,,,,,,,P1
P1 QQQ,incumbent t+1,E_bear_2018q4,,,-0.077773821688915,,modern_folds,-0.07023097100662523,2018-10-01,2018-10-25,2018-10-17,-0.07197371575225175,19.0,0.8238272775061795,P1
P1 QQQ,incumbent t+1,X_2020_covid,,,-0.08916718762840659,,modern_folds,0.11425387434327994,2020-02-19,2020-04-21,2020-02-28,-0.0763543901895789,44.0,0.6833228976001032,P1
P1 QQQ,incumbent t+1,B_bear_2022,,,0.0,,modern_folds,0.012881409782865116,2022-01-03,2022-01-03,,0.0,1.0,0.0,P1
P1 QQQ,incumbent t+1,E2007_09_gfc,,,-0.05609207598589683,,market_factor_A0_calendar,0.034318737926252174,2007-10-31,2007-11-12,,-0.05609207598589683,9.0,0.5456422373993298,P1
P1 QQQ,incumbent t+1,E2011_eu_us,,,-0.0820042491242865,,market_factor_A0_calendar,-0.05128419002913798,2011-05-10,2011-08-19,2011-08-05,-0.06278502292991983,72.0,0.801029998090677,P1
P1 QQQ,incumbent t+1,E2015_16_china,,,-0.015959859743804206,,market_factor_A0_calendar,0.001977344759943822,2015-06-01,2015-06-09,,-0.015959859743804206,7.0,0.7324856715820257,P1
P1 QQQ,incumbent t+1,K2013_14_bull,,,-0.05127363979186106,,calm_controls,0.37154456419771864,2014-03-05,2014-04-11,,-0.05127363979186106,28.0,0.699608786235455,P1
P1 QQQ,incumbent t+1,A_bull_2021,,,-0.06505676035102903,,calm_controls,0.06243072704212782,2021-09-07,2021-10-04,,-0.06505676035102903,20.0,0.8604430461917618,P1
P1 QQQ,incumbent t+1,D_recent_2025plus,,,-0.07702284916298863,,calm_controls,0.17685893269760444,2026-01-28,2026-03-30,,-0.07702284916298863,43.0,0.7314824073868041,P1
P1 QQQ,A: both k=1,FULL,0.9847789340691058,3.4181102902390643,-0.09938373891819752,2.438694354711441,,,,,,,,,P1
P1 QQQ,A: both k=1,E_bear_2018q4,,,-0.05412288025148981,,modern_folds,-0.03516512651036863,2018-10-01,2018-10-11,,-0.05412288025148981,9.0,0.8236765959316107,P1
P1 QQQ,A: both k=1,X_2020_covid,,,-0.07083837075548172,,modern_folds,0.1485506936990042,2020-02-19,2020-03-09,2020-02-27,-0.06255038131267365,14.0,0.6865460013937044,P1
P1 QQQ,A: both k=1,B_bear_2022,,,0.0,,modern_folds,0.012881409782865116,2022-01-03,2022-01-03,,0.0,1.0,0.0,P1
P1 QQQ,A: both k=1,E2007_09_gfc,,,-0.05176043030970823,,market_factor_A0_calendar,0.03877111272223743,2007-10-31,2007-11-12,,-0.05176043030970823,9.0,0.5309391006684889,P1
P1 QQQ,A: both k=1,E2011_eu_us,,,-0.06286537844612217,,market_factor_A0_calendar,-0.034299697827161246,2011-07-26,2011-08-19,2011-08-10,-0.06202771870883372,19.0,0.5494283386245279,P1
P1 QQQ,A: both k=1,E2015_16_china,,,-0.016022962313384626,,market_factor_A0_calendar,0.004035284693652663,2015-06-01,2015-06-09,,-0.016022962313384626,7.0,0.7353889520752536,P1
P1 QQQ,A: both k=1,K2013_14_bull,,,-0.04647679856996578,,calm_controls,0.3693528304529332,2014-03-05,2014-04-11,,-0.04647679856996578,28.0,0.6993243475617263,P1
P1 QQQ,A: both k=1,A_bull_2021,,,-0.05690132571429374,,calm_controls,0.08336944222564413,2021-09-07,2021-10-05,2021-10-05,-0.05690132571429374,21.0,0.862217026917867,P1
P1 QQQ,A: both k=1,D_recent_2025plus,,,-0.07180916266799076,,calm_controls,0.2143777865727463,2026-01-28,2026-03-30,,-0.07180916266799076,43.0,0.7451874479102688,P1
P1 QQQ,A: switch k=1,FULL,0.8324535063552582,2.6027919428765536,-0.09639180427680694,2.4492408185179286,,,,,,,,,P1
P1 QQQ,A: switch k=1,E_bear_2018q4,,,-0.07197371575225175,,modern_folds,-0.05301234525880083,2018-10-01,2018-10-11,,-0.07197371575225175,9.0,0.8238272775061795,P1
P1 QQQ,A: switch k=1,X_2020_covid,,,-0.08881441178350813,,modern_folds,0.11881104353132987,2020-02-19,2020-03-09,2020-02-28,-0.0763543901895789,14.0,0.6833228976001032,P1
P1 QQQ,A: switch k=1,B_bear_2022,,,0.0,,modern_folds,0.012881409782865116,2022-01-03,2022-01-03,,0.0,1.0,0.0,P1
P1 QQQ,A: switch k=1,E2007_09_gfc,,,-0.05609207598589683,,market_factor_A0_calendar,0.03440072668563232,2007-10-31,2007-11-12,,-0.05609207598589683,9.0,0.5456422373993298,P1
P1 QQQ,A: switch k=1,E2011_eu_us,,,-0.0820042491242865,,market_factor_A0_calendar,-0.05128419002913798,2011-05-10,2011-08-19,2011-08-05,-0.06278502292991983,72.0,0.801029998090677,P1
P1 QQQ,A: switch k=1,E2015_16_china,,,-0.017113943306733437,,market_factor_A0_calendar,0.0034260870940081567,2015-06-01,2015-06-09,,-0.017113943306733437,7.0,0.7052038008703799,P1
P1 QQQ,A: switch k=1,K2013_14_bull,,,-0.05127363979186106,,calm_controls,0.34771658706726183,2014-03-05,2014-04-11,,-0.05127363979186106,28.0,0.699608786235455,P1
P1 QQQ,A: switch k=1,A_bull_2021,,,-0.06551139223999902,,calm_controls,0.06865615017480176,2021-09-07,2021-10-05,2021-10-05,-0.06551139223999902,21.0,0.8604430461917618,P1
P1 QQQ,A: switch k=1,D_recent_2025plus,,,-0.0770228491629893,,calm_controls,0.17814033611706437,2026-01-28,2026-03-30,,-0.0770228491629893,43.0,0.7314824073868041,P1
P1 QQQ,A: sizer k=1,FULL,0.9668937865234641,3.1635520792418363,-0.0993837389181974,2.468346498285383,,,,,,,,,P1
P1 QQQ,A: sizer k=1,E_bear_2018q4,,,-0.06023809009582537,,modern_folds,-0.05255142588823103,2018-10-01,2018-10-25,2018-10-18,-0.05412288025148981,19.0,0.8236765959316107,P1
P1 QQQ,A: sizer k=1,X_2020_covid,,,-0.07132420705844722,,modern_folds,0.14067852119901358,2020-02-19,2020-04-21,2020-02-27,-0.06255038131267365,44.0,0.6865460013937044,P1
P1 QQQ,A: sizer k=1,B_bear_2022,,,0.0,,modern_folds,0.012881409782865116,2022-01-03,2022-01-03,,0.0,1.0,0.0,P1
P1 QQQ,A: sizer k=1,E2007_09_gfc,,,-0.05176043030970823,,market_factor_A0_calendar,0.03834014699314392,2007-10-31,2007-11-12,,-0.05176043030970823,9.0,0.5309391006684889,P1
P1 QQQ,A: sizer k=1,E2011_eu_us,,,-0.06286537844612217,,market_factor_A0_calendar,-0.034299697827161246,2011-07-26,2011-08-19,2011-08-10,-0.06202771870883372,19.0,0.5494283386245279,P1
P1 QQQ,A: sizer k=1,E2015_16_china,,,-0.01781990155769808,,market_factor_A0_calendar,0.0008805400660272245,2015-06-01,2015-06-09,,-0.01781990155769808,7.0,0.8180878928286245,P1
P1 QQQ,A: sizer k=1,K2013_14_bull,,,-0.04647679856996578,,calm_controls,0.3929015959365647,2014-03-05,2014-04-11,,-0.04647679856996578,28.0,0.6993243475617263,P1
P1 QQQ,A: sizer k=1,A_bull_2021,,,-0.05644768739352857,,calm_controls,0.07198003896296679,2021-09-07,2021-10-04,,-0.05644768739352857,20.0,0.862217026917867,P1
P1 QQQ,A: sizer k=1,D_recent_2025plus,,,-0.07180916266799076,,calm_controls,0.21790217631679942,2026-01-28,2026-03-30,,-0.07180916266799076,43.0,0.7451874479102688,P1
P1 QQQ,A: both k=5,FULL,1.3009354836679445,5.829707684885669,-0.09441874084552415,2.4830810397217378,,,,,,,,,P1
P1 QQQ,A: both k=5,E_bear_2018q4,,,-0.04224656607056454,,modern_folds,-0.01330315305742824,2018-10-01,2018-10-11,,-0.04224656607056454,9.0,0.807562938489364,P1
P1 QQQ,A: both k=5,X_2020_covid,,,-0.0428263386549399,,modern_folds,0.21478364444995957,2020-02-19,2020-02-27,,-0.0428263386549399,7.0,0.4617241543394387,P1
P1 QQQ,A: both k=5,B_bear_2022,,,0.0,,modern_folds,0.012881409782865116,2022-01-03,2022-01-03,,0.0,1.0,0.0,P1
P1 QQQ,A: both k=5,E2007_09_gfc,,,-0.04428524776321552,,market_factor_A0_calendar,0.05273092645714961,2007-10-31,2007-11-12,,-0.04428524776321552,9.0,0.5320270595268594,P1
P1 QQQ,A: both k=5,E2011_eu_us,,,-0.06276847322564094,,market_factor_A0_calendar,-0.028698805970749364,2011-05-10,2011-06-17,,-0.06276847322564094,28.0,0.7654039021409417,P1
P1 QQQ,A: both k=5,E2015_16_china,,,-0.016313047548676796,,market_factor_A0_calendar,0.004913001617710133,2015-06-01,2015-06-15,,-0.016313047548676796,11.0,0.7327036131432296,P1
P1 QQQ,A: both k=5,K2013_14_bull,,,-0.04672106252820518,,calm_controls,0.3574062653924983,2014-03-05,2014-04-11,,-0.04672106252820518,28.0,0.790668302661112,P1
P1 QQQ,A: both k=5,A_bull_2021,,,-0.04614147745044639,,calm_controls,0.1329364736326093,2021-09-07,2021-09-29,2021-09-29,-0.04614147745044639,17.0,1.0,P1
P1 QQQ,A: both k=5,D_recent_2025plus,,,-0.06463075431806198,,calm_controls,0.2561096829646916,2026-01-28,2026-03-30,,-0.06463075431806198,43.0,0.7188707038465779,P1
P1 QQQ,A: switch k=5,FULL,0.9608795983147123,3.5934157221324465,-0.09639180427680594,2.5101177973135176,,,,,,,,,P1
P1 QQQ,A: switch k=5,E_bear_2018q4,,,-0.07197371575225175,,modern_folds,-0.044153339498323896,2018-10-01,2018-10-11,,-0.07197371575225175,9.0,0.8238272775061795,P1
P1 QQQ,A: switch k=5,X_2020_covid,,,-0.0763543901895789,,modern_folds,0.15532828484894745,2020-02-19,2020-02-27,,-0.0763543901895789,7.0,0.6833228976001032,P1
P1 QQQ,A: switch k=5,B_bear_2022,,,0.0,,modern_folds,0.012881409782865116,2022-01-03,2022-01-03,,0.0,1.0,0.0,P1
P1 QQQ,A: switch k=5,E2007_09_gfc,,,-0.05609207598589683,,market_factor_A0_calendar,0.03816401677686132,2007-10-31,2007-11-12,,-0.05609207598589683,9.0,0.5456422373993298,P1
P1 QQQ,A: switch k=5,E2011_eu_us,,,-0.0820042491242865,,market_factor_A0_calendar,-0.05128419002913798,2011-05-10,2011-08-19,2011-08-05,-0.06278502292991983,72.0,0.801029998090677,P1
P1 QQQ,A: switch k=5,E2015_16_china,,,-0.016707882388404482,,market_factor_A0_calendar,0.003854868747723339,2015-06-01,2015-06-09,,-0.016707882388404482,7.0,0.766905014500358,P1
P1 QQQ,A: switch k=5,K2013_14_bull,,,-0.05127363979186106,,calm_controls,0.303717770963146,2014-03-05,2014-04-11,,-0.05127363979186106,28.0,0.699608786235455,P1
P1 QQQ,A: switch k=5,A_bull_2021,,,-0.05649775108210131,,calm_controls,0.09428706553796729,2021-02-12,2021-03-08,,-0.05649775108210131,16.0,0.49735913763009865,P1
P1 QQQ,A: switch k=5,D_recent_2025plus,,,-0.0770228491629894,,calm_controls,0.20613047553865416,2026-01-28,2026-03-30,,-0.0770228491629894,43.0,0.7314824073868041,P1
P1 QQQ,A: sizer k=5,FULL,1.1543589338103568,4.299645325800383,-0.09441874084552349,2.509523037677993,,,,,,,,,P1
P1 QQQ,A: sizer k=5,E_bear_2018q4,,,-0.045392968670732725,,modern_folds,-0.036550975235934424,2018-10-01,2018-10-25,2018-10-18,-0.04224656607056454,19.0,0.807562938489364,P1
P1 QQQ,A: sizer k=5,X_2020_covid,,,-0.04893770168981959,,modern_folds,0.17496163388080666,2020-02-19,2020-04-21,2020-03-03,-0.0428263386549399,44.0,0.4617241543394387,P1
P1 QQQ,A: sizer k=5,B_bear_2022,,,0.0,,modern_folds,0.012881409782865116,2022-01-03,2022-01-03,,0.0,1.0,0.0,P1
P1 QQQ,A: sizer k=5,E2007_09_gfc,,,-0.04428524776321552,,market_factor_A0_calendar,0.048659072762538,2007-10-31,2007-11-12,,-0.04428524776321552,9.0,0.5320270595268594,P1
P1 QQQ,A: sizer k=5,E2011_eu_us,,,-0.06276847322564094,,market_factor_A0_calendar,-0.028698805970749364,2011-05-10,2011-06-17,,-0.06276847322564094,28.0,0.7654039021409417,P1
P1 QQQ,A: sizer k=5,E2015_16_china,,,-0.017317173692318,,market_factor_A0_calendar,0.0008556322664543536,2015-06-01,2015-06-09,,-0.017317173692318,7.0,0.7949466752353631,P1
P1 QQQ,A: sizer k=5,K2013_14_bull,,,-0.04672106252820518,,calm_controls,0.42454198713779356,2014-03-05,2014-04-11,,-0.04672106252820518,28.0,0.790668302661112,P1
P1 QQQ,A: sizer k=5,A_bull_2021,,,-0.057370841978295006,,calm_controls,0.09479779277484068,2021-09-07,2021-10-04,,-0.057370841978295006,20.0,1.0,P1
P1 QQQ,A: sizer k=5,D_recent_2025plus,,,-0.0646307543180612,,calm_controls,0.23012575527070678,2026-01-28,2026-03-30,,-0.0646307543180612,43.0,0.7188707038465779,P1
P1 QQQ,B: t+2 next-close,FULL,0.7992951321904618,2.4158456241608453,-0.10586941619854962,7.324504943402953,,,,,,,,,P1
P1 QQQ,B: t+2 next-close,E_bear_2018q4,,,-0.08320659926151419,,modern_folds,-0.06180154340895483,2018-10-01,2018-10-24,,-0.08320659926151419,18.0,0.7705813210413294,P1
P1 QQQ,B: t+2 next-close,X_2020_covid,,,-0.10219179889720653,,modern_folds,0.08957634893460886,2020-02-19,2020-04-21,2020-03-04,-0.0733787002642724,44.0,0.5995385624740734,P1
P1 QQQ,B: t+2 next-close,B_bear_2022,,,0.0,,modern_folds,0.012881409782865116,2022-01-03,2022-01-03,,0.0,1.0,0.0,P1
P1 QQQ,B: t+2 next-close,E2007_09_gfc,,,-0.05710866856139363,,market_factor_A0_calendar,0.022926613370086724,2007-10-31,2007-11-12,,-0.05710866856139363,9.0,0.5267843739632884,P1
P1 QQQ,B: t+2 next-close,E2011_eu_us,,,-0.07967092686664434,,market_factor_A0_calendar,-0.04356365827024189,2011-05-10,2011-08-08,2011-08-08,-0.07967092686664434,63.0,0.8256179341623602,P1
P1 QQQ,B: t+2 next-close,E2015_16_china,,,-0.016856274804847082,,market_factor_A0_calendar,-0.006753102977731129,2015-06-01,2015-06-09,,-0.016856274804847082,7.0,0.6729392657984893,P1
P1 QQQ,B: t+2 next-close,K2013_14_bull,,,-0.05638637952228864,,calm_controls,0.35210721882012885,2014-03-05,2014-04-11,,-0.05638637952228864,28.0,0.7326780514054069,P1
P1 QQQ,B: t+2 next-close,A_bull_2021,,,-0.06227008653552024,,calm_controls,0.06248368090721623,2021-09-07,2021-10-04,,-0.06227008653552024,20.0,0.9196487753931686,P1
P1 QQQ,B: t+2 next-close,D_recent_2025plus,,,-0.06991812541879272,,calm_controls,0.1942221572945706,2026-01-28,2026-03-30,,-0.06991812541879272,43.0,0.6930090366016005,P1
P1 QQQ,B: next-open,FULL,0.8100274622990706,2.385122362525528,-0.10244567690521345,2.4576400525447832,,,,,,,,,P1
P1 QQQ,B: next-open,E_bear_2018q4,,,-0.07754287926222037,,modern_folds,-0.06429534971708284,2018-10-01,2018-10-24,,-0.07754287926222037,18.0,0.7738826415665859,P1
P1 QQQ,B: next-open,X_2020_covid,,,-0.102445676905213,,modern_folds,0.09117196447974751,2020-02-19,2020-04-21,2020-02-28,-0.07743377017158015,44.0,0.6791295224625364,P1
P1 QQQ,B: next-open,B_bear_2022,,,0.0,,modern_folds,0.012881409782865116,2022-01-03,2022-01-03,,0.0,1.0,0.0,P1
P1 QQQ,B: next-open,E2007_09_gfc,,,-0.054677439834897146,,market_factor_A0_calendar,0.03472800384933894,2007-10-31,2007-11-12,,-0.054677439834897146,9.0,0.4963682051253108,P1
P1 QQQ,B: next-open,E2011_eu_us,,,-0.07708758845597774,,market_factor_A0_calendar,-0.04520150704589121,2011-05-10,2011-08-19,2011-08-05,-0.06128749747754014,72.0,0.7622229782229601,P1
P1 QQQ,B: next-open,E2015_16_china,,,-0.015827537053914154,,market_factor_A0_calendar,0.0013037893144922652,2015-06-01,2015-06-09,,-0.015827537053914154,7.0,0.7267943909995076,P1
P1 QQQ,B: next-open,K2013_14_bull,,,-0.05265805970673165,,calm_controls,0.3743049468332851,2014-03-05,2014-04-11,,-0.05265805970673165,28.0,0.6981697055890154,P1
P1 QQQ,B: next-open,A_bull_2021,,,-0.06235913009957805,,calm_controls,0.06021041099263025,2021-09-07,2021-12-03,2021-10-06,-0.06193591002836052,63.0,0.9366518026360179,P1
P1 QQQ,B: next-open,D_recent_2025plus,,,-0.07629904182442182,,calm_controls,0.18665203043213507,2026-01-28,2026-03-30,,-0.07629904182442182,43.0,0.7309821153142309,P1
P1 XLK,incumbent t+1,FULL,0.6720370446330262,1.7875989344048528,-0.10402299929382008,2.4437465596755,,,,,,,,,P1
P1 XLK,incumbent t+1,E_bear_2018q4,,,-0.08102905160478135,,modern_folds,-0.057270633432647156,2018-10-03,2018-10-25,2018-10-11,-0.07737836973857959,17.0,0.9564556916733313,P1
P1 XLK,incumbent t+1,X_2020_covid,,,-0.10043399640404382,,modern_folds,0.07495577729199576,2020-02-19,2020-04-21,2020-03-03,-0.071492964162582,44.0,0.5568350131476418,P1
P1 XLK,incumbent t+1,B_bear_2022,,,-0.026844950354008912,,modern_folds,-0.01075179716798036,2022-01-03,2022-01-14,2022-01-14,-0.026844950354008912,10.0,0.3839446473676471,P1
P1 XLK,incumbent t+1,E2007_09_gfc,,,-0.09043304874667868,,market_factor_A0_calendar,-0.031236710497428044,2007-10-31,2008-01-08,2007-12-04,-0.05856422214703361,47.0,0.6843870950367977,P1
P1 XLK,incumbent t+1,E2011_eu_us,,,-0.086149147916594,,market_factor_A0_calendar,-0.04602944883913174,2011-05-10,2011-08-19,2011-08-05,-0.06386458096983605,72.0,0.8486942843485389,P1
P1 XLK,incumbent t+1,E2015_16_china,,,-0.03129490077790931,,market_factor_A0_calendar,-0.02151077018918346,2015-06-01,2015-11-13,2015-06-18,-0.018401570194817807,118.0,0.7030202570194131,P1
P1 XLK,incumbent t+1,K2013_14_bull,,,-0.04683684640869379,,calm_controls,0.21063036142009417,2013-05-17,2013-06-24,,-0.04683684640869379,26.0,0.830002835933788,P1
P1 XLK,incumbent t+1,A_bull_2021,,,-0.05519270765022144,,calm_controls,0.1134693683461816,2021-08-30,2021-11-01,2021-10-05,-0.05378346854327454,45.0,0.8520227928601892,P1
P1 XLK,incumbent t+1,D_recent_2025plus,,,-0.0746694195846681,,calm_controls,0.25946698754542363,2025-10-29,2026-03-30,,-0.0746694195846681,104.0,0.49196394793002896,P1
P1 XLK,A: both k=1,FULL,0.8941858322153624,2.805426265094963,-0.10841765207040821,2.4020211763170862,,,,,,,,,P1
P1 XLK,A: both k=1,E_bear_2018q4,,,-0.05759604528061102,,modern_folds,-0.022767032585060742,2018-10-03,2018-10-11,2018-10-10,-0.05253096656706946,7.0,0.9865116862635365,P1
P1 XLK,A: both k=1,X_2020_covid,,,-0.07056513270694709,,modern_folds,0.11887240584231806,2020-02-19,2020-04-21,2020-03-03,-0.060220514620645815,44.0,0.5499559706233651,P1
P1 XLK,A: both k=1,B_bear_2022,,,-0.021070507967141605,,modern_folds,0.002056519840363258,2022-01-03,2022-01-07,,-0.021070507967141605,5.0,0.38383470570541023,P1
P1 XLK,A: both k=1,E2007_09_gfc,,,-0.07336207674494544,,market_factor_A0_calendar,-0.011755032315478031,2007-10-31,2008-01-09,2007-12-03,-0.05377380491866224,48.0,0.672957428489047,P1
P1 XLK,A: both k=1,E2011_eu_us,,,-0.07104806287943854,,market_factor_A0_calendar,-0.030142501967830304,2011-05-10,2011-08-19,2011-08-04,-0.06022101744530828,72.0,0.8483406788567187,P1
P1 XLK,A: both k=1,E2015_16_china,,,-0.03393396095417789,,market_factor_A0_calendar,-0.03180580118906551,2015-06-01,2015-11-16,2015-06-17,-0.018317259833874444,119.0,0.6997921377974184,P1
P1 XLK,A: both k=1,K2013_14_bull,,,-0.044493544727322476,,calm_controls,0.21461757127638315,2014-01-15,2014-02-03,,-0.044493544727322476,13.0,0.8697503641363318,P1
P1 XLK,A: both k=1,A_bull_2021,,,-0.044062869911257074,,calm_controls,0.12066387335736195,2021-02-12,2021-03-08,,-0.044062869911257074,16.0,0.5136289791815584,P1
P1 XLK,A: both k=1,D_recent_2025plus,,,-0.07051504081771398,,calm_controls,0.2965424701407178,2026-01-28,2026-03-30,,-0.07051504081771398,43.0,0.5622044845095562,P1
P1 XLK,A: switch k=1,FULL,0.7335229666502967,2.0809811031392984,-0.10389417542459689,2.393184121614075,,,,,,,,,P1
P1 XLK,A: switch k=1,E_bear_2018q4,,,-0.07737836973857959,,modern_folds,-0.04145143997439371,2018-10-03,2018-10-11,2018-10-11,-0.07737836973857959,7.0,0.9564556916733313,P1
P1 XLK,A: switch k=1,X_2020_covid,,,-0.0852320433145829,,modern_folds,0.09089445222235604,2020-02-19,2020-04-21,2020-03-03,-0.071492964162582,44.0,0.5568350131476418,P1
P1 XLK,A: switch k=1,B_bear_2022,,,-0.02107652148264605,,modern_folds,0.0010571797171874397,2022-01-03,2022-01-07,,-0.02107652148264605,5.0,0.3839446473676471,P1
P1 XLK,A: switch k=1,E2007_09_gfc,,,-0.07824948394839815,,market_factor_A0_calendar,-0.01906295971260641,2007-10-31,2008-01-09,2007-12-03,-0.05856422214703361,48.0,0.6843870950367977,P1
P1 XLK,A: switch k=1,E2011_eu_us,,,-0.086149147916594,,market_factor_A0_calendar,-0.04602944883913174,2011-05-10,2011-08-19,2011-08-05,-0.06386458096983605,72.0,0.8486942843485389,P1
P1 XLK,A: switch k=1,E2015_16_china,,,-0.032953036660261836,,market_factor_A0_calendar,-0.030887272776758512,2015-06-01,2015-11-16,2015-06-17,-0.017763360799645356,119.0,0.6785857893877233,P1
P1 XLK,A: switch k=1,K2013_14_bull,,,-0.04683684640869379,,calm_controls,0.20967999388662384,2013-05-17,2013-06-24,,-0.04683684640869379,26.0,0.830002835933788,P1
P1 XLK,A: switch k=1,A_bull_2021,,,-0.04888460304317732,,calm_controls,0.13054268684670212,2021-08-30,2021-09-30,,-0.04888460304317732,23.0,0.8520227928601892,P1
P1 XLK,A: switch k=1,D_recent_2025plus,,,-0.07466941958466833,,calm_controls,0.2784564218200061,2025-10-29,2026-03-30,,-0.07466941958466833,104.0,0.49196394793002896,P1
P1 XLK,A: sizer k=1,FULL,0.8316734462198284,2.463887900179265,-0.10841765207040788,2.4579454694895793,,,,,,,,,P1
P1 XLK,A: sizer k=1,E_bear_2018q4,,,-0.06384352304732677,,modern_folds,-0.03934793571712991,2018-10-03,2018-10-25,2018-10-10,-0.05253096656706946,17.0,0.9865116862635365,P1
P1 XLK,A: sizer k=1,X_2020_covid,,,-0.08131286225202428,,modern_folds,0.10579858194617642,2020-02-19,2020-04-21,2020-03-03,-0.060220514620645815,44.0,0.5499559706233651,P1
P1 XLK,A: sizer k=1,B_bear_2022,,,-0.025544476553319928,,modern_folds,-0.00943083737016781,2022-01-03,2022-01-14,2022-01-14,-0.025544476553319928,10.0,0.38383470570541023,P1
P1 XLK,A: sizer k=1,E2007_09_gfc,,,-0.08218188037211183,,market_factor_A0_calendar,-0.022816483473670934,2007-10-31,2008-01-08,2007-12-04,-0.05377380491866224,47.0,0.672957428489047,P1
P1 XLK,A: sizer k=1,E2011_eu_us,,,-0.07104806287943854,,market_factor_A0_calendar,-0.030142501967830304,2011-05-10,2011-08-19,2011-08-04,-0.06022101744530828,72.0,0.8483406788567187,P1
P1 XLK,A: sizer k=1,E2015_16_china,,,-0.03212339190250524,,market_factor_A0_calendar,-0.022077703625615563,2015-06-01,2015-11-13,2015-06-18,-0.018833219120556133,118.0,0.7195484825844394,P1
P1 XLK,A: sizer k=1,K2013_14_bull,,,-0.044493544727322476,,calm_controls,0.2155633481221444,2014-01-15,2014-02-03,,-0.044493544727322476,13.0,0.8697503641363318,P1
P1 XLK,A: sizer k=1,A_bull_2021,,,-0.049617591448239406,,calm_controls,0.10683295967449458,2021-08-30,2021-11-01,2021-10-05,-0.04815649152259516,45.0,0.789856988246497,P1
P1 XLK,A: sizer k=1,D_recent_2025plus,,,-0.07051504081771365,,calm_controls,0.2828500116724819,2026-01-28,2026-03-30,,-0.07051504081771365,43.0,0.5622044845095562,P1
P1 XLK,A: both k=5,FULL,1.221778214336024,4.730779188332535,-0.1054653344045241,2.438777580625392,,,,,,,,,P1
P1 XLK,A: both k=5,E_bear_2018q4,,,-0.03857478622268884,,modern_folds,0.010513697928520305,2018-10-03,2018-10-11,2018-10-10,-0.03425129762651169,7.0,0.8383148346409206,P1
P1 XLK,A: both k=5,X_2020_covid,,,-0.043096181634372344,,modern_folds,0.16946792777506836,2020-09-02,2020-10-30,,-0.043096181634372344,42.0,0.2836586145736489,P1
P1 XLK,A: both k=5,B_bear_2022,,,-0.01862696168829925,,modern_folds,-0.002367045325929573,2022-01-03,2022-01-07,2022-01-07,-0.01862696168829925,5.0,0.38724746058766746,P1
P1 XLK,A: both k=5,E2007_09_gfc,,,-0.04757943364625972,,market_factor_A0_calendar,0.03497849441685652,2007-10-31,2008-01-03,2007-11-27,-0.04327701202835321,44.0,0.6858981731133221,P1
P1 XLK,A: both k=5,E2011_eu_us,,,-0.06739237901172879,,market_factor_A0_calendar,-0.02437595607424259,2011-05-10,2011-08-19,2011-07-29,-0.06513426043506854,72.0,0.8478696629684265,P1
P1 XLK,A: both k=5,E2015_16_china,,,-0.018285481789958924,,market_factor_A0_calendar,0.013730396306081305,2015-06-01,2015-06-09,,-0.018285481789958924,7.0,0.6985754204086901,P1
P1 XLK,A: both k=5,K2013_14_bull,,,-0.04277389272545662,,calm_controls,0.22993961300816523,2013-05-17,2013-06-24,,-0.04277389272545662,26.0,0.810411661859833,P1
P1 XLK,A: both k=5,A_bull_2021,,,-0.04042379217004066,,calm_controls,0.16592299177751602,2021-02-12,2021-03-08,,-0.04042379217004066,16.0,0.5275671513947331,P1
P1 XLK,A: both k=5,D_recent_2025plus,,,-0.056682866140212784,,calm_controls,0.3332055378179295,2025-10-29,2026-03-30,,-0.056682866140212784,104.0,0.48610065235488475,P1
P1 XLK,A: switch k=5,FULL,0.9062828380657061,2.955136259696439,-0.10389417542459689,2.436548743647118,,,,,,,,,P1
P1 XLK,A: switch k=5,E_bear_2018q4,,,-0.07737836973857959,,modern_folds,-0.029483730930060736,2018-10-03,2018-10-11,2018-10-11,-0.07737836973857959,7.0,0.9564556916733313,P1
P1 XLK,A: switch k=5,X_2020_covid,,,-0.071492964162582,,modern_folds,0.12577511624137605,2020-02-19,2020-02-27,,-0.071492964162582,7.0,0.5568350131476418,P1
P1 XLK,A: switch k=5,B_bear_2022,,,-0.01800268153056972,,modern_folds,-0.0017633029442420955,2022-01-03,2022-01-07,2022-01-07,-0.01800268153056972,5.0,0.3839446473676471,P1
P1 XLK,A: switch k=5,E2007_09_gfc,,,-0.06599485422673168,,market_factor_A0_calendar,0.01295765688583872,2007-10-31,2008-01-03,2007-11-27,-0.058661646725906014,44.0,0.6843870950367977,P1
P1 XLK,A: switch k=5,E2011_eu_us,,,-0.086149147916594,,market_factor_A0_calendar,-0.04602944883913174,2011-05-10,2011-08-19,2011-08-05,-0.06386458096983605,72.0,0.8486942843485389,P1
P1 XLK,A: switch k=5,E2015_16_china,,,-0.019745146015338166,,market_factor_A0_calendar,0.014195113851033225,2015-06-01,2015-06-09,,-0.019745146015338166,7.0,0.7544726267662999,P1
P1 XLK,A: switch k=5,K2013_14_bull,,,-0.04683684640869379,,calm_controls,0.20492815621927107,2013-05-17,2013-06-24,,-0.04683684640869379,26.0,0.830002835933788,P1
P1 XLK,A: switch k=5,A_bull_2021,,,-0.047468615035407224,,calm_controls,0.15862247895876913,2021-02-12,2021-03-08,,-0.047468615035407224,16.0,0.4745462729737596,P1
P1 XLK,A: switch k=5,D_recent_2025plus,,,-0.07466941958466866,,calm_controls,0.2886698894625559,2025-10-29,2026-03-30,,-0.07466941958466866,104.0,0.49196394793002896,P1
P1 XLK,A: sizer k=5,FULL,0.9991208457574751,3.271864397283724,-0.10546533440452455,2.481858938933896,,,,,,,,,P1
P1 XLK,A: sizer k=5,E_bear_2018q4,,,-0.04546238599676122,,modern_folds,-0.019349312742117708,2018-10-03,2018-10-25,2018-10-10,-0.03425129762651169,17.0,0.8383148346409206,P1
P1 XLK,A: sizer k=5,X_2020_covid,,,-0.0584239051876525,,modern_folds,0.1373965388261147,2020-02-19,2020-04-21,2020-03-03,-0.04274551105563773,44.0,0.40359961170278014,P1
P1 XLK,A: sizer k=5,B_bear_2022,,,-0.026812662391750064,,modern_folds,-0.010688371121581275,2022-01-03,2022-01-14,2022-01-14,-0.026812662391750064,10.0,0.38724746058766746,P1
P1 XLK,A: sizer k=5,E2007_09_gfc,,,-0.06938145297575049,,market_factor_A0_calendar,-0.009233982914772398,2007-10-31,2008-01-08,2007-12-04,-0.04319025892608075,47.0,0.6858981731133221,P1
P1 XLK,A: sizer k=5,E2011_eu_us,,,-0.06739237901172879,,market_factor_A0_calendar,-0.02437595607424259,2011-05-10,2011-08-19,2011-07-29,-0.06513426043506854,72.0,0.8478696629684265,P1
P1 XLK,A: sizer k=5,E2015_16_china,,,-0.034025200026964186,,market_factor_A0_calendar,-0.023364669761627765,2015-06-01,2015-11-13,2015-06-18,-0.01980836389028895,118.0,0.7568939712428562,P1
P1 XLK,A: sizer k=5,K2013_14_bull,,,-0.04277389272545662,,calm_controls,0.23865942053109945,2013-05-17,2013-06-24,,-0.04277389272545662,26.0,0.810411661859833,P1
P1 XLK,A: sizer k=5,A_bull_2021,,,-0.05387494825901307,,calm_controls,0.11934493038010552,2021-08-30,2021-11-01,2021-10-05,-0.05244374183087275,45.0,0.7885141945054617,P1
P1 XLK,A: sizer k=5,D_recent_2025plus,,,-0.056682866140211785,,calm_controls,0.29970709707867416,2025-10-29,2026-03-30,,-0.056682866140211785,104.0,0.48610065235488475,P1
P1 XLK,B: t+2 next-close,FULL,0.6502815512285571,1.8139149792161664,-0.10869585509785717,6.989244285150157,,,,,,,,,P1
P1 XLK,B: t+2 next-close,E_bear_2018q4,,,-0.08930743699943999,,modern_folds,-0.055765096894130894,2018-10-03,2018-10-24,2018-10-18,-0.08500642058351326,16.0,0.8527030303449432,P1
P1 XLK,B: t+2 next-close,X_2020_covid,,,-0.09345095128079606,,modern_folds,0.09778322804140815,2020-02-19,2020-03-12,2020-03-04,-0.07361944929380337,17.0,0.5569091522140065,P1
P1 XLK,B: t+2 next-close,B_bear_2022,,,-0.024550040784800498,,modern_folds,-0.005558282477368337,2022-01-03,2022-01-13,,-0.024550040784800498,9.0,0.380283948357943,P1
P1 XLK,B: t+2 next-close,E2007_09_gfc,,,-0.09455233364782989,,market_factor_A0_calendar,-0.018776657298417376,2007-10-31,2008-01-08,2007-12-05,-0.06812268868719895,47.0,0.6879056745064382,P1
P1 XLK,B: t+2 next-close,E2011_eu_us,,,-0.08366699343031636,,market_factor_A0_calendar,-0.039539995395317384,2011-05-10,2011-08-08,2011-08-08,-0.08366699343031636,63.0,0.8488133054633976,P1
P1 XLK,B: t+2 next-close,E2015_16_china,,,-0.025633328717413417,,market_factor_A0_calendar,-0.012768266440732368,2015-11-06,2015-11-13,,-0.025633328717413417,6.0,0.49374979425984905,P1
P1 XLK,B: t+2 next-close,K2013_14_bull,,,-0.04703920897679803,,calm_controls,0.1967249644541278,2013-05-17,2013-06-24,,-0.04703920897679803,26.0,0.8292675066709683,P1
P1 XLK,B: t+2 next-close,A_bull_2021,,,-0.0567138043459261,,calm_controls,0.11138460514679704,2021-08-30,2021-10-04,,-0.0567138043459261,25.0,0.7840593166831491,P1
P1 XLK,B: t+2 next-close,D_recent_2025plus,,,-0.07205728595512562,,calm_controls,0.2479995957932033,2025-10-29,2026-03-30,,-0.07205728595512562,104.0,0.4535062341123999,P1
P1 XLK,B: next-open,FULL,0.6551242297874793,1.6886110180993574,-0.10946837341140203,2.472591493967223,,,,,,,,,P1
P1 XLK,B: next-open,E_bear_2018q4,,,-0.08051456507926835,,modern_folds,-0.05462093116948641,2018-10-03,2018-10-24,2018-10-11,-0.0769058779008972,16.0,0.9000685512951682,P1
P1 XLK,B: next-open,X_2020_covid,,,-0.09573890034640031,,modern_folds,0.08781575737394753,2020-02-19,2020-03-12,2020-03-03,-0.07056578365858157,17.0,0.5499901471189677,P1
P1 XLK,B: next-open,B_bear_2022,,,-0.02741498056319447,,modern_folds,-0.011313957360905014,2022-01-03,2022-01-14,2022-01-14,-0.02741498056319447,10.0,0.3860585036431444,P1
P1 XLK,B: next-open,E2007_09_gfc,,,-0.09502707304834723,,market_factor_A0_calendar,-0.03632677081215596,2007-10-31,2008-01-08,2007-12-04,-0.06346186709312163,47.0,0.6548582007636724,P1
P1 XLK,B: next-open,E2011_eu_us,,,-0.08361958522786828,,market_factor_A0_calendar,-0.04445528699936907,2011-05-10,2011-08-19,2011-08-05,-0.06373681475617443,72.0,0.8477471019869657,P1
P1 XLK,B: next-open,E2015_16_china,,,-0.03038690758406659,,market_factor_A0_calendar,-0.019081834259796926,2015-06-03,2015-11-13,2015-06-18,-0.018320363272072537,116.0,0.6993127262746915,P1
P1 XLK,B: next-open,K2013_14_bull,,,-0.04668134885769526,,calm_controls,0.21538838719001152,2013-05-20,2013-06-24,,-0.04668134885769526,25.0,0.8304131084955453,P1
P1 XLK,B: next-open,A_bull_2021,,,-0.05712549684369306,,calm_controls,0.10539191094568712,2021-08-30,2021-11-01,2021-10-05,-0.05624203227294877,45.0,0.7867347722825134,P1
P1 XLK,B: next-open,D_recent_2025plus,,,-0.07419806475536239,,calm_controls,0.24897951123751638,2025-10-29,2026-03-30,,-0.07419806475536239,104.0,0.4786815109418205,P1
P1 IWM,incumbent t+1,FULL,0.327280128351165,0.7548376856080877,-0.12598831450929304,2.0161626723634227,,,,,,,,,P1
P1 IWM,incumbent t+1,E_bear_2018q4,,,-0.0598945246161352,,modern_folds,-0.043667503061823765,2018-09-04,2018-10-10,2018-10-10,-0.0598945246161352,27.0,0.9506181447391302,P1
P1 IWM,incumbent t+1,X_2020_covid,,,-0.10692067941731764,,modern_folds,0.0485329514157713,2020-02-20,2020-09-24,2020-02-28,-0.07305259920634333,152.0,0.6783343776582801,P1
P1 IWM,incumbent t+1,B_bear_2022,,,0.0,,modern_folds,0.012881409782865116,2022-01-03,2022-01-03,,0.0,1.0,0.0,P1
P1 IWM,incumbent t+1,E2007_09_gfc,,,-0.06394352137577364,,market_factor_A0_calendar,-0.03538844640192895,2007-10-09,2009-04-20,2007-12-04,-0.055795515324498224,385.0,0.427799193186449,P1
P1 IWM,incumbent t+1,E2011_eu_us,,,-0.11848505831902423,,market_factor_A0_calendar,-0.08155575343272303,2011-05-10,2011-10-03,2011-08-05,-0.0815656327479396,102.0,0.6241029293136185,P1
P1 IWM,incumbent t+1,E2015_16_china,,,0.0,,market_factor_A0_calendar,0.0,2015-06-01,2015-06-01,,0.0,1.0,0.0,P1
P1 IWM,incumbent t+1,K2013_14_bull,,,-0.05645476953842998,,calm_controls,0.15500165155903578,2014-01-22,2014-05-15,,-0.05645476953842998,80.0,0.7735974027158198,P1
P1 IWM,incumbent t+1,A_bull_2021,,,-0.0669952183896062,,calm_controls,0.059353151199784016,2021-11-08,2021-12-01,,-0.0669952183896062,17.0,0.5305399087332651,P1
P1 IWM,incumbent t+1,D_recent_2025plus,,,-0.058359906306190035,,calm_controls,0.17281317650817196,2026-01-22,2026-03-31,2026-03-31,-0.058359906306190035,48.0,0.5958090641121628,P1
P1 IWM,A: both k=1,FULL,0.4673781523353111,1.1756265493138456,-0.10832671326261722,1.9722182307808975,,,,,,,,,P1
P1 IWM,A: both k=1,E_bear_2018q4,,,-0.05474722971792567,,modern_folds,-0.03165034341153394,2018-09-04,2018-10-09,2018-10-09,-0.05474722971792567,26.0,0.9504835139510269,P1
P1 IWM,A: both k=1,X_2020_covid,,,-0.07902710201426322,,modern_folds,0.07680509966137583,2020-02-20,2020-09-23,2020-02-27,-0.04699326365638179,151.0,0.8077513464837411,P1
P1 IWM,A: both k=1,B_bear_2022,,,0.0,,modern_folds,0.012881409782865116,2022-01-03,2022-01-03,,0.0,1.0,0.0,P1
P1 IWM,A: both k=1,E2007_09_gfc,,,-0.055382840061125815,,market_factor_A0_calendar,-0.005718465567300379,2007-10-09,2007-11-26,,-0.055382840061125815,34.0,0.41899913299578445,P1
P1 IWM,A: both k=1,E2011_eu_us,,,-0.10450987686932811,,market_factor_A0_calendar,-0.06381631048488468,2011-07-07,2011-10-03,2011-08-08,-0.08931361885363709,62.0,0.5562711177354355,P1
P1 IWM,A: both k=1,E2015_16_china,,,0.0,,market_factor_A0_calendar,0.0,2015-06-01,2015-06-01,,0.0,1.0,0.0,P1
P1 IWM,A: both k=1,K2013_14_bull,,,-0.05775071133535148,,calm_controls,0.17625473323608798,2014-07-03,2014-08-01,2014-08-01,-0.05775071133535148,21.0,0.812367262397168,P1
P1 IWM,A: both k=1,A_bull_2021,,,-0.06422204101022388,,calm_controls,0.0536550067763264,2021-11-08,2021-12-01,,-0.06422204101022388,17.0,0.6013991086406757,P1
P1 IWM,A: both k=1,D_recent_2025plus,,,-0.05236752607897022,,calm_controls,0.18622897319972243,2026-01-22,2026-03-20,,-0.05236752607897022,41.0,0.5945322165289664,P1
P1 IWM,A: switch k=1,FULL,0.388764814380878,0.9572500390187139,-0.12402044961244951,1.9571851901238408,,,,,,,,,P1
P1 IWM,A: switch k=1,E_bear_2018q4,,,-0.05678499293337769,,modern_folds,-0.03377723629638729,2018-09-04,2018-10-09,2018-10-09,-0.05678499293337769,26.0,0.9506181447391302,P1
P1 IWM,A: switch k=1,X_2020_covid,,,-0.0923927203896272,,modern_folds,0.0692751653669863,2020-02-20,2020-09-23,2020-02-27,-0.05794222522634096,151.0,0.6783343776582801,P1
P1 IWM,A: switch k=1,B_bear_2022,,,0.0,,modern_folds,0.012881409782865116,2022-01-03,2022-01-03,,0.0,1.0,0.0,P1
P1 IWM,A: switch k=1,E2007_09_gfc,,,-0.055795515324498224,,market_factor_A0_calendar,-0.003105744126492005,2007-10-09,2007-11-26,,-0.055795515324498224,34.0,0.427799193186449,P1
P1 IWM,A: switch k=1,E2011_eu_us,,,-0.11848505831902423,,market_factor_A0_calendar,-0.08155575343272303,2011-05-10,2011-10-03,2011-08-05,-0.0815656327479396,102.0,0.6241029293136185,P1
P1 IWM,A: switch k=1,E2015_16_china,,,0.0,,market_factor_A0_calendar,0.0,2015-06-01,2015-06-01,,0.0,1.0,0.0,P1
P1 IWM,A: switch k=1,K2013_14_bull,,,-0.05645476953842998,,calm_controls,0.15860943299013597,2014-01-22,2014-05-15,,-0.05645476953842998,80.0,0.7735974027158198,P1
P1 IWM,A: switch k=1,A_bull_2021,,,-0.0669952183896062,,calm_controls,0.04942243696513149,2021-11-08,2021-12-01,,-0.0669952183896062,17.0,0.5305399087332651,P1
P1 IWM,A: switch k=1,D_recent_2025plus,,,-0.05366887222615735,,calm_controls,0.1842777643984852,2026-01-22,2026-03-20,,-0.05366887222615735,41.0,0.5958090641121628,P1
P1 IWM,A: sizer k=1,FULL,0.4046957290358661,0.9465326237739322,-0.10832671326261811,1.965001331485093,,,,,,,,,P1
P1 IWM,A: sizer k=1,E_bear_2018q4,,,-0.057856741058133654,,modern_folds,-0.041256679929736806,2018-09-04,2018-10-10,2018-10-10,-0.057856741058133654,27.0,0.9504835139510269,P1
P1 IWM,A: sizer k=1,X_2020_covid,,,-0.09296941521947799,,modern_folds,0.06050369275430301,2020-02-20,2020-09-23,2020-02-28,-0.06197734660198717,151.0,0.8077513464837411,P1
P1 IWM,A: sizer k=1,B_bear_2022,,,0.0,,modern_folds,0.012881409782865116,2022-01-03,2022-01-03,,0.0,1.0,0.0,P1
P1 IWM,A: sizer k=1,E2007_09_gfc,,,-0.06496887507743654,,market_factor_A0_calendar,-0.03677797560243479,2007-10-09,2009-04-20,2007-12-04,-0.055382840061125815,385.0,0.41899913299578445,P1
P1 IWM,A: sizer k=1,E2011_eu_us,,,-0.10450987686932811,,market_factor_A0_calendar,-0.06381631048488468,2011-07-07,2011-10-03,2011-08-08,-0.08931361885363709,62.0,0.5562711177354355,P1
P1 IWM,A: sizer k=1,E2015_16_china,,,0.0,,market_factor_A0_calendar,0.0,2015-06-01,2015-06-01,,0.0,1.0,0.0,P1
P1 IWM,A: sizer k=1,K2013_14_bull,,,-0.06067339248907555,,calm_controls,0.1726062109371962,2014-07-03,2014-08-04,2014-08-04,-0.06067339248907555,22.0,0.812367262397168,P1
P1 IWM,A: sizer k=1,A_bull_2021,,,-0.06422204101022388,,calm_controls,0.06350357060385092,2021-11-08,2021-12-01,,-0.06422204101022388,17.0,0.6013991086406757,P1
P1 IWM,A: sizer k=1,D_recent_2025plus,,,-0.057692236792698304,,calm_controls,0.17524126672382456,2026-01-22,2026-03-31,2026-03-31,-0.057692236792698304,48.0,0.6079063123570022,P1
P1 IWM,A: both k=5,FULL,0.7276807038601826,2.317286315572946,-0.092181569991728,2.0721436541861102,,,,,,,,,P1
P1 IWM,A: both k=5,E_bear_2018q4,,,-0.03997328113288012,,modern_folds,-0.016915403034720833,2018-09-04,2018-10-03,2018-10-03,-0.03997328113288012,22.0,1.0,P1
P1 IWM,A: both k=5,X_2020_covid,,,-0.03621623967530174,,modern_folds,0.14891508454980795,2020-09-02,2020-09-23,,-0.03621623967530174,15.0,0.4749122180770047,P1
P1 IWM,A: both k=5,B_bear_2022,,,0.0,,modern_folds,0.012881409782865116,2022-01-03,2022-01-03,,0.0,1.0,0.0,P1
P1 IWM,A: both k=5,E2007_09_gfc,,,-0.0529094770913241,,market_factor_A0_calendar,0.0357522769705132,2007-10-09,2007-11-27,2007-11-27,-0.0529094770913241,35.0,0.46909801369893667,P1
P1 IWM,A: both k=5,E2011_eu_us,,,-0.08679984629566606,,market_factor_A0_calendar,-0.05231391725151202,2011-07-07,2011-10-03,2011-08-02,-0.04360102748105488,62.0,0.5636432418728746,P1
P1 IWM,A: both k=5,E2015_16_china,,,0.0,,market_factor_A0_calendar,0.0,2015-06-01,2015-06-01,,0.0,1.0,0.0,P1
P1 IWM,A: both k=5,K2013_14_bull,,,-0.052384725427872425,,calm_controls,0.21744298003441864,2014-03-18,2014-05-15,,-0.052384725427872425,42.0,0.7082533200179094,P1
P1 IWM,A: both k=5,A_bull_2021,,,-0.048910277210112874,,calm_controls,0.053368056786717855,2021-11-08,2021-12-01,2021-12-01,-0.048910277210112874,17.0,0.535246363204596,P1
P1 IWM,A: both k=5,D_recent_2025plus,,,-0.06163951203185192,,calm_controls,0.2320624688838353,2026-01-22,2026-03-30,2026-03-24,-0.051844235106972,47.0,0.5981771391224563,P1
P1 IWM,A: switch k=5,FULL,0.5700538747328673,1.6333767139199902,-0.12402044961244996,1.9776584151536865,,,,,,,,,P1
P1 IWM,A: switch k=5,E_bear_2018q4,,,-0.04306313571649456,,modern_folds,-0.020677408203697012,2018-09-04,2018-10-03,2018-10-03,-0.04306313571649456,22.0,0.8896509777483129,P1
P1 IWM,A: switch k=5,X_2020_covid,,,-0.04217541476985387,,modern_folds,0.154263466502627,2020-09-02,2020-09-23,,-0.04217541476985387,15.0,0.5350290620330282,P1
P1 IWM,A: switch k=5,B_bear_2022,,,0.0,,modern_folds,0.012881409782865116,2022-01-03,2022-01-03,,0.0,1.0,0.0,P1
P1 IWM,A: switch k=5,E2007_09_gfc,,,-0.05590088582215802,,market_factor_A0_calendar,0.029210744743463524,2007-10-09,2007-11-27,2007-11-27,-0.05590088582215802,35.0,0.427799193186449,P1
P1 IWM,A: switch k=5,E2011_eu_us,,,-0.11848505831902423,,market_factor_A0_calendar,-0.08155575343272303,2011-05-10,2011-10-03,2011-08-05,-0.0815656327479396,102.0,0.6241029293136185,P1
P1 IWM,A: switch k=5,E2015_16_china,,,0.0,,market_factor_A0_calendar,0.0,2015-06-01,2015-06-01,,0.0,1.0,0.0,P1
P1 IWM,A: switch k=5,K2013_14_bull,,,-0.05645476953842998,,calm_controls,0.17550040969028702,2014-01-22,2014-05-15,,-0.05645476953842998,80.0,0.7735974027158198,P1
P1 IWM,A: switch k=5,A_bull_2021,,,-0.05729133965437605,,calm_controls,0.048880485771577664,2021-11-08,2021-12-01,2021-12-01,-0.05729133965437605,17.0,0.5305399087332651,P1
P1 IWM,A: switch k=5,D_recent_2025plus,,,-0.0678319493162105,,calm_controls,0.2198849930057405,2026-01-22,2026-03-30,2026-03-24,-0.055094925987448695,47.0,0.6732274554452993,P1
P1 IWM,A: sizer k=5,FULL,0.5070739263515829,1.2667308974808933,-0.09710740900419512,2.0559693621886423,,,,,,,,,P1
P1 IWM,A: sizer k=5,E_bear_2018q4,,,-0.05030407851821039,,modern_folds,-0.03266399990845781,2018-09-04,2018-10-10,2018-10-10,-0.05030407851821039,27.0,1.0,P1
P1 IWM,A: sizer k=5,X_2020_covid,,,-0.0751899673780958,,modern_folds,0.07916301894901379,2020-02-13,2020-09-23,2020-02-21,-0.005031943954431628,155.0,0.8077513464837411,P1
P1 IWM,A: sizer k=5,B_bear_2022,,,0.0,,modern_folds,0.012881409782865116,2022-01-03,2022-01-03,,0.0,1.0,0.0,P1
P1 IWM,A: sizer k=5,E2007_09_gfc,,,-0.06529478662194976,,market_factor_A0_calendar,-0.034611176373628205,2007-10-09,2009-04-20,2007-12-04,-0.05282366305395447,385.0,0.46909801369893667,P1
P1 IWM,A: sizer k=5,E2011_eu_us,,,-0.08679984629566606,,market_factor_A0_calendar,-0.05231391725151202,2011-07-07,2011-10-03,2011-08-02,-0.04360102748105488,62.0,0.5636432418728746,P1
P1 IWM,A: sizer k=5,E2015_16_china,,,0.0,,market_factor_A0_calendar,0.0,2015-06-01,2015-06-01,,0.0,1.0,0.0,P1
P1 IWM,A: sizer k=5,K2013_14_bull,,,-0.05721502993265093,,calm_controls,0.19645264933281936,2014-07-03,2014-08-04,2014-08-04,-0.05721502993265093,22.0,0.8000516675409886,P1
P1 IWM,A: sizer k=5,A_bull_2021,,,-0.05715404107854649,,calm_controls,0.06478836827714174,2021-11-08,2021-12-01,,-0.05715404107854649,17.0,0.535246363204596,P1
P1 IWM,A: sizer k=5,D_recent_2025plus,,,-0.05597443730739382,,calm_controls,0.18445156535030494,2026-01-22,2026-03-31,2026-03-31,-0.05597443730739382,48.0,0.647822418063789,P1
P1 IWM,B: t+2 next-close,FULL,0.27329783510382766,0.6093786061214442,-0.16737293136983178,5.244188207505524,,,,,,,,,P1
P1 IWM,B: t+2 next-close,E_bear_2018q4,,,-0.08418975825148645,,modern_folds,-0.06933505862648093,2018-09-04,2018-10-11,2018-10-11,-0.08418975825148645,28.0,0.95054086536215,P1
P1 IWM,B: t+2 next-close,X_2020_covid,,,-0.1198304236527139,,modern_folds,0.03661001622492899,2020-02-20,2020-09-24,2020-03-02,-0.08783050493513955,152.0,0.767293860378631,P1
P1 IWM,B: t+2 next-close,B_bear_2022,,,0.0,,modern_folds,0.012881409782865116,2022-01-03,2022-01-03,,0.0,1.0,0.0,P1
P1 IWM,B: t+2 next-close,E2007_09_gfc,,,-0.07079186100235457,,market_factor_A0_calendar,-0.03682203144635199,2007-10-09,2009-04-20,2007-12-05,-0.0526216966584272,385.0,0.4142241257154628,P1
P1 IWM,B: t+2 next-close,E2011_eu_us,,,-0.12072976887968756,,market_factor_A0_calendar,-0.08262755997097349,2011-05-10,2011-10-03,2011-08-10,-0.11292157564771488,102.0,0.5661923752329634,P1
P1 IWM,B: t+2 next-close,E2015_16_china,,,0.0,,market_factor_A0_calendar,0.0,2015-06-01,2015-06-01,,0.0,1.0,0.0,P1
P1 IWM,B: t+2 next-close,K2013_14_bull,,,-0.056034777094362775,,calm_controls,0.1631036350322268,2014-03-04,2014-05-15,,-0.056034777094362775,52.0,0.6031393397900124,P1
P1 IWM,B: t+2 next-close,A_bull_2021,,,-0.06855312404418701,,calm_controls,0.055534784923662484,2021-11-08,2021-12-01,,-0.06855312404418701,17.0,0.5381214588449984,P1
P1 IWM,B: t+2 next-close,D_recent_2025plus,,,-0.054399108708369726,,calm_controls,0.18660831075645867,2026-01-22,2026-03-30,,-0.054399108708369726,47.0,0.5955057917974443,P1
P1 IWM,B: next-open,FULL,0.31550311516708773,0.6983499270396425,-0.14513731237582084,1.9701260052447507,,,,,,,,,P1
P1 IWM,B: next-open,E_bear_2018q4,,,-0.061714073384405044,,modern_folds,-0.04675530284082752,2018-09-04,2018-10-10,2018-10-10,-0.061714073384405044,27.0,0.9501805801525165,P1
P1 IWM,B: next-open,X_2020_covid,,,-0.11773393396132137,,modern_folds,0.046004860571420725,2020-02-20,2020-09-23,2020-02-28,-0.08346839139583617,151.0,0.6770236261842563,P1
P1 IWM,B: next-open,B_bear_2022,,,0.0,,modern_folds,0.012881409782865116,2022-01-03,2022-01-03,,0.0,1.0,0.0,P1
P1 IWM,B: next-open,E2007_09_gfc,,,-0.0735395108739142,,market_factor_A0_calendar,-0.046488570365966986,2007-10-09,2009-04-20,2007-12-04,-0.055169656193573724,385.0,0.4184513379783473,P1
P1 IWM,B: next-open,E2011_eu_us,,,-0.11846495308325711,,market_factor_A0_calendar,-0.08392470798903617,2011-05-10,2011-10-03,2011-08-05,-0.08183269803114401,102.0,0.6486307670823773,P1
P1 IWM,B: next-open,E2015_16_china,,,0.0,,market_factor_A0_calendar,0.0,2015-06-01,2015-06-01,,0.0,1.0,0.0,P1
P1 IWM,B: next-open,K2013_14_bull,,,-0.05829954292117512,,calm_controls,0.1548055565078421,2014-01-22,2014-05-15,,-0.05829954292117512,80.0,0.7627548262071187,P1
P1 IWM,B: next-open,A_bull_2021,,,-0.06493890923888201,,calm_controls,0.061423800603965795,2021-11-08,2021-12-01,,-0.06493890923888201,17.0,0.5268082443951482,P1
P1 IWM,B: next-open,D_recent_2025plus,,,-0.05846465011124413,,calm_controls,0.17958912659995674,2026-01-22,2026-03-30,,-0.05846465011124413,47.0,0.596211573389536,P1
P1 EFA,incumbent t+1,FULL,0.2707570744097055,0.44875885183937575,-0.1677418560517081,1.8964448582687927,,,,,,,,,P1
P1 EFA,incumbent t+1,E_bear_2018q4,,,0.0,,modern_folds,0.012274106120414352,2018-09-04,2018-09-04,,0.0,1.0,0.0,P1
P1 EFA,incumbent t+1,X_2020_covid,,,-0.1305510996818322,,modern_folds,-0.08139714108316498,2020-02-12,2020-11-18,2020-02-28,-0.07230312639960579,196.0,0.8189733135194948,P1
P1 EFA,incumbent t+1,B_bear_2022,,,-0.04732151922472716,,modern_folds,-0.024565384122098632,2022-01-12,2022-01-27,,-0.04732151922472716,11.0,0.7260490631664059,P1
P1 EFA,incumbent t+1,E2007_09_gfc,,,-0.08242453776955116,,market_factor_A0_calendar,-0.030876233014437537,2007-10-31,2008-01-23,,-0.08242453776955116,57.0,0.5963957787746427,P1
P1 EFA,incumbent t+1,E2011_eu_us,,,-0.10854311161466279,,market_factor_A0_calendar,-0.08715756505218086,2011-05-02,2011-11-25,2011-08-09,-0.09498751811412653,146.0,0.5605936715826257,P1
P1 EFA,incumbent t+1,E2015_16_china,,,0.0,,market_factor_A0_calendar,0.0,2015-06-01,2015-06-01,,0.0,1.0,0.0,P1
P1 EFA,incumbent t+1,K2013_14_bull,,,-0.07354733388022983,,calm_controls,0.07993189272395584,2014-07-03,2014-09-30,2014-09-30,-0.07354733388022983,62.0,1.0,P1
P1 EFA,incumbent t+1,A_bull_2021,,,-0.07139992440119358,,calm_controls,0.05133661241573639,2021-09-07,2021-12-01,,-0.07139992440119358,61.0,0.9562772652921632,P1
P1 EFA,incumbent t+1,D_recent_2025plus,,,-0.08511945046742797,,calm_controls,0.2857560808567745,2025-03-07,2025-04-08,2025-04-07,-0.0842308578702573,23.0,0.7390722561591818,P1
P1 EFA,A: both k=1,FULL,0.41323416324433093,0.8821222131671388,-0.10104392971000897,1.836593174207457,,,,,,,,,P1
P1 EFA,A: both k=1,E_bear_2018q4,,,0.0,,modern_folds,0.012274106120414352,2018-09-04,2018-09-04,,0.0,1.0,0.0,P1
P1 EFA,A: both k=1,X_2020_covid,,,-0.08372199302166206,,modern_folds,-0.031072942678584625,2020-02-12,2020-11-18,2020-02-27,-0.04658143698404693,196.0,0.8164302674181625,P1
P1 EFA,A: both k=1,B_bear_2022,,,-0.04750906738530192,,modern_folds,-0.026623137858198476,2022-01-12,2022-01-28,2022-01-28,-0.04750906738530192,12.0,0.7205962992132735,P1
P1 EFA,A: both k=1,E2007_09_gfc,,,-0.08065228417622261,,market_factor_A0_calendar,-0.0423477283962127,2007-10-31,2008-01-24,2008-01-24,-0.08065228417622261,58.0,0.5959117129053484,P1
P1 EFA,A: both k=1,E2011_eu_us,,,-0.09175338657333953,,market_factor_A0_calendar,-0.06913215770755288,2011-05-02,2011-10-03,2011-08-04,-0.06775838158680014,108.0,0.5766089761003412,P1
P1 EFA,A: both k=1,E2015_16_china,,,0.0,,market_factor_A0_calendar,0.0,2015-06-01,2015-06-01,,0.0,1.0,0.0,P1
P1 EFA,A: both k=1,K2013_14_bull,,,-0.06808859721082927,,calm_controls,0.12351222713591081,2014-07-03,2014-09-25,,-0.06808859721082927,59.0,1.0,P1
P1 EFA,A: both k=1,A_bull_2021,,,-0.058315274012107676,,calm_controls,0.0686097586787544,2021-09-07,2021-12-01,,-0.058315274012107676,61.0,0.939826540588335,P1
P1 EFA,A: both k=1,D_recent_2025plus,,,-0.06624268042341774,,calm_controls,0.31081868533424584,2026-02-25,2026-03-20,,-0.06624268042341774,18.0,0.8070179504062199,P1
P1 EFA,A: switch k=1,FULL,0.2870194096367962,0.557579797645227,-0.13786046315249811,1.854786045948486,,,,,,,,,P1
P1 EFA,A: switch k=1,E_bear_2018q4,,,0.0,,modern_folds,0.012274106120414352,2018-09-04,2018-09-04,,0.0,1.0,0.0,P1
P1 EFA,A: switch k=1,X_2020_covid,,,-0.09806232808135051,,modern_folds,-0.0453077948024635,2020-02-12,2020-11-18,2020-02-27,-0.058395994960154796,196.0,0.8189733135194948,P1
P1 EFA,A: switch k=1,B_bear_2022,,,-0.04786604196567745,,modern_folds,-0.026922639076568444,2022-01-12,2022-01-28,2022-01-28,-0.04786604196567745,12.0,0.7260490631664059,P1
P1 EFA,A: switch k=1,E2007_09_gfc,,,-0.08327489981788638,,market_factor_A0_calendar,-0.04447620109846051,2007-10-31,2008-01-24,2008-01-24,-0.08327489981788638,58.0,0.5816477359269975,P1
P1 EFA,A: switch k=1,E2011_eu_us,,,-0.10854311161466279,,market_factor_A0_calendar,-0.08715756505218086,2011-05-02,2011-11-25,2011-08-09,-0.09498751811412653,146.0,0.5605936715826257,P1
P1 EFA,A: switch k=1,E2015_16_china,,,0.0,,market_factor_A0_calendar,0.0,2015-06-01,2015-06-01,,0.0,1.0,0.0,P1
P1 EFA,A: switch k=1,K2013_14_bull,,,-0.07334689145422124,,calm_controls,0.09066040672521236,2013-05-21,2013-06-24,,-0.07334689145422124,24.0,0.7831219179380494,P1
P1 EFA,A: switch k=1,A_bull_2021,,,-0.0713999244011938,,calm_controls,0.0473209133110879,2021-09-07,2021-12-01,,-0.0713999244011938,61.0,0.9562772652921632,P1
P1 EFA,A: switch k=1,D_recent_2025plus,,,-0.08511945046742797,,calm_controls,0.2857560808567745,2025-03-07,2025-04-08,2025-04-07,-0.0842308578702573,23.0,0.7390722561591818,P1
P1 EFA,A: sizer k=1,FULL,0.392353686552279,0.7871927263941916,-0.11747196052147002,1.8597715984649665,,,,,,,,,P1
P1 EFA,A: sizer k=1,E_bear_2018q4,,,0.0,,modern_folds,0.012274106120414352,2018-09-04,2018-09-04,,0.0,1.0,0.0,P1
P1 EFA,A: sizer k=1,X_2020_covid,,,-0.10749833341377057,,modern_folds,-0.056294247811675024,2020-02-12,2020-11-18,2020-02-28,-0.06037741665802887,196.0,0.8164302674181625,P1
P1 EFA,A: sizer k=1,B_bear_2022,,,-0.04696860557709159,,modern_folds,-0.024283619811181767,2022-01-12,2022-01-27,,-0.04696860557709159,11.0,0.7205962992132735,P1
P1 EFA,A: sizer k=1,E2007_09_gfc,,,-0.08095916432764116,,market_factor_A0_calendar,-0.02915241799558055,2007-10-31,2008-01-23,,-0.08095916432764116,57.0,0.574360330502838,P1
P1 EFA,A: sizer k=1,E2011_eu_us,,,-0.09175338657333953,,market_factor_A0_calendar,-0.06913215770755288,2011-05-02,2011-10-03,2011-08-04,-0.06775838158680014,108.0,0.5766089761003412,P1
P1 EFA,A: sizer k=1,E2015_16_china,,,0.0,,market_factor_A0_calendar,0.0,2015-06-01,2015-06-01,,0.0,1.0,0.0,P1
P1 EFA,A: sizer k=1,K2013_14_bull,,,-0.07354733388023027,,calm_controls,0.11317089171191164,2014-07-03,2014-09-30,2014-09-30,-0.07354733388023027,62.0,1.0,P1
P1 EFA,A: sizer k=1,A_bull_2021,,,-0.057808872813841616,,calm_controls,0.06374604078300083,2021-09-07,2021-12-01,,-0.057808872813841616,61.0,0.8872031388200208,P1
P1 EFA,A: sizer k=1,D_recent_2025plus,,,-0.06624268042341774,,calm_controls,0.31081868533424584,2026-02-25,2026-03-20,,-0.06624268042341774,18.0,0.8070179504062199,P1
P1 EFA,A: both k=5,FULL,0.6610232561001419,1.7762851110579512,-0.08334321749521678,1.9299388919855922,,,,,,,,,P1
P1 EFA,A: both k=5,E_bear_2018q4,,,0.0,,modern_folds,0.012274106120414352,2018-09-04,2018-09-04,,0.0,1.0,0.0,P1
P1 EFA,A: both k=5,X_2020_covid,,,-0.0325203813042364,,modern_folds,0.04763556986224082,2020-02-12,2020-09-24,2020-02-21,-0.012072988895587056,157.0,0.8145169127742561,P1
P1 EFA,A: both k=5,B_bear_2022,,,-0.035879172954484395,,modern_folds,-0.01333604371378927,2022-01-12,2022-01-24,2022-01-24,-0.035879172954484395,8.0,0.8445114087711069,P1
P1 EFA,A: both k=5,E2007_09_gfc,,,-0.06069703552220296,,market_factor_A0_calendar,-0.01949450553582166,2007-10-31,2008-01-17,2008-01-17,-0.06069703552220296,54.0,0.5995673598224913,P1
P1 EFA,A: both k=5,E2011_eu_us,,,-0.07937864943703143,,market_factor_A0_calendar,-0.05458051567122768,2011-05-02,2011-11-25,2011-08-02,-0.04590813726517906,146.0,0.5382689769579011,P1
P1 EFA,A: both k=5,E2015_16_china,,,0.0,,market_factor_A0_calendar,0.0,2015-06-01,2015-06-01,,0.0,1.0,0.0,P1
P1 EFA,A: both k=5,K2013_14_bull,,,-0.062346185397867404,,calm_controls,0.1461909551234597,2014-07-03,2014-08-07,,-0.062346185397867404,25.0,1.0,P1
P1 EFA,A: both k=5,A_bull_2021,,,-0.050487810350167694,,calm_controls,0.08764931754326066,2021-11-05,2021-12-01,,-0.050487810350167694,18.0,0.9858063121325947,P1
P1 EFA,A: both k=5,D_recent_2025plus,,,-0.060451639096294696,,calm_controls,0.33629794370553956,2026-02-25,2026-03-20,,-0.060451639096294696,18.0,0.549956100297748,P1
P1 EFA,A: switch k=5,FULL,0.42123006407527475,0.9461922524952018,-0.11719549380376737,1.9093703324870526,,,,,,,,,P1
P1 EFA,A: switch k=5,E_bear_2018q4,,,0.0,,modern_folds,0.012274106120414352,2018-09-04,2018-09-04,,0.0,1.0,0.0,P1
P1 EFA,A: switch k=5,X_2020_covid,,,-0.03826130890449031,,modern_folds,0.036916246837357614,2020-02-12,2020-09-24,2020-02-21,-0.014861501687118084,157.0,0.8189733135194948,P1
P1 EFA,A: switch k=5,B_bear_2022,,,-0.030881666698461818,,modern_folds,-0.009564670775473738,2022-01-12,2022-01-24,2022-01-24,-0.030881666698461818,8.0,0.7260490631664059,P1
P1 EFA,A: switch k=5,E2007_09_gfc,,,-0.0648298940337414,,market_factor_A0_calendar,-0.023974687833087205,2007-10-31,2008-01-17,2008-01-17,-0.0648298940337414,54.0,0.6338979952325596,P1
P1 EFA,A: switch k=5,E2011_eu_us,,,-0.10854311161466279,,market_factor_A0_calendar,-0.08715756505218086,2011-05-02,2011-11-25,2011-08-09,-0.09498751811412653,146.0,0.5605936715826257,P1
P1 EFA,A: switch k=5,E2015_16_china,,,0.0,,market_factor_A0_calendar,0.0,2015-06-01,2015-06-01,,0.0,1.0,0.0,P1
P1 EFA,A: switch k=5,K2013_14_bull,,,-0.07334689145422058,,calm_controls,0.10525212732442912,2013-05-21,2013-06-24,,-0.07334689145422058,24.0,0.7831219179380494,P1
P1 EFA,A: switch k=5,A_bull_2021,,,-0.07139992440119358,,calm_controls,0.05133661241573639,2021-09-07,2021-12-01,,-0.07139992440119358,61.0,0.9562772652921632,P1
P1 EFA,A: switch k=5,D_recent_2025plus,,,-0.08511945046742797,,calm_controls,0.27999670031010804,2025-03-07,2025-04-08,2025-04-07,-0.0842308578702573,23.0,0.7390722561591818,P1
P1 EFA,A: sizer k=5,FULL,0.4918806704759149,1.0509749671872755,-0.11151675770476988,1.9489984780867282,,,,,,,,,P1
P1 EFA,A: sizer k=5,E_bear_2018q4,,,0.0,,modern_folds,0.012274106120414352,2018-09-04,2018-09-04,,0.0,1.0,0.0,P1
P1 EFA,A: sizer k=5,X_2020_covid,,,-0.1035756452632004,,modern_folds,-0.0495098386693017,2020-02-12,2020-11-18,2020-02-28,-0.054085138266634636,196.0,0.8145169127742561,P1
P1 EFA,A: sizer k=5,B_bear_2022,,,-0.05497944749262873,,modern_folds,-0.03122789886636035,2022-01-12,2022-01-27,,-0.05497944749262873,11.0,0.8445114087711069,P1
P1 EFA,A: sizer k=5,E2007_09_gfc,,,-0.07181482281226026,,market_factor_A0_calendar,-0.020671962338227323,2007-10-31,2008-01-23,,-0.07181482281226026,57.0,0.5636810911449234,P1
P1 EFA,A: sizer k=5,E2011_eu_us,,,-0.07937864943703143,,market_factor_A0_calendar,-0.05458051567122768,2011-05-02,2011-11-25,2011-08-02,-0.04590813726517906,146.0,0.5382689769579011,P1
P1 EFA,A: sizer k=5,E2015_16_china,,,0.0,,market_factor_A0_calendar,0.0,2015-06-01,2015-06-01,,0.0,1.0,0.0,P1
P1 EFA,A: sizer k=5,K2013_14_bull,,,-0.07354733388022971,,calm_controls,0.11934610618426378,2014-07-03,2014-09-30,2014-09-30,-0.07354733388022971,62.0,1.0,P1
P1 EFA,A: sizer k=5,A_bull_2021,,,-0.050487810350167694,,calm_controls,0.08723495458082398,2021-11-05,2021-12-01,,-0.050487810350167694,18.0,0.9858063121325947,P1
P1 EFA,A: sizer k=5,D_recent_2025plus,,,-0.060451639096294696,,calm_controls,0.33629794370553956,2026-02-25,2026-03-20,,-0.060451639096294696,18.0,0.549956100297748,P1
P1 EFA,B: t+2 next-close,FULL,0.25260222675348315,0.49237656012066516,-0.1434049722782882,6.131835252883712,,,,,,,,,P1
P1 EFA,B: t+2 next-close,E_bear_2018q4,,,0.0,,modern_folds,0.012274106120414352,2018-09-04,2018-09-04,,0.0,1.0,0.0,P1
P1 EFA,B: t+2 next-close,X_2020_covid,,,-0.11273625639851448,,modern_folds,-0.06186820805616555,2020-02-12,2020-11-02,2020-03-02,-0.08086132317162542,184.0,0.8176914251081593,P1
P1 EFA,B: t+2 next-close,B_bear_2022,,,-0.0478005158356799,,modern_folds,-0.014805137476893604,2022-01-12,2022-01-27,,-0.0478005158356799,11.0,0.7210205895943694,P1
P1 EFA,B: t+2 next-close,E2007_09_gfc,,,-0.08030054194114333,,market_factor_A0_calendar,-0.03517227739976425,2007-10-31,2008-01-23,,-0.08030054194114333,57.0,0.6112902674220817,P1
P1 EFA,B: t+2 next-close,E2011_eu_us,,,-0.10506011545039551,,market_factor_A0_calendar,-0.07915830460128348,2011-05-02,2011-11-25,2011-08-10,-0.09550712621010637,146.0,0.5503852380198389,P1
P1 EFA,B: t+2 next-close,E2015_16_china,,,0.0,,market_factor_A0_calendar,0.0,2015-06-01,2015-06-01,,0.0,1.0,0.0,P1
P1 EFA,B: t+2 next-close,K2013_14_bull,,,-0.07436702214930291,,calm_controls,0.06775694478175387,2014-07-03,2014-10-01,2014-10-01,-0.07436702214930291,63.0,1.0,P1
P1 EFA,B: t+2 next-close,A_bull_2021,,,-0.07076053585611053,,calm_controls,0.04922624213151394,2021-09-07,2021-12-01,,-0.07076053585611053,61.0,0.8866255604390145,P1
P1 EFA,B: t+2 next-close,D_recent_2025plus,,,-0.09510983097857173,,calm_controls,0.2603386983167204,2025-03-19,2025-04-08,,-0.09510983097857173,15.0,0.5966752898866703,P1
P1 EFA,B: next-open,FULL,0.2761340069732101,0.4898707483380618,-0.15754819535044995,1.8249560164615009,,,,,,,,,P1
P1 EFA,B: next-open,E_bear_2018q4,,,0.0,,modern_folds,0.012274106120414352,2018-09-04,2018-09-04,,0.0,1.0,0.0,P1
P1 EFA,B: next-open,X_2020_covid,,,-0.12074364834014617,,modern_folds,-0.07054440908186688,2020-02-12,2020-11-18,2020-02-28,-0.08125611668677546,196.0,0.8146213045722271,P1
P1 EFA,B: next-open,B_bear_2022,,,-0.05502579358537962,,modern_folds,-0.0297503899772682,2022-01-12,2022-01-27,,-0.05502579358537962,11.0,0.8457588750949628,P1
P1 EFA,B: next-open,E2007_09_gfc,,,-0.08828296768854904,,market_factor_A0_calendar,-0.03330652295233982,2007-10-31,2008-01-23,,-0.08828296768854904,57.0,0.5929763879002218,P1
P1 EFA,B: next-open,E2011_eu_us,,,-0.10692073979101191,,market_factor_A0_calendar,-0.08392276495458417,2011-05-02,2011-11-25,2011-08-09,-0.09170933548549143,146.0,0.5472691181483329,P1
P1 EFA,B: next-open,E2015_16_china,,,0.0,,market_factor_A0_calendar,0.0,2015-06-01,2015-06-01,,0.0,1.0,0.0,P1
P1 EFA,B: next-open,K2013_14_bull,,,-0.07621345365053322,,calm_controls,0.08237480381365536,2014-07-03,2014-09-30,2014-09-30,-0.07621345365053322,62.0,1.0,P1
P1 EFA,B: next-open,A_bull_2021,,,-0.06716276797256826,,calm_controls,0.05890065319698001,2021-09-07,2021-12-01,,-0.06716276797256826,61.0,0.9456717217388386,P1
P1 EFA,B: next-open,D_recent_2025plus,,,-0.0950039350022499,,calm_controls,0.26954959471992046,2025-03-19,2025-04-08,,-0.0950039350022499,15.0,0.5824932317820097,P1
P1 EEM,incumbent t+1,FULL,0.22383690157652103,0.26306671885435,-0.20847966348529468,2.30927847500136,,,,,,,,,P1
P1 EEM,incumbent t+1,E_bear_2018q4,,,0.0,,modern_folds,0.012274106120414352,2018-09-04,2018-09-04,,0.0,1.0,0.0,P1
P1 EEM,incumbent t+1,X_2020_covid,,,-0.05950638313148504,,modern_folds,0.11426564802545469,2020-02-12,2020-06-11,2020-03-02,-0.046577283211995835,84.0,0.4905333543922834,P1
P1 EEM,incumbent t+1,B_bear_2022,,,0.0,,modern_folds,0.012881409782865116,2022-01-03,2022-01-03,,0.0,1.0,0.0,P1
P1 EEM,incumbent t+1,E2011_eu_us,,,-0.1288990772357982,,market_factor_A0_calendar,-0.1210065456957411,2011-05-02,2011-09-22,2011-08-09,-0.10090583115152707,101.0,0.47570241067549474,P1
P1 EEM,incumbent t+1,E2015_16_china,,,-0.0167124834342931,,market_factor_A0_calendar,0.00372157322286637,2015-06-01,2016-03-15,,-0.0167124834342931,200.0,0.0,P1
P1 EEM,incumbent t+1,K2013_14_bull,,,-0.09561794542400748,,calm_controls,-0.0770560006151928,2013-01-02,2013-06-12,2013-03-18,-0.04925623963492831,112.0,0.8066190494266938,P1
P1 EEM,incumbent t+1,A_bull_2021,,,-0.11130011487909175,,calm_controls,-0.05630766672028997,2021-02-17,2021-11-29,2021-11-29,-0.11130011487909175,199.0,0.5105868729772618,P1
P1 EEM,incumbent t+1,D_recent_2025plus,,,-0.07896291291982172,,calm_controls,0.32521375100427363,2025-03-17,2025-04-08,,-0.07896291291982172,17.0,0.5242240143530059,P1
P1 EEM,A: both k=1,FULL,0.3884677171333561,0.48448638826965434,-0.1764890963482686,2.181601708273769,,,,,,,,,P1
P1 EEM,A: both k=1,E_bear_2018q4,,,0.0,,modern_folds,0.012274106120414352,2018-09-04,2018-09-04,,0.0,1.0,0.0,P1
P1 EEM,A: both k=1,X_2020_covid,,,-0.05535500514321956,,modern_folds,0.11490121446561119,2020-02-12,2020-06-11,2020-02-28,-0.04416137513808749,84.0,0.48173792374527996,P1
P1 EEM,A: both k=1,B_bear_2022,,,0.0,,modern_folds,0.012881409782865116,2022-01-03,2022-01-03,,0.0,1.0,0.0,P1
P1 EEM,A: both k=1,E2011_eu_us,,,-0.1043272144765125,,market_factor_A0_calendar,-0.09074457307755446,2011-05-02,2011-09-22,2011-08-08,-0.08169384365101962,101.0,0.5356068298707463,P1
P1 EEM,A: both k=1,E2015_16_china,,,-0.014098207240691774,,market_factor_A0_calendar,0.00665262795563204,2015-06-01,2016-03-15,,-0.014098207240691774,200.0,0.0,P1
P1 EEM,A: both k=1,K2013_14_bull,,,-0.0946969244093997,,calm_controls,-0.07060640870493884,2013-01-02,2013-06-12,2013-03-15,-0.049793626158870063,112.0,0.7896349147052263,P1
P1 EEM,A: both k=1,A_bull_2021,,,-0.09624103668916006,,calm_controls,-0.0379226095766374,2021-02-17,2021-08-20,,-0.09624103668916006,130.0,0.526007264278562,P1
P1 EEM,A: both k=1,D_recent_2025plus,,,-0.0664306541909977,,calm_controls,0.37336474763682426,2025-02-20,2025-04-08,2025-04-07,-0.062165381972761,34.0,0.6980786416632105,P1
P1 EEM,A: switch k=1,FULL,0.2966684073913062,0.3579771835850729,-0.19781514622413132,2.343744709269318,,,,,,,,,P1
P1 EEM,A: switch k=1,E_bear_2018q4,,,0.0,,modern_folds,0.012274106120414352,2018-09-04,2018-09-04,,0.0,1.0,0.0,P1
P1 EEM,A: switch k=1,X_2020_covid,,,-0.05579454326299893,,modern_folds,0.11172737204677552,2020-02-12,2020-06-11,2020-02-28,-0.044982246059815045,84.0,0.4905333543922834,P1
P1 EEM,A: switch k=1,B_bear_2022,,,0.0,,modern_folds,0.012881409782865116,2022-01-03,2022-01-03,,0.0,1.0,0.0,P1
P1 EEM,A: switch k=1,E2011_eu_us,,,-0.1288990772357982,,market_factor_A0_calendar,-0.11493531525750045,2011-05-02,2011-09-22,2011-08-09,-0.10090583115152707,101.0,0.47570241067549474,P1
P1 EEM,A: switch k=1,E2015_16_china,,,-0.013913442467980985,,market_factor_A0_calendar,0.0072534898281180205,2015-06-01,2016-03-15,,-0.013913442467980985,200.0,0.0,P1
P1 EEM,A: switch k=1,K2013_14_bull,,,-0.09817928664591824,,calm_controls,-0.07112564997485715,2013-01-02,2013-06-12,2013-03-15,-0.05107725767147997,112.0,0.8441678081906269,P1
P1 EEM,A: switch k=1,A_bull_2021,,,-0.09224119409851117,,calm_controls,-0.02894387191801695,2021-02-17,2021-08-20,,-0.09224119409851117,130.0,0.5105868729772618,P1
P1 EEM,A: switch k=1,D_recent_2025plus,,,-0.07896291291982172,,calm_controls,0.32521375100427363,2025-03-17,2025-04-08,,-0.07896291291982172,17.0,0.5242240143530059,P1
P1 EEM,A: sizer k=1,FULL,0.3187597879017222,0.36205403305696077,-0.18701028091587701,2.1840740847246067,,,,,,,,,P1
P1 EEM,A: sizer k=1,E_bear_2018q4,,,0.0,,modern_folds,0.012274106120414352,2018-09-04,2018-09-04,,0.0,1.0,0.0,P1
P1 EEM,A: sizer k=1,X_2020_covid,,,-0.05908686519980866,,modern_folds,0.11072564983511457,2020-02-12,2020-06-11,2020-03-02,-0.04572621670396648,84.0,0.48173792374527996,P1
P1 EEM,A: sizer k=1,B_bear_2022,,,0.0,,modern_folds,0.012881409782865116,2022-01-03,2022-01-03,,0.0,1.0,0.0,P1
P1 EEM,A: sizer k=1,E2011_eu_us,,,-0.1043272144765125,,market_factor_A0_calendar,-0.09663841982728438,2011-05-02,2011-09-22,2011-08-08,-0.08169384365101962,101.0,0.5356068298707463,P1
P1 EEM,A: sizer k=1,E2015_16_china,,,-0.017027637668654005,,market_factor_A0_calendar,0.003953407441100509,2015-06-01,2016-03-15,,-0.017027637668654005,200.0,0.0,P1
P1 EEM,A: sizer k=1,K2013_14_bull,,,-0.09845475026687256,,calm_controls,-0.08210891447306057,2013-01-02,2013-06-12,2013-03-18,-0.04886457329695182,112.0,0.8059365536882028,P1
P1 EEM,A: sizer k=1,A_bull_2021,,,-0.10733815152196968,,calm_controls,-0.05621097879120063,2021-02-17,2021-11-29,2021-11-29,-0.10733815152196968,199.0,0.526007264278562,P1
P1 EEM,A: sizer k=1,D_recent_2025plus,,,-0.0664306541909977,,calm_controls,0.37336474763682426,2025-02-20,2025-04-08,2025-04-07,-0.062165381972761,34.0,0.6980786416632105,P1
P1 EEM,A: both k=5,FULL,0.6834787431560964,1.220444393433914,-0.09924418491371534,2.2642210275552257,,,,,,,,,P1
P1 EEM,A: both k=5,E_bear_2018q4,,,0.0,,modern_folds,0.012274106120414352,2018-09-04,2018-09-04,,0.0,1.0,0.0,P1
P1 EEM,A: both k=5,X_2020_covid,,,-0.03193993292552333,,modern_folds,0.1634849308980424,2020-08-28,2020-09-24,,-0.03193993292552333,19.0,0.5460620582214463,P1
P1 EEM,A: both k=5,B_bear_2022,,,0.0,,modern_folds,0.012881409782865116,2022-01-03,2022-01-03,,0.0,1.0,0.0,P1
P1 EEM,A: both k=5,E2011_eu_us,,,-0.07421521865193237,,market_factor_A0_calendar,-0.07421521865193237,2011-05-02,2011-09-22,2011-08-02,-0.046590588942067135,101.0,0.5443662623296223,P1
P1 EEM,A: both k=5,E2015_16_china,,,-0.008826360080261275,,market_factor_A0_calendar,0.022470515943399327,2016-03-21,2016-03-24,,-0.008826360080261275,4.0,0.39489736686963994,P1
P1 EEM,A: both k=5,K2013_14_bull,,,-0.06818354416220895,,calm_controls,-0.05163621016510889,2013-01-02,2013-06-05,2013-03-11,-0.05098461141377186,107.0,0.7931271670318534,P1
P1 EEM,A: both k=5,A_bull_2021,,,-0.07647386041788862,,calm_controls,-0.009791669816360704,2021-02-17,2021-08-20,,-0.07647386041788862,130.0,0.47292985575883684,P1
P1 EEM,A: both k=5,D_recent_2025plus,,,-0.049499429152120134,,calm_controls,0.41690319624225625,2026-02-25,2026-03-30,,-0.049499429152120134,24.0,0.3744249871346422,P1
P1 EEM,A: switch k=5,FULL,0.48757254556692403,0.6670664710664567,-0.1337739738784225,2.3120743184392647,,,,,,,,,P1
P1 EEM,A: switch k=5,E_bear_2018q4,,,0.0,,modern_folds,0.012274106120414352,2018-09-04,2018-09-04,,0.0,1.0,0.0,P1
P1 EEM,A: switch k=5,X_2020_covid,,,-0.03202172063077269,,modern_folds,0.17173570354214607,2020-08-28,2020-09-24,,-0.03202172063077269,19.0,0.5474704527167578,P1
P1 EEM,A: switch k=5,B_bear_2022,,,0.0,,modern_folds,0.012881409782865116,2022-01-03,2022-01-03,,0.0,1.0,0.0,P1
P1 EEM,A: switch k=5,E2011_eu_us,,,-0.11231332945693695,,market_factor_A0_calendar,-0.11231332945693695,2011-05-02,2011-09-22,2011-08-09,-0.10090583115152707,101.0,0.47570241067549474,P1
P1 EEM,A: switch k=5,E2015_16_china,,,-0.008027368262384371,,market_factor_A0_calendar,0.021226194256161124,2016-03-21,2016-03-24,,-0.008027368262384371,4.0,0.36923801313773275,P1
P1 EEM,A: switch k=5,K2013_14_bull,,,-0.07284297027715214,,calm_controls,-0.055236757861704566,2013-01-02,2013-06-05,2013-03-11,-0.05111334990878025,107.0,0.8921486273705954,P1
P1 EEM,A: switch k=5,A_bull_2021,,,-0.09224119409851117,,calm_controls,-0.02081174525499574,2021-02-17,2021-08-20,,-0.09224119409851117,130.0,0.5105868729772618,P1
P1 EEM,A: switch k=5,D_recent_2025plus,,,-0.07896291291982172,,calm_controls,0.3224067216098292,2025-03-17,2025-04-08,,-0.07896291291982172,17.0,0.5242240143530059,P1
P1 EEM,A: sizer k=5,FULL,0.43777475725328846,0.5404930393303821,-0.1620904254040486,2.285107253370752,,,,,,,,,P1
P1 EEM,A: sizer k=5,E_bear_2018q4,,,0.0,,modern_folds,0.012274106120414352,2018-09-04,2018-09-04,,0.0,1.0,0.0,P1
P1 EEM,A: sizer k=5,X_2020_covid,,,-0.05678185008790537,,modern_folds,0.11324635117315451,2020-02-12,2020-06-11,2020-03-02,-0.04484954718841727,84.0,0.4726800941694853,P1
P1 EEM,A: sizer k=5,B_bear_2022,,,0.0,,modern_folds,0.012881409782865116,2022-01-03,2022-01-03,,0.0,1.0,0.0,P1
P1 EEM,A: sizer k=5,E2011_eu_us,,,-0.08869776590901812,,market_factor_A0_calendar,-0.0804995569902418,2011-05-02,2011-09-22,2011-08-02,-0.046590588942067135,101.0,0.5443662623296223,P1
P1 EEM,A: sizer k=5,E2015_16_china,,,-0.017233710902020305,,market_factor_A0_calendar,0.005661067062553871,2015-06-01,2016-03-15,,-0.017233710902020305,200.0,0.0,P1
P1 EEM,A: sizer k=5,K2013_14_bull,,,-0.08806035544845903,,calm_controls,-0.07049546669746831,2013-01-02,2013-06-12,2013-03-18,-0.04567337885841549,112.0,0.7237492578713056,P1
P1 EEM,A: sizer k=5,A_bull_2021,,,-0.08969998763200626,,calm_controls,-0.03503888060994287,2021-02-17,2021-11-29,2021-11-29,-0.08969998763200626,199.0,0.47292985575883684,P1
P1 EEM,A: sizer k=5,D_recent_2025plus,,,-0.049499429152120134,,calm_controls,0.41690319624225625,2026-02-25,2026-03-30,,-0.049499429152120134,24.0,0.3744249871346422,P1
P1 EEM,B: t+2 next-close,FULL,0.18422246431979636,0.22853782928056685,-0.19816206334594388,5.33187786948672,,,,,,,,,P1
P1 EEM,B: t+2 next-close,E_bear_2018q4,,,0.0,,modern_folds,0.012274106120414352,2018-09-04,2018-09-04,,0.0,1.0,0.0,P1
P1 EEM,B: t+2 next-close,X_2020_covid,,,-0.05013383005078542,,modern_folds,0.12255767379817151,2020-02-12,2020-06-11,2020-03-03,-0.046803538097776376,84.0,0.48839638272271524,P1
P1 EEM,B: t+2 next-close,B_bear_2022,,,0.0,,modern_folds,0.012881409782865116,2022-01-03,2022-01-03,,0.0,1.0,0.0,P1
P1 EEM,B: t+2 next-close,E2011_eu_us,,,-0.12018441708965644,,market_factor_A0_calendar,-0.10872803727228486,2011-05-02,2011-09-22,2011-08-10,-0.10100999551996415,101.0,0.5279251332999086,P1
P1 EEM,B: t+2 next-close,E2015_16_china,,,-0.008558983089058558,,market_factor_A0_calendar,0.019516533356147336,2016-03-21,2016-03-24,,-0.008558983089058558,4.0,0.38801827306337133,P1
P1 EEM,B: t+2 next-close,K2013_14_bull,,,-0.10953742918625409,,calm_controls,-0.0883381763739105,2013-01-02,2013-06-12,2013-03-19,-0.056476213234239125,112.0,0.8009956095551041,P1
P1 EEM,B: t+2 next-close,A_bull_2021,,,-0.11000587688020635,,calm_controls,-0.053565896823260295,2021-02-17,2021-11-26,,-0.11000587688020635,198.0,0.5100012980094156,P1
P1 EEM,B: t+2 next-close,D_recent_2025plus,,,-0.085512428221312,,calm_controls,0.3199242845691659,2025-02-20,2025-04-08,2025-04-08,-0.085512428221312,34.0,0.723439257699897,P1
P1 EEM,B: next-open,FULL,0.23757101425217272,0.2769621117716881,-0.20216440522426182,2.192322965455294,,,,,,,,,P1
P1 EEM,B: next-open,E_bear_2018q4,,,0.0,,modern_folds,0.012274106120414352,2018-09-04,2018-09-04,,0.0,1.0,0.0,P1
P1 EEM,B: next-open,X_2020_covid,,,-0.05368170992093069,,modern_folds,0.11380028446113144,2020-02-12,2020-06-11,2020-03-02,-0.045502152693987385,84.0,0.48290046680322285,P1
P1 EEM,B: next-open,B_bear_2022,,,0.0,,modern_folds,0.012881409782865116,2022-01-03,2022-01-03,,0.0,1.0,0.0,P1
P1 EEM,B: next-open,E2011_eu_us,,,-0.12007792717446719,,market_factor_A0_calendar,-0.10573102253991351,2011-05-02,2011-09-22,2011-08-09,-0.09852895218995017,101.0,0.47625480458469943,P1
P1 EEM,B: next-open,E2015_16_china,,,-0.01272930398732397,,market_factor_A0_calendar,0.008288277256599974,2015-06-01,2016-03-15,,-0.01272930398732397,200.0,0.0,P1
P1 EEM,B: next-open,K2013_14_bull,,,-0.11609540859031131,,calm_controls,-0.0921518938089495,2013-01-02,2013-06-12,2013-03-18,-0.06095236670856152,112.0,0.9193608178040609,P1
P1 EEM,B: next-open,A_bull_2021,,,-0.10571529193900964,,calm_controls,-0.045108571381798135,2021-02-17,2021-11-26,,-0.10571529193900964,198.0,0.5091740289581759,P1
P1 EEM,B: next-open,D_recent_2025plus,,,-0.08797272375360266,,calm_controls,0.3399679236530684,2025-03-17,2025-04-08,,-0.08797272375360266,17.0,0.5240925865213802,P1
P1 TLT,incumbent t+1,FULL,0.13749907226514158,0.21809376141317913,-0.1639494170820518,2.0092370386595944,,,,,,,,,P1
P1 TLT,incumbent t+1,E_bear_2018q4,,,0.0,,modern_folds,0.012274106120414352,2018-09-04,2018-09-04,,0.0,1.0,0.0,P1
P1 TLT,incumbent t+1,X_2020_covid,,,-0.0815969606858098,,modern_folds,0.04910331225492426,2020-08-04,2020-11-10,,-0.0815969606858098,70.0,0.8556798125839657,P1
P1 TLT,incumbent t+1,B_bear_2022,,,0.0,,modern_folds,0.012881409782865116,2022-01-03,2022-01-03,,0.0,1.0,0.0,P1
P1 TLT,incumbent t+1,E2011_eu_us,,,-0.040355515948584664,,market_factor_A0_calendar,0.15454531711134933,2011-10-03,2011-10-27,,-0.040355515948584664,19.0,0.32149320399979414,P1
P1 TLT,incumbent t+1,E2015_16_china,,,-0.02730357972516828,,market_factor_A0_calendar,0.0009786052387392719,2015-08-21,2015-09-02,,-0.02730357972516828,9.0,0.6681305791598798,P1
P1 TLT,incumbent t+1,K2013_14_bull,,,-0.045488998406405856,,calm_controls,0.10743120049631338,2014-08-29,2014-09-17,,-0.045488998406405856,13.0,0.9829935453196793,P1
P1 TLT,incumbent t+1,A_bull_2021,,,-0.05806599534125556,,calm_controls,-0.05900691066456787,2021-01-04,2021-02-08,2021-02-08,-0.05806599534125556,25.0,0.8749860302920607,P1
P1 TLT,incumbent t+1,D_recent_2025plus,,,-0.08910669950557903,,calm_controls,0.004242040650953349,2026-02-27,2026-08-17,,-0.08910669950557903,118.0,1.0,P1
P1 TLT,A: both k=1,FULL,0.14477197058684088,0.24488677459080047,-0.15672714285237554,1.9549217960962622,,,,,,,,,P1
P1 TLT,A: both k=1,E_bear_2018q4,,,0.0,,modern_folds,0.012274106120414352,2018-09-04,2018-09-04,,0.0,1.0,0.0,P1
P1 TLT,A: both k=1,X_2020_covid,,,-0.08468764528765527,,modern_folds,0.036248590094588806,2020-08-04,2020-12-04,,-0.08468764528765527,87.0,0.8608374928905362,P1
P1 TLT,A: both k=1,B_bear_2022,,,0.0,,modern_folds,0.012881409782865116,2022-01-03,2022-01-03,,0.0,1.0,0.0,P1
P1 TLT,A: both k=1,E2011_eu_us,,,-0.03883020298490025,,market_factor_A0_calendar,0.15138089280441624,2011-10-03,2011-10-27,,-0.03883020298490025,19.0,0.32961480654496694,P1
P1 TLT,A: both k=1,E2015_16_china,,,-0.027231013761379375,,market_factor_A0_calendar,-0.010240873986838928,2015-08-21,2015-09-02,,-0.027231013761379375,9.0,0.6663513067665756,P1
P1 TLT,A: both k=1,K2013_14_bull,,,-0.04362837669333952,,calm_controls,0.08558648579412997,2014-08-29,2014-09-17,,-0.04362837669333952,13.0,0.98295741863289,P1
P1 TLT,A: both k=1,A_bull_2021,,,-0.04670408792927727,,calm_controls,-0.0476795234651185,2021-01-04,2021-02-05,2021-02-05,-0.04670408792927727,24.0,0.8962762658924507,P1
P1 TLT,A: both k=1,D_recent_2025plus,,,-0.08636288280646331,,calm_controls,0.006584946928452906,2026-02-27,2026-08-17,,-0.08636288280646331,118.0,1.0,P1
P1 TLT,A: switch k=1,FULL,0.17805893467107978,0.2723254374366563,-0.15378550701330063,1.9379341488733701,,,,,,,,,P1
P1 TLT,A: switch k=1,E_bear_2018q4,,,0.0,,modern_folds,0.012274106120414352,2018-09-04,2018-09-04,,0.0,1.0,0.0,P1
P1 TLT,A: switch k=1,X_2020_covid,,,-0.0815969606858098,,modern_folds,0.04910331225492426,2020-08-04,2020-11-10,,-0.0815969606858098,70.0,0.8556798125839657,P1
P1 TLT,A: switch k=1,B_bear_2022,,,0.0,,modern_folds,0.012881409782865116,2022-01-03,2022-01-03,,0.0,1.0,0.0,P1
P1 TLT,A: switch k=1,E2011_eu_us,,,-0.040355515948584664,,market_factor_A0_calendar,0.15454531711134933,2011-10-03,2011-10-27,,-0.040355515948584664,19.0,0.32149320399979414,P1
P1 TLT,A: switch k=1,E2015_16_china,,,-0.0269853584754548,,market_factor_A0_calendar,-0.010147113078836423,2015-08-21,2015-09-02,,-0.0269853584754548,9.0,0.6603281323971608,P1
P1 TLT,A: switch k=1,K2013_14_bull,,,-0.04486416774717783,,calm_controls,0.08836251797054517,2014-08-29,2014-09-17,,-0.04486416774717783,13.0,0.9569552206971026,P1
P1 TLT,A: switch k=1,A_bull_2021,,,-0.05048642220962096,,calm_controls,-0.051434908908919774,2021-01-04,2021-02-05,2021-02-05,-0.05048642220962096,24.0,0.8749860302920607,P1
P1 TLT,A: switch k=1,D_recent_2025plus,,,-0.08910669950558014,,calm_controls,0.006505847740730486,2026-02-27,2026-08-17,,-0.08910669950558014,118.0,1.0,P1
P1 TLT,A: sizer k=1,FULL,0.10363087978349582,0.1948086885483329,-0.165318567114646,1.9611729518150083,,,,,,,,,P1
P1 TLT,A: sizer k=1,E_bear_2018q4,,,0.0,,modern_folds,0.012274106120414352,2018-09-04,2018-09-04,,0.0,1.0,0.0,P1
P1 TLT,A: sizer k=1,X_2020_covid,,,-0.08468764528765527,,modern_folds,0.036248590094588806,2020-08-04,2020-12-04,,-0.08468764528765527,87.0,0.8608374928905362,P1
P1 TLT,A: sizer k=1,B_bear_2022,,,0.0,,modern_folds,0.012881409782865116,2022-01-03,2022-01-03,,0.0,1.0,0.0,P1
P1 TLT,A: sizer k=1,E2011_eu_us,,,-0.03883020298490025,,market_factor_A0_calendar,0.15138089280441624,2011-10-03,2011-10-27,,-0.03883020298490025,19.0,0.32961480654496694,P1
P1 TLT,A: sizer k=1,E2015_16_china,,,-0.02760969907017241,,market_factor_A0_calendar,0.000989766911626111,2015-08-21,2015-09-02,,-0.02760969907017241,9.0,0.6756366442661017,P1
P1 TLT,A: sizer k=1,K2013_14_bull,,,-0.043502096143108626,,calm_controls,0.10370117534233936,2014-08-29,2014-09-17,,-0.043502096143108626,13.0,1.0,P1
P1 TLT,A: sizer k=1,A_bull_2021,,,-0.05380002828328767,,calm_controls,-0.05476820308057562,2021-01-04,2021-02-08,2021-02-08,-0.05380002828328767,25.0,0.8962762658924507,P1
P1 TLT,A: sizer k=1,D_recent_2025plus,,,-0.08636288280646276,,calm_controls,0.0045330865449899616,2026-02-27,2026-08-17,,-0.08636288280646276,118.0,1.0,P1
P1 TLT,A: both k=5,FULL,0.2521519076058083,0.40639984479892,-0.1581459534808205,1.9846909650619957,,,,,,,,,P1
P1 TLT,A: both k=5,E_bear_2018q4,,,0.0,,modern_folds,0.012274106120414352,2018-09-04,2018-09-04,,0.0,1.0,0.0,P1
P1 TLT,A: both k=5,X_2020_covid,,,-0.07502411937307851,,modern_folds,0.03672973400468016,2020-08-04,2020-12-04,,-0.07502411937307851,87.0,0.8572803214981273,P1
P1 TLT,A: both k=5,B_bear_2022,,,0.0,,modern_folds,0.012881409782865116,2022-01-03,2022-01-03,,0.0,1.0,0.0,P1
P1 TLT,A: both k=5,E2011_eu_us,,,-0.03909550570670728,,market_factor_A0_calendar,0.13341877718865924,2011-10-03,2011-10-27,,-0.03909550570670728,19.0,0.3348536285929459,P1
P1 TLT,A: both k=5,E2015_16_china,,,-0.02376678671248178,,market_factor_A0_calendar,0.0070663669021278075,2015-08-21,2015-08-26,,-0.02376678671248178,4.0,0.6711994451791098,P1
P1 TLT,A: both k=5,K2013_14_bull,,,-0.0443333920826241,,calm_controls,0.1032970092933363,2014-08-29,2014-09-17,,-0.0443333920826241,13.0,0.8288298335461608,P1
P1 TLT,A: both k=5,A_bull_2021,,,-0.03363124587195898,,calm_controls,-0.031719379068946396,2021-01-04,2021-01-12,,-0.03363124587195898,7.0,0.8041443967992551,P1
P1 TLT,A: both k=5,D_recent_2025plus,,,-0.08832656858809063,,calm_controls,0.008575975185767026,2026-02-27,2026-08-17,,-0.08832656858809063,118.0,1.0,P1
P1 TLT,A: switch k=5,FULL,0.30926016574791537,0.45415900624607214,-0.1604236938950755,1.8954548748518116,,,,,,,,,P1
P1 TLT,A: switch k=5,E_bear_2018q4,,,0.0,,modern_folds,0.012274106120414352,2018-09-04,2018-09-04,,0.0,1.0,0.0,P1
P1 TLT,A: switch k=5,X_2020_covid,,,-0.0815969606858098,,modern_folds,0.04910331225492426,2020-08-04,2020-11-10,,-0.0815969606858098,70.0,0.8556798125839657,P1
P1 TLT,A: switch k=5,B_bear_2022,,,0.0,,modern_folds,0.012881409782865116,2022-01-03,2022-01-03,,0.0,1.0,0.0,P1
P1 TLT,A: switch k=5,E2011_eu_us,,,-0.040355515948584664,,market_factor_A0_calendar,0.15454531711134933,2011-10-03,2011-10-27,,-0.040355515948584664,19.0,0.32149320399979414,P1
P1 TLT,A: switch k=5,E2015_16_china,,,-0.02256082938778481,,market_factor_A0_calendar,0.006697792479885001,2015-08-21,2015-08-26,,-0.02256082938778481,4.0,0.6370768000799565,P1
P1 TLT,A: switch k=5,K2013_14_bull,,,-0.04603960072184721,,calm_controls,0.11159082489246352,2014-08-29,2014-09-17,,-0.04603960072184721,13.0,0.9146627769573109,P1
P1 TLT,A: switch k=5,A_bull_2021,,,-0.039326904551839514,,calm_controls,-0.035585702484946524,2021-01-04,2021-01-12,,-0.039326904551839514,7.0,0.8749860302920607,P1
P1 TLT,A: switch k=5,D_recent_2025plus,,,-0.0891066995055797,,calm_controls,0.019030848302234782,2026-02-27,2026-08-17,,-0.0891066995055797,118.0,1.0,P1
P1 TLT,A: sizer k=5,FULL,0.06892692724525547,0.17976225027391865,-0.1581450930142908,1.9962655392021715,,,,,,,,,P1
P1 TLT,A: sizer k=5,E_bear_2018q4,,,0.0,,modern_folds,0.012274106120414352,2018-09-04,2018-09-04,,0.0,1.0,0.0,P1
P1 TLT,A: sizer k=5,X_2020_covid,,,-0.07502411937307851,,modern_folds,0.03672973400468016,2020-08-04,2020-12-04,,-0.07502411937307851,87.0,0.8572803214981273,P1
P1 TLT,A: sizer k=5,B_bear_2022,,,0.0,,modern_folds,0.012881409782865116,2022-01-03,2022-01-03,,0.0,1.0,0.0,P1
P1 TLT,A: sizer k=5,E2011_eu_us,,,-0.03909550570670728,,market_factor_A0_calendar,0.13341877718865924,2011-10-03,2011-10-27,,-0.03909550570670728,19.0,0.3348536285929459,P1
P1 TLT,A: sizer k=5,E2015_16_china,,,-0.025326105860424608,,market_factor_A0_calendar,0.0009066057856079723,2015-08-21,2015-09-02,,-0.025326105860424608,9.0,0.619650929929957,P1
P1 TLT,A: sizer k=5,K2013_14_bull,,,-0.04728948192419846,,calm_controls,0.08710409352731596,2014-08-29,2014-09-17,,-0.04728948192419846,13.0,0.9395103245437813,P1
P1 TLT,A: sizer k=5,A_bull_2021,,,-0.053950386577610865,,calm_controls,-0.054818900729061926,2021-01-04,2021-02-08,2021-02-08,-0.053950386577610865,25.0,0.8041443967992551,P1
P1 TLT,A: sizer k=5,D_recent_2025plus,,,-0.08832656858809096,,calm_controls,-0.0006135874803182562,2026-02-27,2026-08-17,,-0.08832656858809096,118.0,1.0,P1
P1 TLT,B: t+2 next-close,FULL,0.09827212728941782,0.1863012308726935,-0.17360126489063799,4.428331765981656,,,,,,,,,P1
P1 TLT,B: t+2 next-close,E_bear_2018q4,,,0.0,,modern_folds,0.012274106120414352,2018-09-04,2018-09-04,,0.0,1.0,0.0,P1
P1 TLT,B: t+2 next-close,X_2020_covid,,,-0.07548055012427146,,modern_folds,0.05271983392027213,2020-08-04,2020-12-04,,-0.07548055012427146,87.0,0.8875582339491555,P1
P1 TLT,B: t+2 next-close,B_bear_2022,,,0.0,,modern_folds,0.012881409782865116,2022-01-03,2022-01-03,,0.0,1.0,0.0,P1
P1 TLT,B: t+2 next-close,E2011_eu_us,,,-0.0407131005460214,,market_factor_A0_calendar,0.15418603791158558,2011-10-03,2011-10-27,,-0.0407131005460214,19.0,0.35069004053766706,P1
P1 TLT,B: t+2 next-close,E2015_16_china,,,-0.02870006426741578,,market_factor_A0_calendar,-0.0038535993381163536,2015-08-21,2015-09-09,2015-09-09,-0.02870006426741578,13.0,0.678259795305863,P1
P1 TLT,B: t+2 next-close,K2013_14_bull,,,-0.04604019247341906,,calm_controls,0.07814972105118212,2014-08-29,2014-09-17,,-0.04604019247341906,13.0,1.0,P1
P1 TLT,B: t+2 next-close,A_bull_2021,,,-0.05469038200743803,,calm_controls,-0.05262435064573734,2021-01-04,2021-02-05,,-0.05469038200743803,24.0,0.9238179026238763,P1
P1 TLT,B: t+2 next-close,D_recent_2025plus,,,-0.08883425431483172,,calm_controls,0.006912532818530437,2026-02-27,2026-08-17,,-0.08883425431483172,118.0,1.0,P1
P1 TLT,B: next-open,FULL,0.202158648264154,0.279771392214867,-0.1642527482897671,1.9571943380832557,,,,,,,,,P1
P1 TLT,B: next-open,E_bear_2018q4,,,0.0,,modern_folds,0.012274106120414352,2018-09-04,2018-09-04,,0.0,1.0,0.0,P1
P1 TLT,B: next-open,X_2020_covid,,,-0.07237741202145331,,modern_folds,0.08589683811439741,2020-08-04,2020-12-04,,-0.07237741202145331,87.0,0.7680102238968477,P1
P1 TLT,B: next-open,B_bear_2022,,,0.0,,modern_folds,0.012881409782865116,2022-01-03,2022-01-03,,0.0,1.0,0.0,P1
P1 TLT,B: next-open,E2011_eu_us,,,-0.03808045280764105,,market_factor_A0_calendar,0.16171169586498335,2011-10-03,2011-10-27,,-0.03808045280764105,19.0,0.3220029445905205,P1
P1 TLT,B: next-open,E2015_16_china,,,-0.02712219787477632,,market_factor_A0_calendar,-0.0014896714500207686,2015-08-21,2015-09-02,,-0.02712219787477632,9.0,0.6670566009243688,P1
P1 TLT,B: next-open,K2013_14_bull,,,-0.04484190907894137,,calm_controls,0.09394927965740063,2014-08-29,2014-09-17,,-0.04484190907894137,13.0,0.9826458899635343,P1
P1 TLT,B: next-open,A_bull_2021,,,-0.057380369830665745,,calm_controls,-0.057436619574404935,2021-01-04,2021-02-05,,-0.057380369830665745,24.0,0.8771773328450532,P1
P1 TLT,B: next-open,D_recent_2025plus,,,-0.08822410979389306,,calm_controls,0.013930968831010082,2026-02-27,2026-08-17,,-0.08822410979389306,118.0,1.0,P1
P1 GLD,incumbent t+1,FULL,0.450163737186781,0.42737327014659376,-0.2423477213534624,2.64120593815235,,,,,,,,,P1
P1 GLD,incumbent t+1,E_bear_2018q4,,,-0.021389108129439505,,modern_folds,0.06297328133538116,2019-02-19,2019-02-28,,-0.021389108129439505,8.0,1.0,P1
P1 GLD,incumbent t+1,X_2020_covid,,,-0.08479803704013966,,modern_folds,0.11557889927797249,2020-08-06,2020-11-30,,-0.08479803704013966,81.0,0.6929451015527576,P1
P1 GLD,incumbent t+1,B_bear_2022,,,-0.04349471753083556,,modern_folds,0.01035232465980207,2022-03-08,2022-04-25,,-0.04349471753083556,34.0,0.7316456301794463,P1
P1 GLD,incumbent t+1,E2011_eu_us,,,-0.07746530105214977,,market_factor_A0_calendar,0.024897998406294697,2011-08-22,2011-12-30,2011-12-30,-0.07746530105214977,92.0,0.4571359081061112,P1
P1 GLD,incumbent t+1,E2015_16_china,,,-0.020287617743420694,,market_factor_A0_calendar,-0.0008913680686204462,2016-03-10,2016-03-24,,-0.020287617743420694,11.0,0.4728066150705243,P1
P1 GLD,incumbent t+1,K2013_14_bull,,,-0.02588627611855643,,calm_controls,-0.01585298099821497,2014-07-11,2014-07-15,,-0.02588627611855643,3.0,0.7840689699962485,P1
P1 GLD,incumbent t+1,A_bull_2021,,,-0.07900082051953294,,calm_controls,-0.06431804525244422,2021-01-05,2021-06-14,2021-03-01,-0.07107334264144827,111.0,0.6355917316732489,P1
P1 GLD,incumbent t+1,D_recent_2025plus,,,-0.09633988367477109,,calm_controls,0.4618029258771479,2026-01-29,2026-06-10,,-0.09633988367477109,92.0,0.34748195190081277,P1
P1 GLD,A: both k=1,FULL,0.6157174148250402,0.7047210518878245,-0.19378783681441414,2.630579699280826,,,,,,,,,P1
P1 GLD,A: both k=1,E_bear_2018q4,,,-0.021389108129439838,,modern_folds,0.056371913848437316,2019-02-19,2019-02-28,,-0.021389108129439838,8.0,1.0,P1
P1 GLD,A: both k=1,X_2020_covid,,,-0.06566550851813135,,modern_folds,0.15718354020507785,2020-08-06,2020-11-30,,-0.06566550851813135,81.0,0.6970914002509249,P1
P1 GLD,A: both k=1,B_bear_2022,,,-0.040451784494528686,,modern_folds,0.012369007146613598,2022-03-08,2022-04-26,2022-04-26,-0.040451784494528686,35.0,0.5486442374194684,P1
P1 GLD,A: both k=1,E2011_eu_us,,,-0.06846398803328857,,market_factor_A0_calendar,0.03795970168363816,2011-08-22,2011-12-29,2011-12-29,-0.06846398803328857,91.0,0.4657826859041139,P1
P1 GLD,A: both k=1,E2015_16_china,,,-0.020209504313744686,,market_factor_A0_calendar,-0.004328202357824162,2016-03-10,2016-03-24,,-0.020209504313744686,11.0,0.47097240113746225,P1
P1 GLD,A: both k=1,K2013_14_bull,,,-0.025862595388862264,,calm_controls,-0.014588114197121693,2014-07-11,2014-07-15,,-0.025862595388862264,3.0,0.7833506557030148,P1
P1 GLD,A: both k=1,A_bull_2021,,,-0.05769281326936504,,calm_controls,-0.04019555637983008,2021-01-05,2021-06-09,2021-02-26,-0.053227098214405744,108.0,0.625634299637947,P1
P1 GLD,A: both k=1,D_recent_2025plus,,,-0.0764003760570644,,calm_controls,0.4795793709430125,2026-03-02,2026-06-10,,-0.0764003760570644,71.0,0.23358974885894668,P1
P1 GLD,A: switch k=1,FULL,0.5015244322853555,0.5093875941399503,-0.22057823698896661,2.5961202618319397,,,,,,,,,P1
P1 GLD,A: switch k=1,E_bear_2018q4,,,-0.021389108129439838,,modern_folds,0.056371913848437316,2019-02-19,2019-02-28,,-0.021389108129439838,8.0,1.0,P1
P1 GLD,A: switch k=1,X_2020_covid,,,-0.08479803704013966,,modern_folds,0.11557889927797249,2020-08-06,2020-11-30,,-0.08479803704013966,81.0,0.6929451015527576,P1
P1 GLD,A: switch k=1,B_bear_2022,,,-0.043971536291367186,,modern_folds,0.013056510456901371,2022-03-08,2022-04-26,2022-04-26,-0.043971536291367186,35.0,0.720977299884949,P1
P1 GLD,A: switch k=1,E2011_eu_us,,,-0.07576960984143999,,market_factor_A0_calendar,0.03044374723622356,2011-08-22,2011-12-29,2011-12-29,-0.07576960984143999,91.0,0.4571359081061112,P1
P1 GLD,A: switch k=1,E2015_16_china,,,-0.019777551325069642,,market_factor_A0_calendar,-0.004234673200743999,2016-03-10,2016-03-24,,-0.019777551325069642,11.0,0.4608314688714218,P1
P1 GLD,A: switch k=1,K2013_14_bull,,,-0.02528935118279263,,calm_controls,-0.012452008289868033,2014-07-11,2014-07-15,,-0.02528935118279263,3.0,0.7659628635199548,P1
P1 GLD,A: switch k=1,A_bull_2021,,,-0.06255221883003248,,calm_controls,-0.044977051152582326,2021-01-05,2021-06-09,2021-02-26,-0.0582245922933422,108.0,0.6355917316732489,P1
P1 GLD,A: switch k=1,D_recent_2025plus,,,-0.09633988367477109,,calm_controls,0.4457677192811518,2026-01-29,2026-06-10,,-0.09633988367477109,92.0,0.34748195190081277,P1
P1 GLD,A: sizer k=1,FULL,0.5678429113197441,0.5795947416579339,-0.2164353361940602,2.6678286766755526,,,,,,,,,P1
P1 GLD,A: sizer k=1,E_bear_2018q4,,,-0.021389108129439505,,modern_folds,0.06297328133538116,2019-02-19,2019-02-28,,-0.021389108129439505,8.0,1.0,P1
P1 GLD,A: sizer k=1,X_2020_covid,,,-0.06566550851813135,,modern_folds,0.15718354020507785,2020-08-06,2020-11-30,,-0.06566550851813135,81.0,0.6970914002509249,P1
P1 GLD,A: sizer k=1,B_bear_2022,,,-0.039964308652400526,,modern_folds,0.007632726981222193,2022-03-08,2022-04-25,,-0.039964308652400526,34.0,0.5486442374194684,P1
P1 GLD,A: sizer k=1,E2011_eu_us,,,-0.07012021366367671,,market_factor_A0_calendar,0.036114259919546754,2011-08-22,2011-12-30,2011-12-30,-0.07012021366367671,92.0,0.4657826859041139,P1
P1 GLD,A: sizer k=1,E2015_16_china,,,-0.020702848376268235,,market_factor_A0_calendar,-0.0009098557842994737,2016-03-10,2016-03-24,,-0.020702848376268235,11.0,0.4825586184959409,P1
P1 GLD,A: sizer k=1,K2013_14_bull,,,-0.02439890721656468,,calm_controls,-0.015013334151569135,2014-07-11,2014-07-25,2014-07-25,-0.02439890721656468,11.0,0.8080133560528744,P1
P1 GLD,A: sizer k=1,A_bull_2021,,,-0.07435263689991534,,calm_controls,-0.05983013915516722,2021-01-05,2021-06-14,2021-03-01,-0.06614888352683135,111.0,0.625634299637947,P1
P1 GLD,A: sizer k=1,D_recent_2025plus,,,-0.0764003760570644,,calm_controls,0.49521208092118196,2026-03-02,2026-06-10,,-0.0764003760570644,71.0,0.23358974885894668,P1
P1 GLD,A: both k=5,FULL,0.8087997919640065,1.7275011157158298,-0.11599314971133878,2.683206466818744,,,,,,,,,P1
P1 GLD,A: both k=5,E_bear_2018q4,,,-0.021389108129439838,,modern_folds,0.05918007842919559,2019-02-19,2019-02-28,,-0.021389108129439838,8.0,1.0,P1
P1 GLD,A: both k=5,X_2020_covid,,,-0.06502762169876009,,modern_folds,0.13945366897653533,2020-08-06,2020-11-30,,-0.06502762169876009,81.0,0.37745372194310206,P1
P1 GLD,A: both k=5,B_bear_2022,,,-0.03385374498070204,,modern_folds,0.029873194299263828,2022-03-08,2022-04-05,,-0.03385374498070204,21.0,0.48059501334481636,P1
P1 GLD,A: both k=5,E2011_eu_us,,,-0.05780336530659025,,market_factor_A0_calendar,0.0594902151079959,2011-08-22,2011-12-15,,-0.05780336530659025,82.0,0.3760140583426505,P1
P1 GLD,A: both k=5,E2015_16_china,,,-0.020337312095798254,,market_factor_A0_calendar,-0.0012292510401933354,2016-03-10,2016-03-24,,-0.020337312095798254,11.0,0.47397356463619644,P1
P1 GLD,A: both k=5,K2013_14_bull,,,-0.021748160545351558,,calm_controls,0.0024043302873075767,2014-07-11,2014-07-15,,-0.021748160545351558,3.0,0.6585755364845162,P1
P1 GLD,A: both k=5,A_bull_2021,,,-0.05765542931126977,,calm_controls,-0.038446345737081056,2021-01-05,2021-06-03,2021-02-22,-0.04738885234101953,104.0,0.4919330680262437,P1
P1 GLD,A: both k=5,D_recent_2025plus,,,-0.05843228702632841,,calm_controls,0.49004930447043726,2026-03-02,2026-06-05,,-0.05843228702632841,68.0,0.24602810664149938,P1
P1 GLD,A: switch k=5,FULL,0.7075791795772763,1.0404130157949885,-0.15933351391775563,2.672641434433873,,,,,,,,,P1
P1 GLD,A: switch k=5,E_bear_2018q4,,,-0.021389108129439838,,modern_folds,0.05918007842919559,2019-02-19,2019-02-28,,-0.021389108129439838,8.0,1.0,P1
P1 GLD,A: switch k=5,X_2020_covid,,,-0.08479803704013966,,modern_folds,0.11557889927797249,2020-08-06,2020-11-30,,-0.08479803704013966,81.0,0.6929451015527576,P1
P1 GLD,A: switch k=5,B_bear_2022,,,-0.036264181659064754,,modern_folds,0.04306824630541528,2022-03-08,2022-03-15,,-0.036264181659064754,6.0,0.6831433886354947,P1
P1 GLD,A: switch k=5,E2011_eu_us,,,-0.07227510587773922,,market_factor_A0_calendar,0.04691642651720529,2011-08-22,2011-12-15,,-0.07227510587773922,82.0,0.4571359081061112,P1
P1 GLD,A: switch k=5,E2015_16_china,,,-0.021779684878685313,,market_factor_A0_calendar,-0.003627527626225535,2016-03-10,2016-03-24,,-0.021779684878685313,11.0,0.5078630609003466,P1
P1 GLD,A: switch k=5,K2013_14_bull,,,-0.026528616653204717,,calm_controls,-0.0016706148947656096,2014-07-11,2014-07-15,,-0.026528616653204717,3.0,0.841562350654994,P1
P1 GLD,A: switch k=5,A_bull_2021,,,-0.0684828084147574,,calm_controls,-0.04627414266618657,2021-01-05,2021-06-03,2021-02-22,-0.05619582738609685,104.0,0.6355917316732489,P1
P1 GLD,A: switch k=5,D_recent_2025plus,,,-0.07399015837218514,,calm_controls,0.5114704549781199,2026-01-29,2026-06-05,,-0.07399015837218514,89.0,0.34748195190081277,P1
P1 GLD,A: sizer k=5,FULL,0.5435244581829529,0.6106595831849544,-0.19932061517935884,2.706338592013663,,,,,,,,,P1
P1 GLD,A: sizer k=5,E_bear_2018q4,,,-0.021389108129439505,,modern_folds,0.0628296356308582,2019-02-19,2019-02-28,,-0.021389108129439505,8.0,1.0,P1
P1 GLD,A: sizer k=5,X_2020_covid,,,-0.06502762169876009,,modern_folds,0.13945366897653533,2020-08-06,2020-11-30,,-0.06502762169876009,81.0,0.37745372194310206,P1
P1 GLD,A: sizer k=5,B_bear_2022,,,-0.04205045819719311,,modern_folds,-0.0016983283226085222,2022-03-08,2022-04-25,,-0.04205045819719311,34.0,0.4931012643151279,P1
P1 GLD,A: sizer k=5,E2011_eu_us,,,-0.0633065607523926,,market_factor_A0_calendar,0.039946467132712105,2011-08-22,2011-12-30,2011-12-30,-0.0633065607523926,92.0,0.3760140583426505,P1
P1 GLD,A: sizer k=5,E2015_16_china,,,-0.02203030181882404,,market_factor_A0_calendar,-0.0009690258699490695,2016-03-10,2016-03-24,,-0.02203030181882404,11.0,0.5137552033464592,P1
P1 GLD,A: sizer k=5,K2013_14_bull,,,-0.024408920927119993,,calm_controls,-0.016857998063850688,2014-07-11,2014-07-25,2014-07-25,-0.024408920927119993,11.0,0.6935864211871119,P1
P1 GLD,A: sizer k=5,A_bull_2021,,,-0.06789450475982872,,calm_controls,-0.05652286607372603,2021-01-05,2021-06-14,2021-03-01,-0.06251556245599732,111.0,0.4919330680262437,P1
P1 GLD,A: sizer k=5,D_recent_2025plus,,,-0.07598387930362605,,calm_controls,0.44412560626727315,2026-03-02,2026-06-10,,-0.07598387930362605,71.0,0.24602810664149938,P1
P1 GLD,B: t+2 next-close,FULL,0.36811901801056507,0.36283978701864456,-0.23451229892263614,5.24433666702306,,,,,,,,,P1
P1 GLD,B: t+2 next-close,E_bear_2018q4,,,-0.021389108129439727,,modern_folds,0.04692619904063511,2019-02-19,2019-02-28,,-0.021389108129439727,8.0,1.0,P1
P1 GLD,B: t+2 next-close,X_2020_covid,,,-0.09095250751620187,,modern_folds,0.1188506311016948,2020-08-06,2020-11-30,,-0.09095250751620187,81.0,0.6356967654491232,P1
P1 GLD,B: t+2 next-close,B_bear_2022,,,-0.05622175171949506,,modern_folds,-0.016383418339798284,2022-03-08,2022-04-28,2022-04-28,-0.05622175171949506,37.0,0.6799412880994861,P1
P1 GLD,B: t+2 next-close,E2011_eu_us,,,-0.08664248048205658,,market_factor_A0_calendar,0.020748398348259034,2011-08-22,2011-12-29,,-0.08664248048205658,91.0,0.456176427096777,P1
P1 GLD,B: t+2 next-close,E2015_16_china,,,-0.020075091744818918,,market_factor_A0_calendar,-0.003839246977397237,2016-03-10,2016-03-24,,-0.020075091744818918,11.0,0.4772022319469817,P1
P1 GLD,B: t+2 next-close,K2013_14_bull,,,-0.027375350658963682,,calm_controls,-0.01001572942053397,2014-07-11,2014-07-24,,-0.027375350658963682,10.0,0.8072750105122461,P1
P1 GLD,B: t+2 next-close,A_bull_2021,,,-0.08730359565696022,,calm_controls,-0.07177307444654413,2021-01-05,2021-06-15,2021-03-02,-0.07620180979938629,112.0,0.7126214865936429,P1
P1 GLD,B: t+2 next-close,D_recent_2025plus,,,-0.1053502551109915,,calm_controls,0.426746034214055,2026-01-29,2026-06-10,2026-02-04,-0.05079518275671513,92.0,0.39274640518921294,P1
P1 GLD,B: next-open,FULL,0.44368600748746084,0.4381012245228635,-0.23085415432899015,2.571331536851501,,,,,,,,,P1
P1 GLD,B: next-open,E_bear_2018q4,,,-0.021389108129439727,,modern_folds,0.048073517799720245,2019-02-19,2019-02-28,,-0.021389108129439727,8.0,1.0,P1
P1 GLD,B: next-open,X_2020_covid,,,-0.08354207708206207,,modern_folds,0.12638248996712376,2020-08-06,2020-11-30,,-0.08354207708206207,81.0,0.6921450715287285,P1
P1 GLD,B: next-open,B_bear_2022,,,-0.05079688482203304,,modern_folds,-0.0032006360502658815,2022-03-08,2022-04-27,2022-04-27,-0.05079688482203304,36.0,0.7294009033362882,P1
P1 GLD,B: next-open,E2011_eu_us,,,-0.07842706316581449,,market_factor_A0_calendar,0.0371503242173461,2011-08-22,2011-12-29,,-0.07842706316581449,91.0,0.45275230615916784,P1
P1 GLD,B: next-open,E2015_16_china,,,-0.020085736221105877,,market_factor_A0_calendar,-0.002944638545992362,2016-03-10,2016-03-24,,-0.020085736221105877,11.0,0.4706167583987297,P1
P1 GLD,B: next-open,K2013_14_bull,,,-0.02585848403623614,,calm_controls,-0.013181877898703398,2014-07-11,2014-07-15,,-0.02585848403623614,3.0,0.7821115314488102,P1
P1 GLD,B: next-open,A_bull_2021,,,-0.08837062167712628,,calm_controls,-0.0741568256767956,2021-01-05,2021-06-14,2021-03-01,-0.07328820609969122,111.0,0.6180147165307098,P1
P1 GLD,B: next-open,D_recent_2025plus,,,-0.09756326263877413,,calm_controls,0.45172715679604103,2026-01-29,2026-06-10,,-0.09756326263877413,92.0,0.34748195190081277,P1
P2 UPRO,incumbent t+1,FULL,0.6716283741348641,1.1236871785348888,-0.3274987803631696,2.9591846491731246,,,,,,,,,P2
P2 UPRO,incumbent t+1,E_bear_2018q4,,,-0.18169066554597824,,modern_folds,-0.1273277773669751,2018-09-20,2018-10-11,,-0.18169066554597824,16.0,1.0,P2
P2 UPRO,incumbent t+1,X_2020_covid,,,-0.23672765125931006,,modern_folds,0.17965944066589712,2020-02-19,2020-06-11,2020-02-28,-0.23415070506495628,80.0,0.8574281590616493,P2
P2 UPRO,incumbent t+1,B_bear_2022,,,-0.20847870232480292,,modern_folds,-0.19156323933279906,2022-01-03,2022-08-30,2022-01-26,-0.15543605197646126,166.0,0.6085508761504368,P2
P2 UPRO,incumbent t+1,E2011_eu_us,,,-0.3111133546216345,,market_factor_A0_calendar,-0.23032020766480021,2011-05-02,2011-10-03,2011-08-05,-0.2342548756817685,108.0,0.8805957987982022,P2
P2 UPRO,incumbent t+1,E2015_16_china,,,0.0,,market_factor_A0_calendar,0.0,2015-06-01,2015-06-01,,0.0,1.0,0.0,P2
P2 UPRO,incumbent t+1,K2013_14_bull,,,-0.17904469083915553,,calm_controls,0.8500124970892808,2014-09-18,2014-10-15,,-0.17904469083915553,20.0,1.0,P2
P2 UPRO,incumbent t+1,A_bull_2021,,,-0.14410046124408415,,calm_controls,0.556098280787007,2021-09-02,2021-10-04,,-0.14410046124408415,22.0,1.0,P2
P2 UPRO,incumbent t+1,D_recent_2025plus,,,-0.22314555657592194,,calm_controls,0.3133554961158558,2026-01-12,2026-03-31,2026-03-31,-0.22314555657592194,55.0,0.9487893293147768,P2
P2 UPRO,A: both k=1,FULL,0.8795727848270096,1.772074008679558,-0.28123151091757714,2.954409106567579,,,,,,,,,P2
P2 UPRO,A: both k=1,E_bear_2018q4,,,-0.15389402729602875,,modern_folds,-0.09890987735939216,2018-09-20,2018-10-11,,-0.15389402729602875,16.0,1.0,P2
P2 UPRO,A: both k=1,X_2020_covid,,,-0.18691367598384145,,modern_folds,0.29067178248320125,2020-02-19,2020-02-28,2020-02-27,-0.18507632116088868,8.0,0.8505308534000905,P2
P2 UPRO,A: both k=1,B_bear_2022,,,-0.18752257644989856,,modern_folds,-0.16987274767530858,2022-01-03,2022-08-29,2022-01-25,-0.14649689519974618,165.0,0.6227766162796761,P2
P2 UPRO,A: both k=1,E2011_eu_us,,,-0.25917288261575455,,market_factor_A0_calendar,-0.16518298826565736,2011-05-10,2011-10-03,2011-08-04,-0.19130251541149623,102.0,1.0,P2
P2 UPRO,A: both k=1,E2015_16_china,,,0.0,,market_factor_A0_calendar,0.0,2015-06-01,2015-06-01,,0.0,1.0,0.0,P2
P2 UPRO,A: both k=1,K2013_14_bull,,,-0.16151187603055794,,calm_controls,0.995370608931899,2014-09-18,2014-10-15,,-0.16151187603055794,20.0,1.0,P2
P2 UPRO,A: both k=1,A_bull_2021,,,-0.13020888047082502,,calm_controls,0.6573930535636434,2021-09-02,2021-10-04,,-0.13020888047082502,22.0,1.0,P2
P2 UPRO,A: both k=1,D_recent_2025plus,,,-0.21661961219433912,,calm_controls,0.43109866971951916,2026-01-12,2026-03-30,2026-03-30,-0.21661961219433912,54.0,0.9279947546857414,P2
P2 UPRO,A: switch k=1,FULL,0.6871182260076959,1.173647976862694,-0.31645028147590126,2.9619489875716507,,,,,,,,,P2
P2 UPRO,A: switch k=1,E_bear_2018q4,,,-0.18169066554597824,,modern_folds,-0.12118168822995601,2018-09-20,2018-10-11,,-0.18169066554597824,16.0,1.0,P2
P2 UPRO,A: switch k=1,X_2020_covid,,,-0.23415070506495628,,modern_folds,0.1922025628327717,2020-02-19,2020-02-28,2020-02-28,-0.23415070506495628,8.0,0.8574281590616493,P2
P2 UPRO,A: switch k=1,B_bear_2022,,,-0.18303067249835414,,modern_folds,-0.16548792125538847,2022-01-03,2022-08-29,2022-01-25,-0.14318565454303744,165.0,0.6085508761504368,P2
P2 UPRO,A: switch k=1,E2011_eu_us,,,-0.3111133546216345,,market_factor_A0_calendar,-0.23032020766480021,2011-05-02,2011-10-03,2011-08-05,-0.2342548756817685,108.0,0.8805957987982022,P2
P2 UPRO,A: switch k=1,E2015_16_china,,,0.0,,market_factor_A0_calendar,0.0,2015-06-01,2015-06-01,,0.0,1.0,0.0,P2
P2 UPRO,A: switch k=1,K2013_14_bull,,,-0.17904469083915553,,calm_controls,0.8169607332866842,2014-09-18,2014-10-15,,-0.17904469083915553,20.0,1.0,P2
P2 UPRO,A: switch k=1,A_bull_2021,,,-0.14410046124408415,,calm_controls,0.556098280787007,2021-09-02,2021-10-04,,-0.14410046124408415,22.0,1.0,P2
P2 UPRO,A: switch k=1,D_recent_2025plus,,,-0.21788150681607243,,calm_controls,0.3686772243284471,2026-01-12,2026-03-30,2026-03-30,-0.21788150681607243,54.0,0.9487893293147768,P2
P2 UPRO,A: sizer k=1,FULL,0.8647436453904976,1.7288348660849604,-0.26347166637850483,2.9767695558763587,,,,,,,,,P2
P2 UPRO,A: sizer k=1,E_bear_2018q4,,,-0.15389402729602875,,modern_folds,-0.10538099771321119,2018-09-20,2018-10-11,,-0.15389402729602875,16.0,1.0,P2
P2 UPRO,A: sizer k=1,X_2020_covid,,,-0.18691367598384145,,modern_folds,0.27046019594892834,2020-02-19,2020-02-28,2020-02-27,-0.18507632116088868,8.0,0.8505308534000905,P2
P2 UPRO,A: sizer k=1,B_bear_2022,,,-0.21083599170209566,,modern_folds,-0.19377323387631074,2022-01-03,2022-08-30,2022-01-26,-0.15903058926768154,166.0,0.6227766162796761,P2
P2 UPRO,A: sizer k=1,E2011_eu_us,,,-0.25917288261575455,,market_factor_A0_calendar,-0.16518298826565736,2011-05-10,2011-10-03,2011-08-04,-0.19130251541149623,102.0,1.0,P2
P2 UPRO,A: sizer k=1,E2015_16_china,,,0.0,,market_factor_A0_calendar,0.0,2015-06-01,2015-06-01,,0.0,1.0,0.0,P2
P2 UPRO,A: sizer k=1,K2013_14_bull,,,-0.16151187603055794,,calm_controls,1.0308427077345703,2014-09-18,2014-10-15,,-0.16151187603055794,20.0,1.0,P2
P2 UPRO,A: sizer k=1,A_bull_2021,,,-0.13020888047082502,,calm_controls,0.6573930535636434,2021-09-02,2021-10-04,,-0.13020888047082502,22.0,1.0,P2
P2 UPRO,A: sizer k=1,D_recent_2025plus,,,-0.22179229914442256,,calm_controls,0.3839721755262586,2026-01-12,2026-03-31,2026-03-31,-0.22179229914442256,55.0,0.9279947546857414,P2
P2 UPRO,A: both k=5,FULL,1.2460353621814988,3.5135939608870537,-0.2355807711292578,3.0527406829736616,,,,,,,,,P2
P2 UPRO,A: both k=5,E_bear_2018q4,,,-0.12233239586769895,,modern_folds,-0.07628949071756153,2018-09-20,2018-10-11,,-0.12233239586769895,16.0,1.0,P2
P2 UPRO,A: both k=5,X_2020_covid,,,-0.12529594822837875,,modern_folds,0.4288633846897876,2020-09-02,2020-09-23,,-0.12529594822837875,15.0,0.5252523611739983,P2
P2 UPRO,A: both k=5,B_bear_2022,,,-0.08951925289820961,,modern_folds,-0.06118497196032213,2022-01-03,2022-08-09,2022-01-19,-0.07989308163900322,151.0,0.6032803634794109,P2
P2 UPRO,A: both k=5,E2011_eu_us,,,-0.2299038350619328,,market_factor_A0_calendar,-0.1350287500906776,2011-05-02,2011-10-03,2011-07-29,-0.15966584884885837,108.0,0.8379192483116086,P2
P2 UPRO,A: both k=5,E2015_16_china,,,0.0,,market_factor_A0_calendar,0.0,2015-06-01,2015-06-01,,0.0,1.0,0.0,P2
P2 UPRO,A: both k=5,K2013_14_bull,,,-0.1552573698051053,,calm_controls,1.0441450136899166,2014-09-18,2014-10-14,2014-10-14,-0.1552573698051053,19.0,1.0,P2
P2 UPRO,A: both k=5,A_bull_2021,,,-0.143601032026636,,calm_controls,0.6939067633958074,2021-09-02,2021-10-04,,-0.143601032026636,22.0,1.0,P2
P2 UPRO,A: both k=5,D_recent_2025plus,,,-0.201345996313272,,calm_controls,0.534628759117197,2026-01-12,2026-03-30,2026-03-24,-0.16625047161326523,54.0,1.0,P2
P2 UPRO,A: switch k=5,FULL,0.86828971090565,1.8259422908599403,-0.31645028147590126,3.018895509641509,,,,,,,,,P2
P2 UPRO,A: switch k=5,E_bear_2018q4,,,-0.18169066554597824,,modern_folds,-0.13582588881119095,2018-09-20,2018-10-11,,-0.18169066554597824,16.0,1.0,P2
P2 UPRO,A: switch k=5,X_2020_covid,,,-0.23429732249340085,,modern_folds,0.18660912105944383,2020-02-19,2020-03-02,2020-02-28,-0.23415070506495628,9.0,0.8574281590616493,P2
P2 UPRO,A: switch k=5,B_bear_2022,,,-0.08947432655326304,,modern_folds,-0.06588996097440591,2022-01-03,2022-08-09,2022-01-19,-0.08058373892452386,151.0,0.6085508761504368,P2
P2 UPRO,A: switch k=5,E2011_eu_us,,,-0.3111133546216345,,market_factor_A0_calendar,-0.23032020766480021,2011-05-02,2011-10-03,2011-08-05,-0.2342548756817685,108.0,0.8805957987982022,P2
P2 UPRO,A: switch k=5,E2015_16_china,,,0.0,,market_factor_A0_calendar,0.0,2015-06-01,2015-06-01,,0.0,1.0,0.0,P2
P2 UPRO,A: switch k=5,K2013_14_bull,,,-0.16882960446125295,,calm_controls,0.7982793015721732,2014-09-18,2014-10-14,2014-10-14,-0.16882960446125295,19.0,1.0,P2
P2 UPRO,A: switch k=5,A_bull_2021,,,-0.14410046124408415,,calm_controls,0.556098280787007,2021-09-02,2021-10-04,,-0.14410046124408415,22.0,1.0,P2
P2 UPRO,A: switch k=5,D_recent_2025plus,,,-0.2270647868750565,,calm_controls,0.39423334709019153,2026-01-12,2026-03-30,2026-03-24,-0.177463560631423,54.0,0.9487893293147768,P2
P2 UPRO,A: sizer k=5,FULL,1.053441923706561,2.4054334798730514,-0.2355807711292578,3.0369605884822106,,,,,,,,,P2
P2 UPRO,A: sizer k=5,E_bear_2018q4,,,-0.12233239586769895,,modern_folds,-0.0748188955658311,2018-09-20,2018-10-11,,-0.12233239586769895,16.0,1.0,P2
P2 UPRO,A: sizer k=5,X_2020_covid,,,-0.12529594822837853,,modern_folds,0.4031556887267387,2020-09-02,2020-09-23,,-0.12529594822837853,15.0,0.5252523611739983,P2
P2 UPRO,A: sizer k=5,B_bear_2022,,,-0.1989633575169698,,modern_folds,-0.18191888133041345,2022-01-03,2022-08-30,2022-01-26,-0.15410385961156425,166.0,0.6032803634794109,P2
P2 UPRO,A: sizer k=5,E2011_eu_us,,,-0.2299038350619328,,market_factor_A0_calendar,-0.1350287500906776,2011-05-02,2011-10-03,2011-07-29,-0.15966584884885837,108.0,0.8379192483116086,P2
P2 UPRO,A: sizer k=5,E2015_16_china,,,0.0,,market_factor_A0_calendar,0.0,2015-06-01,2015-06-01,,0.0,1.0,0.0,P2
P2 UPRO,A: sizer k=5,K2013_14_bull,,,-0.16552952838277768,,calm_controls,1.1023297657669309,2014-09-18,2014-10-15,,-0.16552952838277768,20.0,1.0,P2
P2 UPRO,A: sizer k=5,A_bull_2021,,,-0.143601032026636,,calm_controls,0.6939067633958074,2021-09-02,2021-10-04,,-0.143601032026636,22.0,1.0,P2
P2 UPRO,A: sizer k=5,D_recent_2025plus,,,-0.19917699022950097,,calm_controls,0.45129867056817075,2026-01-12,2026-03-31,2026-03-31,-0.19917699022950097,55.0,1.0,P2
P2 UPRO,B: t+2 next-close,FULL,0.6708877531321316,1.0818364668261402,-0.3646606143993397,7.3402856623337,,,,,,,,,P2
P2 UPRO,B: t+2 next-close,E_bear_2018q4,,,-0.19841555635577957,,modern_folds,-0.1593690755761793,2018-09-20,2018-10-11,,-0.19841555635577957,16.0,1.0,P2
P2 UPRO,B: t+2 next-close,X_2020_covid,,,-0.30458062879447456,,modern_folds,0.06963994452751665,2020-02-19,2020-06-26,2020-03-02,-0.24703550774807614,91.0,0.8533928999044456,P2
P2 UPRO,B: t+2 next-close,B_bear_2022,,,-0.24418353270546278,,modern_folds,-0.2281883235336667,2022-01-03,2022-08-31,2022-01-27,-0.1628719046036401,167.0,0.6032080039077146,P2
P2 UPRO,B: t+2 next-close,E2011_eu_us,,,-0.31845846628845054,,market_factor_A0_calendar,-0.22052259474303837,2011-05-02,2011-10-03,2011-08-08,-0.3126338776923948,108.0,0.8581121658385169,P2
P2 UPRO,B: t+2 next-close,E2015_16_china,,,0.0,,market_factor_A0_calendar,0.0,2015-06-01,2015-06-01,,0.0,1.0,0.0,P2
P2 UPRO,B: t+2 next-close,K2013_14_bull,,,-0.17432424981186045,,calm_controls,0.9463140139407034,2014-09-18,2014-10-16,,-0.17432424981186045,21.0,1.0,P2
P2 UPRO,B: t+2 next-close,A_bull_2021,,,-0.14215550564613733,,calm_controls,0.5723682672429693,2021-09-02,2021-10-04,,-0.14215550564613733,22.0,1.0,P2
P2 UPRO,B: t+2 next-close,D_recent_2025plus,,,-0.23079241053255772,,calm_controls,0.3468092314423459,2026-01-12,2026-03-30,,-0.23079241053255772,54.0,0.889829404555555,P2
P2 UPRO,B: next-open,FULL,0.6852525177384855,1.1012107107820972,-0.37644611626783453,2.8490182813438127,,,,,,,,,P2
P2 UPRO,B: next-open,E_bear_2018q4,,,-0.18518458353706013,,modern_folds,-0.15282667723009336,2018-09-20,2018-10-23,2018-10-23,-0.18518458353706013,24.0,1.0,P2
P2 UPRO,B: next-open,X_2020_covid,,,-0.29803935158802675,,modern_folds,0.06689317003627404,2020-02-19,2020-06-11,2020-02-28,-0.23963155170691908,80.0,0.8479664377496319,P2
P2 UPRO,B: next-open,B_bear_2022,,,-0.1990394290010815,,modern_folds,-0.1786086535624255,2022-01-03,2022-08-29,2022-01-26,-0.1569202926969807,165.0,0.6141033509407495,P2
P2 UPRO,B: next-open,E2011_eu_us,,,-0.29925410006324904,,market_factor_A0_calendar,-0.2157899987969233,2011-05-02,2011-10-03,2011-08-05,-0.23179568924316063,108.0,0.8800659583366256,P2
P2 UPRO,B: next-open,E2015_16_china,,,0.0,,market_factor_A0_calendar,0.0,2015-06-01,2015-06-01,,0.0,1.0,0.0,P2
P2 UPRO,B: next-open,K2013_14_bull,,,-0.17886978854179603,,calm_controls,0.9448227371197875,2014-09-18,2014-10-15,,-0.17886978854179603,20.0,1.0,P2
P2 UPRO,B: next-open,A_bull_2021,,,-0.14203372618273202,,calm_controls,0.627376393562237,2021-09-02,2021-10-04,,-0.14203372618273202,22.0,1.0,P2
P2 UPRO,B: next-open,D_recent_2025plus,,,-0.2240151754973111,,calm_controls,0.3849921646410852,2026-01-12,2026-03-30,,-0.2240151754973111,54.0,0.9268652215461901,P2
P2 TQQQ,incumbent t+1,FULL,0.8640145313316812,1.8003476112354473,-0.29413157041171745,3.090070270524009,,,,,,,,,P2
P2 TQQQ,incumbent t+1,E_bear_2018q4,,,-0.22989405862795564,,modern_folds,-0.23079137937925065,2018-10-01,2018-10-25,2018-10-17,-0.2135585971569257,19.0,0.8980970806742681,P2
P2 TQQQ,incumbent t+1,X_2020_covid,,,-0.2504701574761433,,modern_folds,0.3164933835383965,2020-02-19,2020-04-21,2020-02-28,-0.2145746307336811,44.0,0.6984262309251991,P2
P2 TQQQ,incumbent t+1,B_bear_2022,,,0.0,,modern_folds,0.012881409782865116,2022-01-03,2022-01-03,,0.0,1.0,0.0,P2
P2 TQQQ,incumbent t+1,E2011_eu_us,,,-0.22598882208662396,,market_factor_A0_calendar,-0.16036413145629425,2011-05-10,2011-10-03,2011-08-05,-0.18930618854629522,102.0,0.7491553846635995,P2
P2 TQQQ,incumbent t+1,E2015_16_china,,,-0.04762791008274636,,market_factor_A0_calendar,0.0024813247643939995,2015-06-01,2015-06-09,,-0.04762791008274636,7.0,0.6826644886812967,P2
P2 TQQQ,incumbent t+1,K2013_14_bull,,,-0.15338588058988656,,calm_controls,1.3621045828791671,2014-03-05,2014-04-11,,-0.15338588058988656,28.0,0.6625750200856001,P2
P2 TQQQ,incumbent t+1,A_bull_2021,,,-0.18843515496792496,,calm_controls,0.1596070071947424,2021-09-07,2021-10-04,,-0.18843515496792496,20.0,1.0,P2
P2 TQQQ,incumbent t+1,D_recent_2025plus,,,-0.2504024180839878,,calm_controls,0.33174824687058657,2025-10-29,2026-03-30,,-0.2504024180839878,104.0,0.6273828392067624,P2
P2 TQQQ,A: both k=1,FULL,1.079612630619651,3.0714195609169845,-0.24834375972177603,3.1523385173173475,,,,,,,,,P2
P2 TQQQ,A: both k=1,E_bear_2018q4,,,-0.15717891988373034,,modern_folds,-0.13678410499997562,2018-10-01,2018-10-11,,-0.15717891988373034,9.0,0.8393646971018838,P2
P2 TQQQ,A: both k=1,X_2020_covid,,,-0.20038953716338836,,modern_folds,0.4964981926186083,2020-02-19,2020-03-09,2020-02-28,-0.17041002177307318,14.0,0.6290486386520019,P2
P2 TQQQ,A: both k=1,B_bear_2022,,,0.0,,modern_folds,0.012881409782865116,2022-01-03,2022-01-03,,0.0,1.0,0.0,P2
P2 TQQQ,A: both k=1,E2011_eu_us,,,-0.19891789600300092,,market_factor_A0_calendar,-0.12534978714127698,2011-05-10,2011-08-19,2011-08-04,-0.17064052128271512,72.0,0.8739811510148404,P2
P2 TQQQ,A: both k=1,E2015_16_china,,,-0.04860702801950145,,market_factor_A0_calendar,0.00873671628803252,2015-06-01,2015-06-09,,-0.04860702801950145,7.0,0.6723571076882048,P2
P2 TQQQ,A: both k=1,K2013_14_bull,,,-0.1290674146581342,,calm_controls,1.4013669224521799,2014-03-05,2014-04-11,,-0.1290674146581342,28.0,0.7783914031538618,P2
P2 TQQQ,A: both k=1,A_bull_2021,,,-0.15976793912381948,,calm_controls,0.22500364182355415,2021-09-07,2021-10-05,2021-10-05,-0.15976793912381948,21.0,0.9402037673299793,P2
P2 TQQQ,A: both k=1,D_recent_2025plus,,,-0.24129679314868036,,calm_controls,0.4726535969871968,2025-10-29,2026-03-30,,-0.24129679314868036,104.0,0.6011204733120866,P2
P2 TQQQ,A: switch k=1,FULL,0.8871088788585415,2.0013176316921637,-0.27178677181354094,3.0658177649561424,,,,,,,,,P2
P2 TQQQ,A: switch k=1,E_bear_2018q4,,,-0.2135585971569257,,modern_folds,-0.18900916764341513,2018-10-01,2018-10-11,,-0.2135585971569257,9.0,0.8980970806742681,P2
P2 TQQQ,A: switch k=1,X_2020_covid,,,-0.24894185415176573,,modern_folds,0.35549188329981307,2020-02-19,2020-03-09,2020-02-28,-0.2145746307336811,14.0,0.6984262309251991,P2
P2 TQQQ,A: switch k=1,B_bear_2022,,,0.0,,modern_folds,0.012881409782865116,2022-01-03,2022-01-03,,0.0,1.0,0.0,P2
P2 TQQQ,A: switch k=1,E2011_eu_us,,,-0.22598882208662396,,market_factor_A0_calendar,-0.16036413145629425,2011-05-10,2011-10-03,2011-08-05,-0.18930618854629522,102.0,0.7491553846635995,P2
P2 TQQQ,A: switch k=1,E2015_16_china,,,-0.04911143913825189,,market_factor_A0_calendar,0.006435249015353417,2015-06-01,2015-06-09,,-0.04911143913825189,7.0,0.780736732758672,P2
P2 TQQQ,A: switch k=1,K2013_14_bull,,,-0.15338588058988656,,calm_controls,1.2434421118645496,2014-03-05,2014-04-11,,-0.15338588058988656,28.0,0.6625750200856001,P2
P2 TQQQ,A: switch k=1,A_bull_2021,,,-0.19651239757175754,,calm_controls,0.18108180809706842,2021-09-07,2021-12-03,2021-10-05,-0.18882083729378107,63.0,1.0,P2
P2 TQQQ,A: switch k=1,D_recent_2025plus,,,-0.25040241808398744,,calm_controls,0.3260208840743357,2025-10-29,2026-03-30,,-0.25040241808398744,104.0,0.6273828392067624,P2
P2 TQQQ,A: sizer k=1,FULL,1.046228922222219,2.665816189114212,-0.26458006112205135,3.1642296297459116,,,,,,,,,P2
P2 TQQQ,A: sizer k=1,E_bear_2018q4,,,-0.17609939969616373,,modern_folds,-0.17644257934279783,2018-10-01,2018-10-25,2018-10-12,-0.15717891988373034,19.0,0.8393646971018838,P2
P2 TQQQ,A: sizer k=1,X_2020_covid,,,-0.20784435312055938,,modern_folds,0.42235894049158373,2020-02-19,2020-04-21,2020-02-28,-0.17041002177307318,44.0,0.6290486386520019,P2
P2 TQQQ,A: sizer k=1,B_bear_2022,,,0.0,,modern_folds,0.012881409782865116,2022-01-03,2022-01-03,,0.0,1.0,0.0,P2
P2 TQQQ,A: sizer k=1,E2011_eu_us,,,-0.19891789600300092,,market_factor_A0_calendar,-0.12534978714127698,2011-05-10,2011-08-19,2011-08-04,-0.17064052128271512,72.0,0.8739811510148404,P2
P2 TQQQ,A: sizer k=1,E2015_16_china,,,-0.04645481879861979,,market_factor_A0_calendar,-0.0005905773062210296,2015-06-01,2015-06-09,,-0.04645481879861979,7.0,0.7382216327758974,P2
P2 TQQQ,A: sizer k=1,K2013_14_bull,,,-0.1290674146581342,,calm_controls,1.5299051962540364,2014-03-05,2014-04-11,,-0.1290674146581342,28.0,0.7783914031538618,P2
P2 TQQQ,A: sizer k=1,A_bull_2021,,,-0.15938268266933775,,calm_controls,0.180691670974378,2021-09-07,2021-10-04,,-0.15938268266933775,20.0,0.9402037673299793,P2
P2 TQQQ,A: sizer k=1,D_recent_2025plus,,,-0.24129679314868024,,calm_controls,0.49632042843124635,2025-10-29,2026-03-30,,-0.24129679314868024,104.0,0.6011204733120866,P2
P2 TQQQ,A: both k=5,FULL,1.391100197931584,6.01780233885446,-0.23986038738420679,3.2051715185154053,,,,,,,,,P2
P2 TQQQ,A: both k=5,E_bear_2018q4,,,-0.11709900236528992,,modern_folds,-0.06951427993828918,2018-10-01,2018-10-11,2018-10-11,-0.11709900236528992,9.0,0.8380505193177671,P2
P2 TQQQ,A: both k=5,X_2020_covid,,,-0.12102420133616487,,modern_folds,0.6964770169602326,2020-02-19,2020-02-27,,-0.12102420133616487,7.0,0.45202594849062605,P2
P2 TQQQ,A: both k=5,B_bear_2022,,,0.0,,modern_folds,0.012881409782865116,2022-01-03,2022-01-03,,0.0,1.0,0.0,P2
P2 TQQQ,A: both k=5,E2011_eu_us,,,-0.17245732097963906,,market_factor_A0_calendar,-0.08164052944783828,2011-05-10,2011-06-17,,-0.17245732097963906,28.0,0.7449466041581124,P2
P2 TQQQ,A: both k=5,E2015_16_china,,,-0.052378934522965714,,market_factor_A0_calendar,0.010514425397622151,2015-06-03,2015-06-09,,-0.052378934522965714,5.0,0.8330725309052661,P2
P2 TQQQ,A: both k=5,K2013_14_bull,,,-0.13904849334217095,,calm_controls,1.3186203273682895,2014-03-05,2014-04-11,,-0.13904849334217095,28.0,0.83597647382754,P2
P2 TQQQ,A: both k=5,A_bull_2021,,,-0.13282996540243408,,calm_controls,0.43709651867415844,2021-09-07,2021-09-29,2021-09-29,-0.13282996540243408,17.0,0.9841110476658587,P2
P2 TQQQ,A: both k=5,D_recent_2025plus,,,-0.20371555631152405,,calm_controls,0.6928327692218028,2025-10-29,2026-03-30,,-0.20371555631152405,104.0,0.6093607663703217,P2
P2 TQQQ,A: switch k=5,FULL,1.059327304218006,3.307174466765504,-0.2504024180839872,3.0747861051750296,,,,,,,,,P2
P2 TQQQ,A: switch k=5,E_bear_2018q4,,,-0.2135585971569257,,modern_folds,-0.16562590422846568,2018-10-01,2018-10-11,,-0.2135585971569257,9.0,0.8980970806742681,P2
P2 TQQQ,A: switch k=5,X_2020_covid,,,-0.2145746307336811,,modern_folds,0.47649784521586414,2020-02-19,2020-02-27,,-0.2145746307336811,7.0,0.6984262309251991,P2
P2 TQQQ,A: switch k=5,B_bear_2022,,,0.0,,modern_folds,0.012881409782865116,2022-01-03,2022-01-03,,0.0,1.0,0.0,P2
P2 TQQQ,A: switch k=5,E2011_eu_us,,,-0.22598882208662396,,market_factor_A0_calendar,-0.16036413145629425,2011-05-10,2011-10-03,2011-08-05,-0.18930618854629522,102.0,0.7491553846635995,P2
P2 TQQQ,A: switch k=5,E2015_16_china,,,-0.04537837574144832,,market_factor_A0_calendar,0.015285399220930529,2015-06-01,2015-06-09,,-0.04537837574144832,7.0,0.7210040733114121,P2
P2 TQQQ,A: switch k=5,K2013_14_bull,,,-0.15338588058988656,,calm_controls,1.0726034283428838,2014-03-05,2014-04-11,,-0.15338588058988656,28.0,0.6625750200856001,P2
P2 TQQQ,A: switch k=5,A_bull_2021,,,-0.16596343542045455,,calm_controls,0.28129372742077674,2021-02-12,2021-03-08,,-0.16596343542045455,16.0,0.4800956684984859,P2
P2 TQQQ,A: switch k=5,D_recent_2025plus,,,-0.25040241808398667,,calm_controls,0.44426170019897104,2025-10-29,2026-03-30,,-0.25040241808398667,104.0,0.6273828392067624,P2
P2 TQQQ,A: sizer k=5,FULL,1.2094024866029511,3.6333232434027996,-0.27030246408218495,3.19191631409773,,,,,,,,,P2
P2 TQQQ,A: sizer k=5,E_bear_2018q4,,,-0.13115199397672617,,modern_folds,-0.13149932549477217,2018-10-01,2018-10-25,2018-10-11,-0.11709900236528992,19.0,0.8380505193177671,P2
P2 TQQQ,A: sizer k=5,X_2020_covid,,,-0.1429550143384385,,modern_folds,0.5539896957520194,2020-02-19,2020-04-21,2020-03-03,-0.12102420133616487,44.0,0.45202594849062605,P2
P2 TQQQ,A: sizer k=5,B_bear_2022,,,0.0,,modern_folds,0.012881409782865116,2022-01-03,2022-01-03,,0.0,1.0,0.0,P2
P2 TQQQ,A: sizer k=5,E2011_eu_us,,,-0.17245732097963906,,market_factor_A0_calendar,-0.08164052944783828,2011-05-10,2011-06-17,,-0.17245732097963906,28.0,0.7449466041581124,P2
P2 TQQQ,A: sizer k=5,E2015_16_china,,,-0.0469421784624624,,market_factor_A0_calendar,-0.0005968149097267395,2015-06-01,2015-06-09,,-0.0469421784624624,7.0,0.7460186371576909,P2
P2 TQQQ,A: sizer k=5,K2013_14_bull,,,-0.13904849334217095,,calm_controls,1.6862047923844048,2014-03-05,2014-04-11,,-0.13904849334217095,28.0,0.83597647382754,P2
P2 TQQQ,A: sizer k=5,A_bull_2021,,,-0.16417355531204336,,calm_controls,0.28708387117781187,2021-09-07,2021-10-04,,-0.16417355531204336,20.0,0.9841110476658587,P2
P2 TQQQ,A: sizer k=5,D_recent_2025plus,,,-0.2037155563115236,,calm_controls,0.5927053144971073,2025-10-29,2026-03-30,,-0.2037155563115236,104.0,0.6093607663703217,P2
P2 TQQQ,B: t+2 next-close,FULL,0.8609816736189252,1.9057312675425173,-0.29089471908830444,7.728530109199805,,,,,,,,,P2
P2 TQQQ,B: t+2 next-close,E_bear_2018q4,,,-0.23411520385203843,,modern_folds,-0.20065855780638908,2018-09-04,2018-10-24,2018-10-22,-0.21896659904679938,37.0,0.7678809917499316,P2
P2 TQQQ,B: t+2 next-close,X_2020_covid,,,-0.29089471908830455,,modern_folds,0.2425328288243882,2020-02-19,2020-04-21,2020-03-04,-0.20775225504936823,44.0,0.6145758646902887,P2
P2 TQQQ,B: t+2 next-close,B_bear_2022,,,0.0,,modern_folds,0.012881409782865116,2022-01-03,2022-01-03,,0.0,1.0,0.0,P2
P2 TQQQ,B: t+2 next-close,E2011_eu_us,,,-0.21965541300393965,,market_factor_A0_calendar,-0.13799985773682566,2011-05-10,2011-10-03,2011-08-08,-0.21699400681180525,102.0,0.744782511319354,P2
P2 TQQQ,B: t+2 next-close,E2015_16_china,,,-0.04426603284731345,,market_factor_A0_calendar,-0.01261725481869369,2015-06-03,2015-06-09,,-0.04426603284731345,5.0,0.7231105502843715,P2
P2 TQQQ,B: t+2 next-close,K2013_14_bull,,,-0.16485248616084136,,calm_controls,1.2525495753145282,2014-03-05,2014-04-11,,-0.16485248616084136,28.0,0.6960042101249121,P2
P2 TQQQ,B: t+2 next-close,A_bull_2021,,,-0.18373166427675713,,calm_controls,0.12613542397020838,2021-09-07,2021-10-04,,-0.18373166427675713,20.0,0.8973027667522521,P2
P2 TQQQ,B: t+2 next-close,D_recent_2025plus,,,-0.2318796801879972,,calm_controls,0.4176985698808593,2025-10-29,2026-03-30,,-0.2318796801879972,104.0,0.5674456984895604,P2
P2 TQQQ,B: next-open,FULL,0.8707599737781727,1.8059162964824877,-0.2868300341770478,3.0027021758174968,,,,,,,,,P2
P2 TQQQ,B: next-open,E_bear_2018q4,,,-0.23095214904860084,,modern_folds,-0.21723021544968535,2018-10-01,2018-10-24,,-0.23095214904860084,18.0,0.8371649048658233,P2
P2 TQQQ,B: next-open,X_2020_covid,,,-0.2710968022459809,,modern_folds,0.30561500833211386,2020-02-19,2020-04-21,2020-03-03,-0.19651216844466612,44.0,0.6084980022010672,P2
P2 TQQQ,B: next-open,B_bear_2022,,,0.0,,modern_folds,0.012881409782865116,2022-01-03,2022-01-03,,0.0,1.0,0.0,P2
P2 TQQQ,B: next-open,E2011_eu_us,,,-0.2311064271927573,,market_factor_A0_calendar,-0.16324078537640618,2011-05-10,2011-08-19,2011-08-05,-0.19017203330142074,72.0,0.8725035102991983,P2
P2 TQQQ,B: next-open,E2015_16_china,,,-0.0472764373588781,,market_factor_A0_calendar,0.0032367492978944146,2015-06-03,2015-06-09,,-0.0472764373588781,5.0,0.6732000795158471,P2
P2 TQQQ,B: next-open,K2013_14_bull,,,-0.16272269294229924,,calm_controls,1.3492460012603829,2014-03-06,2014-04-11,,-0.16272269294229924,27.0,0.6952347155143394,P2
P2 TQQQ,B: next-open,A_bull_2021,,,-0.19642209846662517,,calm_controls,0.1326777472658882,2021-09-07,2021-12-03,2021-10-06,-0.18330616103747355,63.0,0.9835160594899235,P2
P2 TQQQ,B: next-open,D_recent_2025plus,,,-0.23670782182018835,,calm_controls,0.4414393725887005,2025-10-29,2026-03-30,,-0.23670782182018835,104.0,0.5975004320248706,P2
P2 TECL,incumbent t+1,FULL,0.7938927329560135,1.6369540606817796,-0.3233111941204041,3.088363622274729,,,,,,,,,P2
P2 TECL,incumbent t+1,E_bear_2018q4,,,-0.23949446493487836,,modern_folds,-0.198410221483726,2018-10-03,2018-10-25,2018-10-11,-0.2273497427081288,17.0,0.904365606932433,P2
P2 TECL,incumbent t+1,X_2020_covid,,,-0.25318994636989367,,modern_folds,0.21154221903837156,2020-02-19,2020-04-21,2020-03-04,-0.19095903629579425,44.0,0.4979463362350657,P2
P2 TECL,incumbent t+1,B_bear_2022,,,-0.0733067178311223,,modern_folds,-0.051224977511724834,2022-01-03,2022-01-14,2022-01-14,-0.0733067178311223,10.0,0.37994295110612186,P2
P2 TECL,incumbent t+1,E2011_eu_us,,,-0.23389416396410334,,market_factor_A0_calendar,-0.16637780181700745,2011-05-10,2011-08-19,2011-08-05,-0.1821295423563537,72.0,0.7701667065239713,P2
P2 TECL,incumbent t+1,E2015_16_china,,,-0.09455350689355146,,market_factor_A0_calendar,-0.06514968900896267,2015-06-01,2015-11-13,2015-06-18,-0.05408996238399466,118.0,0.7195137774279077,P2
P2 TECL,incumbent t+1,K2013_14_bull,,,-0.13867597599659232,,calm_controls,0.5876527916141878,2013-05-17,2013-06-24,,-0.13867597599659232,26.0,0.7345456090471453,P2
P2 TECL,incumbent t+1,A_bull_2021,,,-0.166545315786906,,calm_controls,0.32696654220453714,2021-08-30,2021-11-01,2021-10-05,-0.16583740910258404,45.0,0.878210926862432,P2
P2 TECL,incumbent t+1,D_recent_2025plus,,,-0.24625611418707172,,calm_controls,0.6413885352064972,2025-10-29,2026-03-30,,-0.24625611418707172,104.0,0.5277804308821377,P2
P2 TECL,A: both k=1,FULL,1.0482242682323457,2.7369752066568167,-0.29860085296181893,3.068684781193302,,,,,,,,,P2
P2 TECL,A: both k=1,E_bear_2018q4,,,-0.16981087356047542,,modern_folds,-0.10249771480087977,2018-10-03,2018-10-11,2018-10-10,-0.1551659019427729,7.0,0.9048448629762029,P2
P2 TECL,A: both k=1,X_2020_covid,,,-0.2099157936848871,,modern_folds,0.3489228617888671,2020-02-19,2020-04-21,2020-02-28,-0.16917173810157404,44.0,0.5580631800488833,P2
P2 TECL,A: both k=1,B_bear_2022,,,-0.0624513201767275,,modern_folds,-0.018809638281320207,2022-01-03,2022-01-07,,-0.0624513201767275,5.0,0.3837022626264718,P2
P2 TECL,A: both k=1,E2011_eu_us,,,-0.21694468543665635,,market_factor_A0_calendar,-0.14310084874515872,2011-05-10,2011-08-19,2011-08-05,-0.17542991374254246,72.0,0.6993470713579092,P2
P2 TECL,A: both k=1,E2015_16_china,,,-0.10167394418919162,,market_factor_A0_calendar,-0.09631374555644501,2015-06-01,2015-11-16,2015-06-17,-0.0533833368135328,119.0,0.7100580386941269,P2
P2 TECL,A: both k=1,K2013_14_bull,,,-0.12374326244504597,,calm_controls,0.6869334780007776,2014-01-15,2014-02-03,,-0.12374326244504597,13.0,0.8459419218874106,P2
P2 TECL,A: both k=1,A_bull_2021,,,-0.13044064660823707,,calm_controls,0.38394749698859787,2021-02-12,2021-03-08,,-0.13044064660823707,16.0,0.5688676906990503,P2
P2 TECL,A: both k=1,D_recent_2025plus,,,-0.2428147995721065,,calm_controls,0.8460238196925576,2025-10-29,2026-03-30,,-0.2428147995721065,104.0,0.4958017262218386,P2
P2 TECL,A: switch k=1,FULL,0.8670360704653989,1.9716331071848399,-0.2923065588870988,3.0905032769296694,,,,,,,,,P2
P2 TECL,A: switch k=1,E_bear_2018q4,,,-0.2273497427081288,,modern_folds,-0.15909067417709521,2018-10-03,2018-10-11,2018-10-11,-0.2273497427081288,7.0,0.904365606932433,P2
P2 TECL,A: switch k=1,X_2020_covid,,,-0.2313469000962438,,modern_folds,0.25191784179101795,2020-02-19,2020-04-21,2020-03-03,-0.20128741238899361,44.0,0.5677456364458613,P2
P2 TECL,A: switch k=1,B_bear_2022,,,-0.06184599749005393,,modern_folds,-0.01891947591669907,2022-01-03,2022-01-07,,-0.06184599749005393,5.0,0.37994295110612186,P2
P2 TECL,A: switch k=1,E2011_eu_us,,,-0.23389416396410334,,market_factor_A0_calendar,-0.16637780181700745,2011-05-10,2011-08-19,2011-08-05,-0.1821295423563537,72.0,0.7701667065239713,P2
P2 TECL,A: switch k=1,E2015_16_china,,,-0.10556666458379738,,market_factor_A0_calendar,-0.09945652572146013,2015-06-01,2015-11-16,2015-06-17,-0.06106451418693848,119.0,0.8129242234468022,P2
P2 TECL,A: switch k=1,K2013_14_bull,,,-0.13867597599659232,,calm_controls,0.5828385255041966,2013-05-17,2013-06-24,,-0.13867597599659232,26.0,0.7345456090471453,P2
P2 TECL,A: switch k=1,A_bull_2021,,,-0.1520800373417488,,calm_controls,0.3903788525329781,2021-08-30,2021-09-30,,-0.1520800373417488,23.0,0.878210926862432,P2
P2 TECL,A: switch k=1,D_recent_2025plus,,,-0.24625611418707138,,calm_controls,0.6893419566191714,2025-10-29,2026-03-30,,-0.24625611418707138,104.0,0.5277804308821377,P2
P2 TECL,A: sizer k=1,FULL,0.9665498831317121,2.291944558770272,-0.29860085296181915,3.0840540781153267,,,,,,,,,P2
P2 TECL,A: sizer k=1,E_bear_2018q4,,,-0.1865516430356723,,modern_folds,-0.14196757433449247,2018-10-03,2018-10-25,2018-10-10,-0.1551659019427729,17.0,0.9048448629762029,P2
P2 TECL,A: sizer k=1,X_2020_covid,,,-0.23965950745198772,,modern_folds,0.3217189001437377,2020-02-19,2020-04-21,2020-02-28,-0.16917173810157404,44.0,0.5580631800488833,P2
P2 TECL,A: sizer k=1,B_bear_2022,,,-0.07426919767291251,,modern_folds,-0.05211012100816881,2022-01-03,2022-01-14,2022-01-14,-0.07426919767291251,10.0,0.3837022626264718,P2
P2 TECL,A: sizer k=1,E2011_eu_us,,,-0.21694468543665635,,market_factor_A0_calendar,-0.14310084874515872,2011-05-10,2011-08-19,2011-08-05,-0.17542991374254246,72.0,0.6993470713579092,P2
P2 TECL,A: sizer k=1,E2015_16_china,,,-0.09422530767910942,,market_factor_A0_calendar,-0.06378815017796391,2015-06-01,2015-11-13,2015-06-18,-0.05410887877173898,118.0,0.7197669283675403,P2
P2 TECL,A: sizer k=1,K2013_14_bull,,,-0.12374326244504597,,calm_controls,0.691954593499825,2014-01-15,2014-02-03,,-0.12374326244504597,13.0,0.8459419218874106,P2
P2 TECL,A: sizer k=1,A_bull_2021,,,-0.14122216114621933,,calm_controls,0.3239166707211465,2021-08-30,2021-11-01,2021-10-05,-0.14046981308222695,45.0,0.7964829782352599,P2
P2 TECL,A: sizer k=1,D_recent_2025plus,,,-0.24281479957210617,,calm_controls,0.777228040331575,2025-10-29,2026-03-30,,-0.24281479957210617,104.0,0.4958017262218386,P2
P2 TECL,A: both k=5,FULL,1.411175084464006,5.218663522411067,-0.2693297119721245,3.121345993369036,,,,,,,,,P2
P2 TECL,A: both k=5,E_bear_2018q4,,,-0.11670390859861235,,modern_folds,-0.0035606704871642414,2018-10-03,2018-10-11,2018-10-11,-0.11670390859861235,7.0,0.7740302824908736,P2
P2 TECL,A: both k=5,X_2020_covid,,,-0.11820232772579742,,modern_folds,0.5721877784343554,2020-02-19,2020-02-27,,-0.11820232772579742,7.0,0.390728500060831,P2
P2 TECL,A: both k=5,B_bear_2022,,,-0.0553998697521767,,modern_folds,-0.03254409249278534,2022-01-03,2022-01-07,2022-01-07,-0.0553998697521767,5.0,0.39270525364689723,P2
P2 TECL,A: both k=5,E2011_eu_us,,,-0.190183469268984,,market_factor_A0_calendar,-0.10556878336025433,2011-05-12,2011-08-19,2011-07-29,-0.18917476583292203,70.0,0.7241345917978397,P2
P2 TECL,A: both k=5,E2015_16_china,,,-0.05307996074427768,,market_factor_A0_calendar,0.03638358931211316,2015-06-01,2015-06-09,,-0.05307996074427768,7.0,0.7059988578029712,P2
P2 TECL,A: both k=5,K2013_14_bull,,,-0.12551602763377256,,calm_controls,0.7276015049984041,2013-05-17,2013-06-24,,-0.12551602763377256,26.0,0.8626172760854357,P2
P2 TECL,A: both k=5,A_bull_2021,,,-0.11361941435202161,,calm_controls,0.5721712656584761,2021-04-15,2021-05-12,,-0.11361941435202161,20.0,0.46255224711429477,P2
P2 TECL,A: both k=5,D_recent_2025plus,,,-0.20641505291178164,,calm_controls,1.0864696047679834,2025-10-29,2026-03-30,,-0.20641505291178164,104.0,0.5094710297366613,P2
P2 TECL,A: switch k=5,FULL,1.0674381441173657,3.095303459159814,-0.2825481666376415,3.08235548682235,,,,,,,,,P2
P2 TECL,A: switch k=5,E_bear_2018q4,,,-0.2273497427081288,,modern_folds,-0.12614692998782828,2018-10-03,2018-10-11,2018-10-11,-0.2273497427081288,7.0,0.904365606932433,P2
P2 TECL,A: switch k=5,X_2020_covid,,,-0.19095903629579425,,modern_folds,0.36970298786227973,2020-02-19,2020-02-27,,-0.19095903629579425,7.0,0.4979463362350657,P2
P2 TECL,A: switch k=5,B_bear_2022,,,-0.05231623110879613,,modern_folds,-0.029734318309573404,2022-01-03,2022-01-07,2022-01-07,-0.05231623110879613,5.0,0.37994295110612186,P2
P2 TECL,A: switch k=5,E2011_eu_us,,,-0.23389416396410334,,market_factor_A0_calendar,-0.16637780181700745,2011-05-10,2011-08-19,2011-08-05,-0.1821295423563537,72.0,0.7701667065239713,P2
P2 TECL,A: switch k=5,E2015_16_china,,,-0.05835159382107291,,market_factor_A0_calendar,0.042618080695636884,2015-06-01,2015-06-09,,-0.05835159382107291,7.0,0.7765726574430335,P2
P2 TECL,A: switch k=5,K2013_14_bull,,,-0.13867597599659232,,calm_controls,0.5732099932842132,2013-05-17,2013-06-24,,-0.13867597599659232,26.0,0.7345456090471453,P2
P2 TECL,A: switch k=5,A_bull_2021,,,-0.12461191598890087,,calm_controls,0.5053823810369393,2021-02-12,2021-03-08,,-0.12461191598890087,16.0,0.5471398570001377,P2
P2 TECL,A: switch k=5,D_recent_2025plus,,,-0.24625611418707183,,calm_controls,0.7716904125176569,2025-10-29,2026-03-30,,-0.24625611418707183,104.0,0.5277804308821377,P2
P2 TECL,A: sizer k=5,FULL,1.1527122261197464,3.280829915450711,-0.2693297119721255,3.11573181780309,,,,,,,,,P2
P2 TECL,A: sizer k=5,E_bear_2018q4,,,-0.1349348994038243,,modern_folds,-0.08545194195161687,2018-10-03,2018-10-25,2018-10-11,-0.11670390859861235,17.0,0.7740302824908736,P2
P2 TECL,A: sizer k=5,X_2020_covid,,,-0.17040053926376864,,modern_folds,0.4319069823841577,2020-02-19,2020-04-21,2020-03-03,-0.11820232772579742,44.0,0.390728500060831,P2
P2 TECL,A: sizer k=5,B_bear_2022,,,-0.07925586883000968,,modern_folds,-0.0569773171963226,2022-01-03,2022-01-14,2022-01-14,-0.07925586883000968,10.0,0.39270525364689723,P2
P2 TECL,A: sizer k=5,E2011_eu_us,,,-0.190183469268984,,market_factor_A0_calendar,-0.10556878336025433,2011-05-12,2011-08-19,2011-07-29,-0.18917476583292203,70.0,0.7241345917978397,P2
P2 TECL,A: sizer k=5,E2015_16_china,,,-0.08924298101964823,,market_factor_A0_calendar,-0.061557153996740666,2015-06-01,2015-11-13,2015-06-18,-0.05887273012420602,118.0,0.7835538711527409,P2
P2 TECL,A: sizer k=5,K2013_14_bull,,,-0.12551602763377256,,calm_controls,0.7429929821303474,2013-05-17,2013-06-24,,-0.12551602763377256,26.0,0.8626172760854357,P2
P2 TECL,A: sizer k=5,A_bull_2021,,,-0.1503096565015054,,calm_controls,0.3955530832075336,2021-08-30,2021-11-01,2021-10-05,-0.14956915867462495,45.0,0.8813658365468796,P2
P2 TECL,A: sizer k=5,D_recent_2025plus,,,-0.20641505291178108,,calm_controls,0.9370542580227377,2025-10-29,2026-03-30,,-0.20641505291178108,104.0,0.5094710297366613,P2
P2 TECL,B: t+2 next-close,FULL,0.8116999148877383,1.82372576722916,-0.2944247706149845,8.10883587614067,,,,,,,,,P2
P2 TECL,B: t+2 next-close,E_bear_2018q4,,,-0.23773624057796472,,modern_folds,-0.17372093604431993,2018-10-03,2018-10-24,2018-10-17,-0.22620206657618513,16.0,0.8545230150973394,P2
P2 TECL,B: t+2 next-close,X_2020_covid,,,-0.2676372723045294,,modern_folds,0.26751327397079105,2020-02-19,2020-03-12,2020-03-04,-0.20938961347884644,17.0,0.5791370250284705,P2
P2 TECL,B: t+2 next-close,B_bear_2022,,,-0.07237864845267128,,modern_folds,-0.04202013849430719,2022-01-03,2022-01-13,,-0.07237864845267128,9.0,0.38025634749419074,P2
P2 TECL,B: t+2 next-close,E2011_eu_us,,,-0.23087503878641857,,market_factor_A0_calendar,-0.1538090761065194,2011-05-12,2011-08-19,2011-08-08,-0.22095876450837693,70.0,0.7747855895025235,P2
P2 TECL,B: t+2 next-close,E2015_16_china,,,-0.07387511658023371,,market_factor_A0_calendar,-0.0391679465695437,2015-11-06,2015-11-13,,-0.07387511658023371,6.0,0.5080130922372007,P2
P2 TECL,B: t+2 next-close,K2013_14_bull,,,-0.14260344617609122,,calm_controls,0.6379730854974124,2013-05-17,2013-06-24,,-0.14260344617609122,26.0,0.6984161264405819,P2
P2 TECL,B: t+2 next-close,A_bull_2021,,,-0.16221853103462758,,calm_controls,0.2903092564303178,2021-08-30,2021-10-04,,-0.16221853103462758,25.0,0.7729291629340653,P2
P2 TECL,B: t+2 next-close,D_recent_2025plus,,,-0.24636091973834373,,calm_controls,0.6681429738882338,2025-10-29,2026-03-30,,-0.24636091973834373,104.0,0.4781989832211863,P2
P2 TECL,B: next-open,FULL,0.745580860951201,1.414932880631779,-0.32532644298906044,2.9957585770282646,,,,,,,,,P2
P2 TECL,B: next-open,E_bear_2018q4,,,-0.2489309557298085,,modern_folds,-0.20302329502516525,2018-10-03,2018-10-24,2018-10-22,-0.22611022772132428,16.0,0.8351815467236443,P2
P2 TECL,B: next-open,X_2020_covid,,,-0.25845166515418494,,modern_folds,0.23883606941994695,2020-02-19,2020-03-12,2020-03-03,-0.1948958417716733,17.0,0.5588194846557745,P2
P2 TECL,B: next-open,B_bear_2022,,,-0.08004955310037432,,modern_folds,-0.05784295979499987,2022-01-03,2022-01-14,2022-01-14,-0.08004955310037432,10.0,0.39195107909971666,P2
P2 TECL,B: next-open,E2011_eu_us,,,-0.25242213255770063,,market_factor_A0_calendar,-0.17450684824619933,2011-05-10,2011-08-19,2011-08-08,-0.23189065043507429,72.0,0.6901649758852809,P2
P2 TECL,B: next-open,E2015_16_china,,,-0.09099275066741686,,market_factor_A0_calendar,-0.05780270968008294,2015-06-03,2015-11-13,2015-06-18,-0.0528699853025123,116.0,0.702638441570909,P2
P2 TECL,B: next-open,K2013_14_bull,,,-0.13770041044317327,,calm_controls,0.6133292790004752,2014-01-15,2014-02-03,,-0.13770041044317327,13.0,1.0,P2
P2 TECL,B: next-open,A_bull_2021,,,-0.16210369086283705,,calm_controls,0.3095919427673193,2021-08-30,2021-10-04,,-0.16210369086283705,25.0,0.7882005578723794,P2
P2 TECL,B: next-open,D_recent_2025plus,,,-0.2356529304517182,,calm_controls,0.6629632894606445,2025-10-29,2026-03-30,,-0.2356529304517182,104.0,0.48871016048810156,P2
P2 TNA,incumbent t+1,FULL,0.41366359155250376,0.5111212350714855,-0.41913887727629817,2.315941092591896,,,,,,,,,P2
P2 TNA,incumbent t+1,E_bear_2018q4,,,-0.1766269401817232,,modern_folds,-0.14704877879027334,2018-09-04,2018-10-10,2018-10-10,-0.1766269401817232,27.0,0.9976627127256008,P2
P2 TNA,incumbent t+1,X_2020_covid,,,-0.2850491746891416,,modern_folds,0.1575540325000626,2020-02-20,2020-09-23,2020-02-28,-0.19881896693691614,151.0,0.6872651634719729,P2
P2 TNA,incumbent t+1,B_bear_2022,,,0.0,,modern_folds,0.012881409782865116,2022-01-03,2022-01-03,,0.0,1.0,0.0,P2
P2 TNA,incumbent t+1,E2011_eu_us,,,-0.32063821107532653,,market_factor_A0_calendar,-0.24524114775019445,2011-05-10,2011-10-03,2011-08-05,-0.234752304529117,102.0,0.6534997093321329,P2
P2 TNA,incumbent t+1,E2015_16_china,,,0.0,,market_factor_A0_calendar,0.0,2015-06-01,2015-06-01,,0.0,1.0,0.0,P2
P2 TNA,incumbent t+1,K2013_14_bull,,,-0.18084894600139867,,calm_controls,0.5027509411888924,2014-01-22,2014-05-15,,-0.18084894600139867,80.0,0.855062235405155,P2
P2 TNA,incumbent t+1,A_bull_2021,,,-0.19040892247336838,,calm_controls,0.12338861204169627,2021-11-08,2021-12-01,,-0.19040892247336838,17.0,0.5502676715000104,P2
P2 TNA,incumbent t+1,D_recent_2025plus,,,-0.16804688418091873,,calm_controls,0.358385497142816,2026-01-22,2026-03-31,2026-03-31,-0.16804688418091873,48.0,0.6269875709322084,P2
P2 TNA,A: both k=1,FULL,0.5241317974655032,0.8183274611299225,-0.2998039249416825,2.3468143872254332,,,,,,,,,P2
P2 TNA,A: both k=1,E_bear_2018q4,,,-0.16221463222214638,,modern_folds,-0.11399852429882018,2018-09-04,2018-10-09,2018-10-09,-0.16221463222214638,26.0,0.9976872838305257,P2
P2 TNA,A: both k=1,X_2020_covid,,,-0.2291376393760196,,modern_folds,0.24797613270794083,2020-02-20,2020-09-23,2020-02-27,-0.13259715268029248,151.0,0.792952872266134,P2
P2 TNA,A: both k=1,B_bear_2022,,,0.0,,modern_folds,0.012881409782865116,2022-01-03,2022-01-03,,0.0,1.0,0.0,P2
P2 TNA,A: both k=1,E2011_eu_us,,,-0.29234916720901105,,market_factor_A0_calendar,-0.2096685472270713,2011-07-07,2011-10-03,2011-08-05,-0.21151754322780902,62.0,0.5519281676851523,P2
P2 TNA,A: both k=1,E2015_16_china,,,0.0,,market_factor_A0_calendar,0.0,2015-06-01,2015-06-01,,0.0,1.0,0.0,P2
P2 TNA,A: both k=1,K2013_14_bull,,,-0.15942837163325108,,calm_controls,0.554076789801309,2014-03-04,2014-05-15,,-0.15942837163325108,52.0,0.6367871069793125,P2
P2 TNA,A: both k=1,A_bull_2021,,,-0.17529071512464078,,calm_controls,0.09493356177139223,2021-11-08,2021-12-01,,-0.17529071512464078,17.0,0.5685544831495021,P2
P2 TNA,A: both k=1,D_recent_2025plus,,,-0.16931629929800718,,calm_controls,0.3716126157122013,2026-01-22,2026-03-20,,-0.16931629929800718,41.0,0.6230540695543856,P2
P2 TNA,A: switch k=1,FULL,0.4576112344160093,0.6124507717297952,-0.3494084967428168,2.31867276960064,,,,,,,,,P2
P2 TNA,A: switch k=1,E_bear_2018q4,,,-0.16786988317226703,,modern_folds,-0.1198151534121048,2018-09-04,2018-10-09,2018-10-09,-0.16786988317226703,26.0,0.9976627127256008,P2
P2 TNA,A: switch k=1,X_2020_covid,,,-0.2523681796103904,,modern_folds,0.20558303276300527,2020-02-20,2020-09-23,2020-02-27,-0.15896996483352688,151.0,0.6872651634719729,P2
P2 TNA,A: switch k=1,B_bear_2022,,,0.0,,modern_folds,0.012881409782865116,2022-01-03,2022-01-03,,0.0,1.0,0.0,P2
P2 TNA,A: switch k=1,E2011_eu_us,,,-0.32063821107532653,,market_factor_A0_calendar,-0.24524114775019445,2011-05-10,2011-10-03,2011-08-05,-0.234752304529117,102.0,0.6534997093321329,P2
P2 TNA,A: switch k=1,E2015_16_china,,,0.0,,market_factor_A0_calendar,0.0,2015-06-01,2015-06-01,,0.0,1.0,0.0,P2
P2 TNA,A: switch k=1,K2013_14_bull,,,-0.18084894600139867,,calm_controls,0.513639905426494,2014-01-22,2014-05-15,,-0.18084894600139867,80.0,0.855062235405155,P2
P2 TNA,A: switch k=1,A_bull_2021,,,-0.19040892247336838,,calm_controls,0.09373468851686706,2021-11-08,2021-12-01,,-0.19040892247336838,17.0,0.5502676715000104,P2
P2 TNA,A: switch k=1,D_recent_2025plus,,,-0.15474209475203593,,calm_controls,0.39584384581414245,2026-01-22,2026-03-20,,-0.15474209475203593,41.0,0.6269875709322084,P2
P2 TNA,A: sizer k=1,FULL,0.4829121682279781,0.7084193596347518,-0.344466632622873,2.3520428309149204,,,,,,,,,P2
P2 TNA,A: sizer k=1,E_bear_2018q4,,,-0.17097093874509028,,modern_folds,-0.14025734776480347,2018-09-04,2018-10-10,2018-10-10,-0.17097093874509028,27.0,0.9976872838305257,P2
P2 TNA,A: sizer k=1,X_2020_covid,,,-0.25808815911386374,,modern_folds,0.1964713454033169,2020-02-20,2020-09-23,2020-02-28,-0.17120076286429609,151.0,0.792952872266134,P2
P2 TNA,A: sizer k=1,B_bear_2022,,,0.0,,modern_folds,0.012881409782865116,2022-01-03,2022-01-03,,0.0,1.0,0.0,P2
P2 TNA,A: sizer k=1,E2011_eu_us,,,-0.29234916720901105,,market_factor_A0_calendar,-0.2096685472270713,2011-07-07,2011-10-03,2011-08-05,-0.21151754322780902,62.0,0.5519281676851523,P2
P2 TNA,A: sizer k=1,E2015_16_china,,,0.0,,market_factor_A0_calendar,0.0,2015-06-01,2015-06-01,,0.0,1.0,0.0,P2
P2 TNA,A: sizer k=1,K2013_14_bull,,,-0.15942837163325108,,calm_controls,0.5424308853021229,2014-03-04,2014-05-15,,-0.15942837163325108,52.0,0.6367871069793125,P2
P2 TNA,A: sizer k=1,A_bull_2021,,,-0.17529071512464078,,calm_controls,0.12744692694413384,2021-11-08,2021-12-01,,-0.17529071512464078,17.0,0.5685544831495021,P2
P2 TNA,A: sizer k=1,D_recent_2025plus,,,-0.18539727025357033,,calm_controls,0.3275124010784958,2026-01-22,2026-03-31,2026-03-31,-0.18539727025357033,48.0,0.6387873543668209,P2
P2 TNA,A: both k=5,FULL,0.7995504308391996,1.815067985577995,-0.26068130978437676,2.3501725413971517,,,,,,,,,P2
P2 TNA,A: both k=5,E_bear_2018q4,,,-0.1261093080830391,,modern_folds,-0.07052443897103466,2018-09-04,2019-02-07,2018-10-03,-0.11952142159838308,108.0,1.0,P2
P2 TNA,A: both k=5,X_2020_covid,,,-0.11758743133166316,,modern_folds,0.49539630306667903,2020-09-02,2020-09-23,,-0.11758743133166316,15.0,0.5104092603803588,P2
P2 TNA,A: both k=5,B_bear_2022,,,0.0,,modern_folds,0.012881409782865116,2022-01-03,2022-01-03,,0.0,1.0,0.0,P2
P2 TNA,A: both k=5,E2011_eu_us,,,-0.24532118283693138,,market_factor_A0_calendar,-0.17369848379107344,2011-05-10,2011-10-03,2011-07-29,-0.14593447834143702,102.0,0.602340301039335,P2
P2 TNA,A: both k=5,E2015_16_china,,,0.0,,market_factor_A0_calendar,0.0,2015-06-01,2015-06-01,,0.0,1.0,0.0,P2
P2 TNA,A: both k=5,K2013_14_bull,,,-0.14188060170706085,,calm_controls,0.700638461097048,2014-03-04,2014-05-15,,-0.14188060170706085,52.0,0.6321565815373338,P2
P2 TNA,A: both k=5,A_bull_2021,,,-0.14633759183366424,,calm_controls,0.14406425654437216,2021-11-08,2021-12-01,2021-12-01,-0.14633759183366424,17.0,0.5535067311498489,P2
P2 TNA,A: both k=5,D_recent_2025plus,,,-0.191808192587266,,calm_controls,0.5645930416336469,2026-01-22,2026-03-30,2026-03-24,-0.16460462619277516,47.0,0.6396526610397005,P2
P2 TNA,A: switch k=5,FULL,0.6411764163757337,1.1953969501535386,-0.3355791745972012,2.3421486350234413,,,,,,,,,P2
P2 TNA,A: switch k=5,E_bear_2018q4,,,-0.13357894081200505,,modern_folds,-0.08405970943291496,2018-09-04,2019-02-07,2018-10-03,-0.12827083229855696,108.0,0.9976627127256008,P2
P2 TNA,A: switch k=5,X_2020_covid,,,-0.12213160159908132,,modern_folds,0.5103691671694668,2020-09-02,2020-09-23,,-0.12213160159908132,15.0,0.48148315200461383,P2
P2 TNA,A: switch k=5,B_bear_2022,,,0.0,,modern_folds,0.012881409782865116,2022-01-03,2022-01-03,,0.0,1.0,0.0,P2
P2 TNA,A: switch k=5,E2011_eu_us,,,-0.32063821107532653,,market_factor_A0_calendar,-0.24524114775019445,2011-05-10,2011-10-03,2011-08-05,-0.234752304529117,102.0,0.6534997093321329,P2
P2 TNA,A: switch k=5,E2015_16_china,,,0.0,,market_factor_A0_calendar,0.0,2015-06-01,2015-06-01,,0.0,1.0,0.0,P2
P2 TNA,A: switch k=5,K2013_14_bull,,,-0.18084894600139867,,calm_controls,0.5972355149387603,2014-01-22,2014-05-15,,-0.18084894600139867,80.0,0.855062235405155,P2
P2 TNA,A: switch k=5,A_bull_2021,,,-0.1643707285607524,,calm_controls,0.09249846650937243,2021-11-08,2021-12-01,2021-12-01,-0.1643707285607524,17.0,0.5502676715000104,P2
P2 TNA,A: switch k=5,D_recent_2025plus,,,-0.1908610555058683,,calm_controls,0.5844291551257159,2026-01-22,2026-03-30,2026-03-24,-0.15474209475203637,47.0,0.6269875709322084,P2
P2 TNA,A: sizer k=5,FULL,0.610106159576472,1.1298554113304835,-0.26068130978437654,2.365397650113464,,,,,,,,,P2
P2 TNA,A: sizer k=5,E_bear_2018q4,,,-0.14884099571880827,,modern_folds,-0.11546249156625177,2018-09-04,2018-10-10,2018-10-10,-0.14884099571880827,27.0,1.0,P2
P2 TNA,A: sizer k=5,X_2020_covid,,,-0.21448243934988542,,modern_folds,0.25973695486184645,2020-02-13,2020-09-23,2020-02-21,-0.014980363687657205,155.0,0.7877858937426331,P2
P2 TNA,A: sizer k=5,B_bear_2022,,,0.0,,modern_folds,0.012881409782865116,2022-01-03,2022-01-03,,0.0,1.0,0.0,P2
P2 TNA,A: sizer k=5,E2011_eu_us,,,-0.24532118283693138,,market_factor_A0_calendar,-0.17369848379107344,2011-05-10,2011-10-03,2011-07-29,-0.14593447834143702,102.0,0.602340301039335,P2
P2 TNA,A: sizer k=5,E2015_16_china,,,0.0,,market_factor_A0_calendar,0.0,2015-06-01,2015-06-01,,0.0,1.0,0.0,P2
P2 TNA,A: sizer k=5,K2013_14_bull,,,-0.15466844911983246,,calm_controls,0.6132374040913786,2014-07-03,2014-08-04,2014-08-04,-0.15466844911983246,22.0,0.7114928244822513,P2
P2 TNA,A: sizer k=5,A_bull_2021,,,-0.17069049375675172,,calm_controls,0.1784351957775434,2021-11-08,2021-12-01,,-0.17069049375675172,17.0,0.5535067311498489,P2
P2 TNA,A: sizer k=5,D_recent_2025plus,,,-0.1701029768810398,,calm_controls,0.39208749779958496,2026-01-22,2026-03-31,2026-03-31,-0.1701029768810398,48.0,0.5841482831081548,P2
P2 TNA,B: t+2 next-close,FULL,0.37524057487776663,0.4159145550745676,-0.49089991883812834,5.522084139616772,,,,,,,,,P2
P2 TNA,B: t+2 next-close,E_bear_2018q4,,,-0.23883386607637946,,modern_folds,-0.21506152813092905,2018-09-04,2018-10-11,2018-10-11,-0.23883386607637946,28.0,1.0,P2
P2 TNA,B: t+2 next-close,X_2020_covid,,,-0.32533583656469356,,modern_folds,0.10066556547075356,2020-02-20,2020-09-23,2020-03-02,-0.23834928553666945,151.0,0.7722889681921269,P2
P2 TNA,B: t+2 next-close,B_bear_2022,,,0.0,,modern_folds,0.012881409782865116,2022-01-03,2022-01-03,,0.0,1.0,0.0,P2
P2 TNA,B: t+2 next-close,E2011_eu_us,,,-0.32841509528844226,,market_factor_A0_calendar,-0.2484922776444788,2011-05-10,2011-10-03,2011-08-10,-0.3025229848609323,102.0,0.5696211917473071,P2
P2 TNA,B: t+2 next-close,E2015_16_china,,,0.0,,market_factor_A0_calendar,0.0,2015-06-01,2015-06-01,,0.0,1.0,0.0,P2
P2 TNA,B: t+2 next-close,K2013_14_bull,,,-0.17699630702666558,,calm_controls,0.49023815392255954,2014-01-22,2014-05-15,,-0.17699630702666558,80.0,0.8126323455489939,P2
P2 TNA,B: t+2 next-close,A_bull_2021,,,-0.2009745651707341,,calm_controls,0.14790456947611075,2021-11-08,2021-12-01,,-0.2009745651707341,17.0,0.5866071830151118,P2
P2 TNA,B: t+2 next-close,D_recent_2025plus,,,-0.17576237260687844,,calm_controls,0.3944118219110808,2026-01-22,2026-03-30,,-0.17576237260687844,47.0,0.6262673662993216,P2
P2 TNA,B: next-open,FULL,0.38969350451531604,0.44887664992007337,-0.4704754814660571,2.1891319571278665,,,,,,,,,P2
P2 TNA,B: next-open,E_bear_2018q4,,,-0.18076993762020188,,modern_folds,-0.15530865986726128,2018-09-04,2018-10-10,2018-10-10,-0.18076993762020188,27.0,0.9976940557491303,P2
P2 TNA,B: next-open,X_2020_covid,,,-0.32320834892361416,,modern_folds,0.10344138995833574,2020-02-20,2020-09-23,2020-02-28,-0.22909498938765638,151.0,0.7865556874591189,P2
P2 TNA,B: next-open,B_bear_2022,,,0.0,,modern_folds,0.012881409782865116,2022-01-03,2022-01-03,,0.0,1.0,0.0,P2
P2 TNA,B: next-open,E2011_eu_us,,,-0.3212410681546267,,market_factor_A0_calendar,-0.2540662857231796,2011-05-10,2011-10-03,2011-08-08,-0.28694389656896924,102.0,0.5617736491063483,P2
P2 TNA,B: next-open,E2015_16_china,,,0.0,,market_factor_A0_calendar,0.0,2015-06-01,2015-06-01,,0.0,1.0,0.0,P2
P2 TNA,B: next-open,K2013_14_bull,,,-0.17462253167285935,,calm_controls,0.4844326390795981,2014-01-22,2014-08-01,,-0.17462253167285935,134.0,0.7824900609623804,P2
P2 TNA,B: next-open,A_bull_2021,,,-0.18023485412453932,,calm_controls,0.15032820011820935,2021-11-08,2021-12-01,,-0.18023485412453932,17.0,0.5221470818468804,P2
P2 TNA,B: next-open,D_recent_2025plus,,,-0.1986757443776369,,calm_controls,0.3790775593828528,2025-10-15,2026-03-30,2025-11-18,-0.11114182851813492,114.0,0.5040557359328451,P2
P2 EDC,incumbent t+1,FULL,0.23844279520958758,0.13574251382199207,-0.5228348350389247,2.682102077626871,,,,,,,,,P2
P2 EDC,incumbent t+1,E_bear_2018q4,,,0.0,,modern_folds,0.012274106120414352,2018-09-04,2018-09-04,,0.0,1.0,0.0,P2
P2 EDC,incumbent t+1,X_2020_covid,,,-0.1731881723312716,,modern_folds,0.35913958056960116,2020-02-12,2020-06-11,2020-03-02,-0.13345291440824336,84.0,0.49764782900355903,P2
P2 EDC,incumbent t+1,B_bear_2022,,,0.0,,modern_folds,0.012881409782865116,2022-01-03,2022-01-03,,0.0,1.0,0.0,P2
P2 EDC,incumbent t+1,E2011_eu_us,,,-0.337142106608306,,market_factor_A0_calendar,-0.32684517018651305,2011-05-02,2011-09-22,2011-08-09,-0.2756196440424198,101.0,0.5109390665519562,P2
P2 EDC,incumbent t+1,E2015_16_china,,,-0.047305074981789264,,market_factor_A0_calendar,0.012615313351384216,2015-06-01,2016-03-15,,-0.047305074981789264,200.0,0.0,P2
P2 EDC,incumbent t+1,K2013_14_bull,,,-0.26755105872915463,,calm_controls,-0.22474960515214693,2013-01-02,2013-06-12,2013-03-18,-0.1414282326295332,112.0,0.8637093151852135,P2
P2 EDC,incumbent t+1,A_bull_2021,,,-0.3040629623221782,,calm_controls,-0.1639540134092583,2021-02-17,2021-11-29,2021-11-29,-0.3040629623221782,199.0,0.4566302884392336,P2
P2 EDC,incumbent t+1,D_recent_2025plus,,,-0.22607587804660656,,calm_controls,0.8735590984462716,2025-02-20,2025-04-08,2025-04-08,-0.22607587804660656,34.0,0.6793319057717853,P2
P2 EDC,A: both k=1,FULL,0.3904408362164945,0.29951919318552966,-0.46098880336581427,2.7161831978021533,,,,,,,,,P2
P2 EDC,A: both k=1,E_bear_2018q4,,,0.0,,modern_folds,0.012274106120414352,2018-09-04,2018-09-04,,0.0,1.0,0.0,P2
P2 EDC,A: both k=1,X_2020_covid,,,-0.1589397007593144,,modern_folds,0.3278577394652076,2020-02-12,2020-06-11,2020-02-28,-0.12311049065686153,84.0,0.4710139356680446,P2
P2 EDC,A: both k=1,B_bear_2022,,,0.0,,modern_folds,0.012881409782865116,2022-01-03,2022-01-03,,0.0,1.0,0.0,P2
P2 EDC,A: both k=1,E2011_eu_us,,,-0.30566353027177473,,market_factor_A0_calendar,-0.28259229983883527,2011-05-02,2011-09-22,2011-08-05,-0.19753134409408502,101.0,0.5823632624097815,P2
P2 EDC,A: both k=1,E2015_16_china,,,-0.03925920534068905,,market_factor_A0_calendar,0.023461392142935633,2015-06-01,2016-03-15,,-0.03925920534068905,200.0,0.0,P2
P2 EDC,A: both k=1,K2013_14_bull,,,-0.25745160937709566,,calm_controls,-0.1990374483139069,2013-01-02,2013-06-12,2013-03-15,-0.14214926704703756,112.0,0.7244461046962809,P2
P2 EDC,A: both k=1,A_bull_2021,,,-0.26539119565415015,,calm_controls,-0.11584716240212334,2021-02-17,2021-10-04,,-0.26539119565415015,160.0,0.48877818009125495,P2
P2 EDC,A: both k=1,D_recent_2025plus,,,-0.18942557006153737,,calm_controls,1.183540608022747,2025-02-20,2025-04-08,2025-04-04,-0.15124435264453728,34.0,0.6903287230489482,P2
P2 EDC,A: switch k=1,FULL,0.303966446348586,0.21000842988394985,-0.4979005654636385,2.74122388963839,,,,,,,,,P2
P2 EDC,A: switch k=1,E_bear_2018q4,,,0.0,,modern_folds,0.012274106120414352,2018-09-04,2018-09-04,,0.0,1.0,0.0,P2
P2 EDC,A: switch k=1,X_2020_covid,,,-0.16449927698842337,,modern_folds,0.3729264613505676,2020-02-12,2020-06-11,2020-02-28,-0.12999104169938713,84.0,0.49764782900355903,P2
P2 EDC,A: switch k=1,B_bear_2022,,,0.0,,modern_folds,0.012881409782865116,2022-01-03,2022-01-03,,0.0,1.0,0.0,P2
P2 EDC,A: switch k=1,E2011_eu_us,,,-0.337142106608306,,market_factor_A0_calendar,-0.3133462526142209,2011-05-02,2011-09-22,2011-08-09,-0.2756196440424198,101.0,0.5109390665519562,P2
P2 EDC,A: switch k=1,E2015_16_china,,,-0.03868354952929742,,market_factor_A0_calendar,0.025259114515365555,2015-06-01,2016-03-15,,-0.03868354952929742,200.0,0.0,P2
P2 EDC,A: switch k=1,K2013_14_bull,,,-0.2628711372327118,,calm_controls,-0.19470116599824927,2013-01-02,2013-06-12,2013-03-15,-0.1414738000508866,112.0,0.932281740427146,P2
P2 EDC,A: switch k=1,A_bull_2021,,,-0.2670240139384258,,calm_controls,-0.10484153049546252,2021-02-17,2021-10-04,,-0.2670240139384258,160.0,0.4566302884392336,P2
P2 EDC,A: switch k=1,D_recent_2025plus,,,-0.22607587804660656,,calm_controls,0.8735590984462716,2025-02-20,2025-04-08,2025-04-08,-0.22607587804660656,34.0,0.6793319057717853,P2
P2 EDC,A: sizer k=1,FULL,0.31892917777054264,0.2048690506873498,-0.48356251386266524,2.7097023687023563,,,,,,,,,P2
P2 EDC,A: sizer k=1,E_bear_2018q4,,,0.0,,modern_folds,0.012274106120414352,2018-09-04,2018-09-04,,0.0,1.0,0.0,P2
P2 EDC,A: sizer k=1,X_2020_covid,,,-0.1615089565656963,,modern_folds,0.31987783719695684,2020-02-12,2020-06-11,2020-03-02,-0.1263854070257202,84.0,0.4710139356680446,P2
P2 EDC,A: sizer k=1,B_bear_2022,,,0.0,,modern_folds,0.012881409782865116,2022-01-03,2022-01-03,,0.0,1.0,0.0,P2
P2 EDC,A: sizer k=1,E2011_eu_us,,,-0.30566353027177473,,market_factor_A0_calendar,-0.2961648067465752,2011-05-02,2011-09-22,2011-08-05,-0.19753134409408502,101.0,0.5823632624097815,P2
P2 EDC,A: sizer k=1,E2015_16_china,,,-0.0482298077574258,,market_factor_A0_calendar,0.01331342908841715,2015-06-01,2016-03-15,,-0.0482298077574258,200.0,0.0,P2
P2 EDC,A: sizer k=1,K2013_14_bull,,,-0.2626288953119117,,calm_controls,-0.22590881508142446,2013-01-02,2013-06-12,2013-03-18,-0.14214926704703756,112.0,0.7244461046962809,P2
P2 EDC,A: sizer k=1,A_bull_2021,,,-0.29327043174549206,,calm_controls,-0.16374009780063614,2021-02-17,2021-11-29,2021-11-29,-0.29327043174549206,199.0,0.48877818009125495,P2
P2 EDC,A: sizer k=1,D_recent_2025plus,,,-0.18942557006153737,,calm_controls,1.183540608022747,2025-02-20,2025-04-08,2025-04-04,-0.15124435264453728,34.0,0.6903287230489482,P2
P2 EDC,A: both k=5,FULL,0.7041408669438185,0.9098786498198052,-0.27824369680098304,2.7356489941519997,,,,,,,,,P2
P2 EDC,A: both k=5,E_bear_2018q4,,,0.0,,modern_folds,0.012274106120414352,2018-09-04,2018-09-04,,0.0,1.0,0.0,P2
P2 EDC,A: both k=5,X_2020_covid,,,-0.09360378004131531,,modern_folds,0.5436500339968946,2020-08-28,2020-09-24,,-0.09360378004131531,19.0,0.5082038902436327,P2
P2 EDC,A: both k=5,B_bear_2022,,,0.0,,modern_folds,0.012881409782865116,2022-01-03,2022-01-03,,0.0,1.0,0.0,P2
P2 EDC,A: both k=5,E2011_eu_us,,,-0.2093374076692771,,market_factor_A0_calendar,-0.21531017468695812,2011-05-02,2011-09-22,2011-08-02,-0.13848685466873323,101.0,0.5643822894828239,P2
P2 EDC,A: both k=5,E2015_16_china,,,-0.02686815320641389,,market_factor_A0_calendar,0.06381156473559635,2016-03-21,2016-03-24,,-0.02686815320641389,4.0,0.41651831400054334,P2
P2 EDC,A: both k=5,K2013_14_bull,,,-0.18471202403316378,,calm_controls,-0.14494965372692215,2013-01-02,2013-06-05,2013-03-11,-0.14174826879113445,107.0,0.7399599718069979,P2
P2 EDC,A: both k=5,A_bull_2021,,,-0.2465785328163962,,calm_controls,-0.03519763965831124,2021-02-17,2021-08-20,,-0.2465785328163962,130.0,0.514247098187725,P2
P2 EDC,A: both k=5,D_recent_2025plus,,,-0.1459317069318995,,calm_controls,1.3729974449908728,2026-02-25,2026-03-30,,-0.1459317069318995,24.0,0.36925428923839865,P2
P2 EDC,A: switch k=5,FULL,0.47517904229791325,0.4511233193200758,-0.3615355728535389,2.726552091015708,,,,,,,,,P2
P2 EDC,A: switch k=5,E_bear_2018q4,,,0.0,,modern_folds,0.012274106120414352,2018-09-04,2018-09-04,,0.0,1.0,0.0,P2
P2 EDC,A: switch k=5,X_2020_covid,,,-0.09897737624967728,,modern_folds,0.5286936181820527,2020-08-28,2020-09-24,,-0.09897737624967728,19.0,0.5754068086852905,P2
P2 EDC,A: switch k=5,B_bear_2022,,,0.0,,modern_folds,0.012881409782865116,2022-01-03,2022-01-03,,0.0,1.0,0.0,P2
P2 EDC,A: switch k=5,E2011_eu_us,,,-0.30413155139675563,,market_factor_A0_calendar,-0.3088904588723317,2011-05-02,2011-09-22,2011-08-09,-0.2756196440424198,101.0,0.5109390665519562,P2
P2 EDC,A: switch k=5,E2015_16_china,,,-0.025187428389280564,,market_factor_A0_calendar,0.05979613723087063,2016-03-21,2016-03-24,,-0.025187428389280564,4.0,0.3903852268453048,P2
P2 EDC,A: switch k=5,K2013_14_bull,,,-0.19046388936469139,,calm_controls,-0.14539141946900314,2013-01-02,2013-06-05,2013-03-11,-0.14141433353303223,107.0,0.8428988074413075,P2
P2 EDC,A: switch k=5,A_bull_2021,,,-0.2670240139384258,,calm_controls,-0.08116092740047809,2021-02-17,2021-10-04,,-0.2670240139384258,160.0,0.4566302884392336,P2
P2 EDC,A: switch k=5,D_recent_2025plus,,,-0.22607587804660656,,calm_controls,0.8655732061451307,2025-02-20,2025-04-08,2025-04-08,-0.22607587804660656,34.0,0.6793319057717853,P2
P2 EDC,A: sizer k=5,FULL,0.4459673908809583,0.3534457903364219,-0.4358585492899647,2.743419445493715,,,,,,,,,P2
P2 EDC,A: sizer k=5,E_bear_2018q4,,,0.0,,modern_folds,0.012274106120414352,2018-09-04,2018-09-04,,0.0,1.0,0.0,P2
P2 EDC,A: sizer k=5,X_2020_covid,,,-0.15572740113541217,,modern_folds,0.3369893273975455,2020-02-12,2020-06-11,2020-03-02,-0.11903414754182362,84.0,0.4433722690696265,P2
P2 EDC,A: sizer k=5,B_bear_2022,,,0.0,,modern_folds,0.012881409782865116,2022-01-03,2022-01-03,,0.0,1.0,0.0,P2
P2 EDC,A: sizer k=5,E2011_eu_us,,,-0.24471969661474768,,market_factor_A0_calendar,-0.22790324657855188,2011-05-02,2011-09-22,2011-08-02,-0.13848685466873323,101.0,0.5643822894828239,P2
P2 EDC,A: sizer k=5,E2015_16_china,,,-0.04897644660514311,,market_factor_A0_calendar,0.0120504223357365,2015-06-01,2016-03-15,,-0.04897644660514311,200.0,0.0,P2
P2 EDC,A: sizer k=5,K2013_14_bull,,,-0.2523634341285522,,calm_controls,-0.20926774605032528,2013-01-02,2013-06-12,2013-03-18,-0.14174826879113445,112.0,0.7399599718069979,P2
P2 EDC,A: sizer k=5,A_bull_2021,,,-0.27770196172587536,,calm_controls,-0.1388222537914996,2021-02-17,2021-11-29,2021-11-29,-0.27770196172587536,199.0,0.4723303114766135,P2
P2 EDC,A: sizer k=5,D_recent_2025plus,,,-0.1459317069318995,,calm_controls,1.3729974449908728,2026-02-25,2026-03-30,,-0.1459317069318995,24.0,0.36925428923839865,P2
P2 EDC,B: t+2 next-close,FULL,0.18684769307563015,0.08890462131651768,-0.5417699401171849,6.892568362031963,,,,,,,,,P2
P2 EDC,B: t+2 next-close,E_bear_2018q4,,,0.0,,modern_folds,0.012274106120414352,2018-09-04,2018-09-04,,0.0,1.0,0.0,P2
P2 EDC,B: t+2 next-close,X_2020_covid,,,-0.14694668671130573,,modern_folds,0.36974722607071664,2020-02-12,2020-06-11,2020-03-03,-0.12972886840054088,84.0,0.49187379444642343,P2
P2 EDC,B: t+2 next-close,B_bear_2022,,,0.0,,modern_folds,0.012881409782865116,2022-01-03,2022-01-03,,0.0,1.0,0.0,P2
P2 EDC,B: t+2 next-close,E2011_eu_us,,,-0.3446273994424146,,market_factor_A0_calendar,-0.3251721253746276,2011-05-02,2011-09-22,2011-08-10,-0.2906072414864743,101.0,0.5208462873182748,P2
P2 EDC,B: t+2 next-close,E2015_16_china,,,-0.02606492290190754,,market_factor_A0_calendar,0.05797323148229361,2016-03-21,2016-03-24,,-0.02606492290190754,4.0,0.3965604306291802,P2
P2 EDC,B: t+2 next-close,K2013_14_bull,,,-0.307118600846756,,calm_controls,-0.25783448516972596,2013-01-02,2013-06-12,2013-03-19,-0.17841049764975603,112.0,0.8124131915773406,P2
P2 EDC,B: t+2 next-close,A_bull_2021,,,-0.2904244662158951,,calm_controls,-0.15210197257740798,2021-02-17,2021-11-26,,-0.2904244662158951,198.0,0.42302000092399317,P2
P2 EDC,B: t+2 next-close,D_recent_2025plus,,,-0.2256927603734472,,calm_controls,0.9543256190629821,2025-02-20,2025-04-08,,-0.2256927603734472,34.0,0.6596496898826466,P2
P2 EDC,B: next-open,FULL,0.21760017320212274,0.11236523492321285,-0.5266166239893157,2.4130651115293906,,,,,,,,,P2
P2 EDC,B: next-open,E_bear_2018q4,,,0.0,,modern_folds,0.012274106120414352,2018-09-04,2018-09-04,,0.0,1.0,0.0,P2
P2 EDC,B: next-open,X_2020_covid,,,-0.1575441687207686,,modern_folds,0.39174458836446835,2020-02-12,2020-06-11,2020-03-02,-0.12721131859312662,84.0,0.4769990138399751,P2
P2 EDC,B: next-open,B_bear_2022,,,0.0,,modern_folds,0.012881409782865116,2022-01-03,2022-01-03,,0.0,1.0,0.0,P2
P2 EDC,B: next-open,E2011_eu_us,,,-0.33281468108168977,,market_factor_A0_calendar,-0.3069576673259513,2011-05-02,2011-09-22,2011-08-09,-0.2695739666811824,101.0,0.5287386893129198,P2
P2 EDC,B: next-open,E2015_16_china,,,-0.03609436285981271,,market_factor_A0_calendar,0.029391342584229818,2015-06-01,2016-03-15,,-0.03609436285981271,200.0,0.0,P2
P2 EDC,B: next-open,K2013_14_bull,,,-0.31623664617035974,,calm_controls,-0.2634634801130533,2013-01-02,2013-06-12,2013-03-18,-0.1756179109148286,112.0,0.8093027012810695,P2
P2 EDC,B: next-open,A_bull_2021,,,-0.30278598819057023,,calm_controls,-0.15822136768716566,2021-02-17,2021-11-26,,-0.30278598819057023,198.0,0.5220824314857002,P2
P2 EDC,B: next-open,D_recent_2025plus,,,-0.2313471325231673,,calm_controls,0.9891788484265167,2025-02-20,2025-04-08,2025-04-07,-0.22159064723625266,34.0,0.7144314212820054,P2
P2 TMF,incumbent t+1,FULL,0.12044223259903723,0.06864044591478008,-0.5688658211613138,1.9825028420087452,,,,,,,,,P2
P2 TMF,incumbent t+1,E_bear_2018q4,,,0.0,,modern_folds,0.012274106120414352,2018-09-04,2018-09-04,,0.0,1.0,0.0,P2
P2 TMF,incumbent t+1,X_2020_covid,,,-0.24216805917614426,,modern_folds,0.1055963949570673,2020-03-09,2020-12-04,2020-03-20,-0.1576097291225046,190.0,0.4035548162545647,P2
P2 TMF,incumbent t+1,B_bear_2022,,,0.0,,modern_folds,0.012881409782865116,2022-01-03,2022-01-03,,0.0,1.0,0.0,P2
P2 TMF,incumbent t+1,E2011_eu_us,,,-0.11962689430352047,,market_factor_A0_calendar,0.505864526005235,2011-10-03,2011-10-27,,-0.11962689430352047,19.0,0.3199387438951615,P2
P2 TMF,incumbent t+1,E2015_16_china,,,-0.08243285300357195,,market_factor_A0_calendar,-0.0004927738263292847,2015-08-24,2015-09-02,,-0.08243285300357195,8.0,0.6859656228573374,P2
P2 TMF,incumbent t+1,K2013_14_bull,,,-0.13415425258803748,,calm_controls,0.32137281144671515,2014-08-29,2014-09-17,,-0.13415425258803748,13.0,1.0,P2
P2 TMF,incumbent t+1,A_bull_2021,,,-0.15781032708521392,,calm_controls,-0.16068343808395913,2021-01-04,2021-02-08,2021-02-08,-0.15781032708521392,25.0,0.9237622325216953,P2
P2 TMF,incumbent t+1,D_recent_2025plus,,,-0.3076235466934585,,calm_controls,-0.15810872865904313,2025-10-22,2026-08-17,,-0.3076235466934585,205.0,1.0,P2
P2 TMF,A: both k=1,FULL,0.13541324905433502,0.08546669891646398,-0.5224699885397657,2.077921673338141,,,,,,,,,P2
P2 TMF,A: both k=1,E_bear_2018q4,,,0.0,,modern_folds,0.012274106120414352,2018-09-04,2018-09-04,,0.0,1.0,0.0,P2
P2 TMF,A: both k=1,X_2020_covid,,,-0.23885815740628846,,modern_folds,0.1156406150448015,2020-08-04,2020-12-04,,-0.23885815740628846,87.0,0.8289860911147113,P2
P2 TMF,A: both k=1,B_bear_2022,,,0.0,,modern_folds,0.012881409782865116,2022-01-03,2022-01-03,,0.0,1.0,0.0,P2
P2 TMF,A: both k=1,E2011_eu_us,,,-0.11762280805245928,,market_factor_A0_calendar,0.4912251884256358,2011-10-03,2011-10-27,,-0.11762280805245928,19.0,0.3438508973896053,P2
P2 TMF,A: both k=1,E2015_16_china,,,-0.08178515914382989,,market_factor_A0_calendar,-0.034212380320491786,2015-08-24,2015-09-02,,-0.08178515914382989,8.0,0.6805741544217446,P2
P2 TMF,A: both k=1,K2013_14_bull,,,-0.12843140097137762,,calm_controls,0.27566526481930653,2014-08-29,2014-09-17,,-0.12843140097137762,13.0,1.0,P2
P2 TMF,A: both k=1,A_bull_2021,,,-0.1311694320307797,,calm_controls,-0.1341347888783263,2021-01-04,2021-02-05,2021-02-05,-0.1311694320307797,24.0,0.9241864153187913,P2
P2 TMF,A: both k=1,D_recent_2025plus,,,-0.30146628549092125,,calm_controls,-0.15381543328333647,2025-10-22,2026-08-17,,-0.30146628549092125,205.0,1.0,P2
P2 TMF,A: switch k=1,FULL,0.15037870535811904,0.09623547258114422,-0.5387243110528104,1.9546369100076884,,,,,,,,,P2
P2 TMF,A: switch k=1,E_bear_2018q4,,,0.0,,modern_folds,0.012274106120414352,2018-09-04,2018-09-04,,0.0,1.0,0.0,P2
P2 TMF,A: switch k=1,X_2020_covid,,,-0.24216805917614426,,modern_folds,0.1055963949570673,2020-03-09,2020-12-04,2020-03-20,-0.1576097291225046,190.0,0.4035548162545647,P2
P2 TMF,A: switch k=1,B_bear_2022,,,0.0,,modern_folds,0.012881409782865116,2022-01-03,2022-01-03,,0.0,1.0,0.0,P2
P2 TMF,A: switch k=1,E2011_eu_us,,,-0.11962689430352047,,market_factor_A0_calendar,0.505864526005235,2011-10-03,2011-10-27,,-0.11962689430352047,19.0,0.3199387438951615,P2
P2 TMF,A: switch k=1,E2015_16_china,,,-0.08122268114936315,,market_factor_A0_calendar,-0.03396702894335901,2015-08-24,2015-09-02,,-0.08122268114936315,8.0,0.6758920529491841,P2
P2 TMF,A: switch k=1,K2013_14_bull,,,-0.1330477819968625,,calm_controls,0.25877236284621485,2014-08-29,2014-09-17,,-0.1330477819968625,13.0,0.9832953665730483,P2
P2 TMF,A: switch k=1,A_bull_2021,,,-0.13761096797147965,,calm_controls,-0.1405529886264505,2021-01-04,2021-02-05,2021-02-05,-0.13761096797147965,24.0,0.9237622325216953,P2
P2 TMF,A: switch k=1,D_recent_2025plus,,,-0.3076235466934579,,calm_controls,-0.1560957862451976,2025-10-22,2026-08-17,,-0.3076235466934579,205.0,1.0,P2
P2 TMF,A: sizer k=1,FULL,0.09565067619947637,0.05197974794516845,-0.5524326235436525,2.081745417647456,,,,,,,,,P2
P2 TMF,A: sizer k=1,E_bear_2018q4,,,0.0,,modern_folds,0.012274106120414352,2018-09-04,2018-09-04,,0.0,1.0,0.0,P2
P2 TMF,A: sizer k=1,X_2020_covid,,,-0.23885815740628846,,modern_folds,0.1156406150448015,2020-08-04,2020-12-04,,-0.23885815740628846,87.0,0.8289860911147113,P2
P2 TMF,A: sizer k=1,B_bear_2022,,,0.0,,modern_folds,0.012881409782865116,2022-01-03,2022-01-03,,0.0,1.0,0.0,P2
P2 TMF,A: sizer k=1,E2011_eu_us,,,-0.11762280805245928,,market_factor_A0_calendar,0.4912251884256358,2011-10-03,2011-10-27,,-0.11762280805245928,19.0,0.3438508973896053,P2
P2 TMF,A: sizer k=1,E2015_16_china,,,-0.08321503876326408,,market_factor_A0_calendar,-0.0004978247671315605,2015-08-24,2015-09-02,,-0.08321503876326408,8.0,0.6924766507734514,P2
P2 TMF,A: sizer k=1,K2013_14_bull,,,-0.1284314009713775,,calm_controls,0.33847641540072293,2014-08-29,2014-09-17,,-0.1284314009713775,13.0,1.0,P2
P2 TMF,A: sizer k=1,A_bull_2021,,,-0.15149038343075039,,calm_controls,-0.15438638397960758,2021-01-04,2021-02-08,2021-02-08,-0.15149038343075039,25.0,0.9241864153187913,P2
P2 TMF,A: sizer k=1,D_recent_2025plus,,,-0.30146628549092247,,calm_controls,-0.1580791750524192,2025-10-22,2026-08-17,,-0.30146628549092247,205.0,1.0,P2
P2 TMF,A: both k=5,FULL,0.2630320546870851,0.24755223864131692,-0.4024360370458675,2.0856849304636222,,,,,,,,,P2
P2 TMF,A: both k=5,E_bear_2018q4,,,0.0,,modern_folds,0.012274106120414352,2018-09-04,2018-09-04,,0.0,1.0,0.0,P2
P2 TMF,A: both k=5,X_2020_covid,,,-0.22017056262078394,,modern_folds,0.09457457418102755,2020-08-04,2020-12-04,,-0.22017056262078394,87.0,0.8317195165482832,P2
P2 TMF,A: both k=5,B_bear_2022,,,0.0,,modern_folds,0.012881409782865116,2022-01-03,2022-01-03,,0.0,1.0,0.0,P2
P2 TMF,A: both k=5,E2011_eu_us,,,-0.12486692781975817,,market_factor_A0_calendar,0.3819950409497679,2011-10-03,2011-10-27,,-0.12486692781975817,19.0,0.3816308802563105,P2
P2 TMF,A: both k=5,E2015_16_china,,,-0.07281712355108061,,market_factor_A0_calendar,0.0169792108057496,2015-08-24,2015-08-26,,-0.07281712355108061,3.0,0.6945457086695171,P2
P2 TMF,A: both k=5,K2013_14_bull,,,-0.1299021029103411,,calm_controls,0.3571888616599874,2014-08-29,2014-09-17,,-0.1299021029103411,13.0,0.8324456265000773,P2
P2 TMF,A: both k=5,A_bull_2021,,,-0.09374316591303633,,calm_controls,-0.08294187815028842,2021-01-04,2021-01-12,,-0.09374316591303633,7.0,0.7729700704932273,P2
P2 TMF,A: both k=5,D_recent_2025plus,,,-0.30557097164055924,,calm_controls,-0.13603101546856478,2025-10-22,2026-08-17,,-0.30557097164055924,205.0,1.0,P2
P2 TMF,A: switch k=5,FULL,0.2838999336396203,0.257443664337244,-0.43064244301608834,1.929669393857566,,,,,,,,,P2
P2 TMF,A: switch k=5,E_bear_2018q4,,,0.0,,modern_folds,0.012274106120414352,2018-09-04,2018-09-04,,0.0,1.0,0.0,P2
P2 TMF,A: switch k=5,X_2020_covid,,,-0.24216805917614426,,modern_folds,0.1055963949570673,2020-03-09,2020-12-04,2020-03-20,-0.1576097291225046,190.0,0.4035548162545647,P2
P2 TMF,A: switch k=5,B_bear_2022,,,0.0,,modern_folds,0.012881409782865116,2022-01-03,2022-01-03,,0.0,1.0,0.0,P2
P2 TMF,A: switch k=5,E2011_eu_us,,,-0.11962689430352047,,market_factor_A0_calendar,0.505864526005235,2011-10-03,2011-10-27,,-0.11962689430352047,19.0,0.3199387438951615,P2
P2 TMF,A: switch k=5,E2015_16_china,,,-0.06954122958797304,,market_factor_A0_calendar,0.01614982419055777,2015-08-24,2015-08-26,,-0.06954122958797304,3.0,0.6632900266070827,P2
P2 TMF,A: switch k=5,K2013_14_bull,,,-0.13800735146551257,,calm_controls,0.3370949887863892,2014-08-29,2014-09-17,,-0.13800735146551257,13.0,0.9385193336919381,P2
P2 TMF,A: switch k=5,A_bull_2021,,,-0.10635828097371447,,calm_controls,-0.09738372454011102,2021-01-04,2021-01-12,,-0.10635828097371447,7.0,0.9237622325216953,P2
P2 TMF,A: switch k=5,D_recent_2025plus,,,-0.30762354669345715,,calm_controls,-0.1264755135043346,2025-10-22,2026-08-17,,-0.30762354669345715,205.0,1.0,P2
P2 TMF,A: sizer k=5,FULL,0.061243047161588224,0.03242598888372709,-0.5567761676856051,2.0281897773593403,,,,,,,,,P2
P2 TMF,A: sizer k=5,E_bear_2018q4,,,0.0,,modern_folds,0.012274106120414352,2018-09-04,2018-09-04,,0.0,1.0,0.0,P2
P2 TMF,A: sizer k=5,X_2020_covid,,,-0.22017056262078394,,modern_folds,0.09457457418102755,2020-08-04,2020-12-04,,-0.22017056262078394,87.0,0.8317195165482832,P2
P2 TMF,A: sizer k=5,B_bear_2022,,,0.0,,modern_folds,0.012881409782865116,2022-01-03,2022-01-03,,0.0,1.0,0.0,P2
P2 TMF,A: sizer k=5,E2011_eu_us,,,-0.12486692781975817,,market_factor_A0_calendar,0.3819950409497679,2011-10-03,2011-10-27,,-0.12486692781975817,19.0,0.3816308802563105,P2
P2 TMF,A: sizer k=5,E2015_16_china,,,-0.07761035164556873,,market_factor_A0_calendar,-0.00046179997923345706,2015-08-24,2015-09-02,,-0.07761035164556873,8.0,0.6458232777890397,P2
P2 TMF,A: sizer k=5,K2013_14_bull,,,-0.1412669145251897,,calm_controls,0.2957302926930301,2014-08-29,2014-09-17,,-0.1412669145251897,13.0,0.9607459329024322,P2
P2 TMF,A: sizer k=5,A_bull_2021,,,-0.14404758725248423,,calm_controls,-0.14649098736384236,2021-01-04,2021-02-08,2021-02-08,-0.14404758725248423,25.0,0.7729700704932273,P2
P2 TMF,A: sizer k=5,D_recent_2025plus,,,-0.30557097164055824,,calm_controls,-0.1579557606650649,2025-10-22,2026-08-17,,-0.30557097164055824,205.0,1.0,P2
P2 TMF,B: t+2 next-close,FULL,0.13177283711572735,0.07541268198631418,-0.5426373749072024,5.133900609237994,,,,,,,,,P2
P2 TMF,B: t+2 next-close,E_bear_2018q4,,,0.0,,modern_folds,0.012274106120414352,2018-09-04,2018-09-04,,0.0,1.0,0.0,P2
P2 TMF,B: t+2 next-close,X_2020_covid,,,-0.218372554894377,,modern_folds,0.19933265655975996,2020-08-04,2020-12-04,,-0.218372554894377,87.0,0.839184677967034,P2
P2 TMF,B: t+2 next-close,B_bear_2022,,,0.0,,modern_folds,0.012881409782865116,2022-01-03,2022-01-03,,0.0,1.0,0.0,P2
P2 TMF,B: t+2 next-close,E2011_eu_us,,,-0.12428617046482326,,market_factor_A0_calendar,0.5202111999638115,2011-10-03,2011-10-27,,-0.12428617046482326,19.0,0.3591568266646681,P2
P2 TMF,B: t+2 next-close,E2015_16_china,,,-0.08521390501124271,,market_factor_A0_calendar,-0.01320076252609459,2015-08-24,2015-09-09,2015-09-09,-0.08521390501124271,12.0,0.6639920998431795,P2
P2 TMF,B: t+2 next-close,K2013_14_bull,,,-0.13571012386136605,,calm_controls,0.22889747169354902,2014-08-29,2014-09-17,,-0.13571012386136605,13.0,1.0,P2
P2 TMF,B: t+2 next-close,A_bull_2021,,,-0.16182971525492784,,calm_controls,-0.15474646229689615,2021-01-04,2021-02-05,,-0.16182971525492784,24.0,0.9234414880639336,P2
P2 TMF,B: t+2 next-close,D_recent_2025plus,,,-0.3063928330378265,,calm_controls,-0.1445380937672921,2025-10-22,2026-08-17,,-0.3063928330378265,205.0,1.0,P2
P2 TMF,B: next-open,FULL,0.14950573373068712,0.08760504550158092,-0.539089394236288,1.9881962639809245,,,,,,,,,P2
P2 TMF,B: next-open,E_bear_2018q4,,,0.0,,modern_folds,0.012274106120414352,2018-09-04,2018-09-04,,0.0,1.0,0.0,P2
P2 TMF,B: next-open,X_2020_covid,,,-0.22425685104073356,,modern_folds,0.23977916233107543,2020-08-04,2020-12-04,,-0.22425685104073356,87.0,0.735849090654958,P2
P2 TMF,B: next-open,B_bear_2022,,,0.0,,modern_folds,0.012881409782865116,2022-01-03,2022-01-03,,0.0,1.0,0.0,P2
P2 TMF,B: next-open,E2011_eu_us,,,-0.11380564901298484,,market_factor_A0_calendar,0.5136530434807431,2011-10-03,2011-10-27,,-0.11380564901298484,19.0,0.3227055106270647,P2
P2 TMF,B: next-open,E2015_16_china,,,-0.08113587773883235,,market_factor_A0_calendar,-0.005994246049095375,2015-08-24,2015-09-02,,-0.08113587773883235,8.0,0.6816697529004881,P2
P2 TMF,B: next-open,K2013_14_bull,,,-0.13249627405258446,,calm_controls,0.2757752170661196,2014-08-29,2014-09-17,,-0.13249627405258446,13.0,1.0,P2
P2 TMF,B: next-open,A_bull_2021,,,-0.16329441451123683,,calm_controls,-0.16170114980600248,2021-01-04,2021-02-05,,-0.16329441451123683,24.0,0.7934308986585993,P2
P2 TMF,B: next-open,D_recent_2025plus,,,-0.3058392798235847,,calm_controls,-0.1316285586785898,2025-10-22,2026-08-17,,-0.3058392798235847,205.0,1.0,P2
P2 UGL,incumbent t+1,FULL,0.4071945312057296,0.2425613641994198,-0.5547280760728177,2.8627972721340877,,,,,,,,,P2
P2 UGL,incumbent t+1,E_bear_2018q4,,,-0.043564356435643714,,modern_folds,0.10764975378308916,2019-02-19,2019-02-28,,-0.043564356435643714,8.0,1.0,P2
P2 UGL,incumbent t+1,X_2020_covid,,,-0.2648099455577243,,modern_folds,0.17850573015207916,2020-08-06,2020-11-30,,-0.2648099455577243,81.0,1.0,P2
P2 UGL,incumbent t+1,B_bear_2022,,,-0.13260234908759838,,modern_folds,-0.010788204791340017,2022-03-08,2022-04-25,,-0.13260234908759838,34.0,1.0,P2
P2 UGL,incumbent t+1,E2011_eu_us,,,-0.23398966105929542,,market_factor_A0_calendar,0.042769306463013246,2011-08-22,2011-12-30,2011-12-30,-0.23398966105929542,92.0,0.7087277341606484,P2
P2 UGL,incumbent t+1,E2015_16_china,,,-0.060361037680447316,,market_factor_A0_calendar,-0.0033869373307615636,2016-03-10,2016-03-24,,-0.060361037680447316,11.0,0.7101892746101937,P2
P2 UGL,incumbent t+1,K2013_14_bull,,,-0.06949000799360494,,calm_controls,-0.04504435107137095,2014-07-11,2014-07-25,2014-07-25,-0.06949000799360494,11.0,1.0,P2
P2 UGL,incumbent t+1,A_bull_2021,,,-0.22020895104631077,,calm_controls,-0.18312586600793257,2021-01-05,2021-06-14,2021-03-01,-0.20444896790571487,111.0,0.9246000888156897,P2
P2 UGL,incumbent t+1,D_recent_2025plus,,,-0.28948700229823543,,calm_controls,1.4021094326511525,2026-01-29,2026-06-10,,-0.28948700229823543,92.0,0.5270895583375933,P2
P2 UGL,A: both k=1,FULL,0.5402309438404104,0.4254670192425045,-0.49079845451409876,2.838487884244734,,,,,,,,,P2
P2 UGL,A: both k=1,E_bear_2018q4,,,-0.0435643564356436,,modern_folds,0.09503057156943617,2019-02-19,2019-02-28,,-0.0435643564356436,8.0,1.0,P2
P2 UGL,A: both k=1,X_2020_covid,,,-0.20008031887199107,,modern_folds,0.28730542320453356,2020-08-06,2020-11-30,,-0.20008031887199107,81.0,1.0,P2
P2 UGL,A: both k=1,B_bear_2022,,,-0.11943862817583739,,modern_folds,0.003245905109166891,2022-03-08,2022-04-26,2022-04-26,-0.11943862817583739,35.0,0.7978652412214685,P2
P2 UGL,A: both k=1,E2011_eu_us,,,-0.19511244281201212,,market_factor_A0_calendar,0.09029323045785143,2011-08-22,2011-12-29,2011-12-29,-0.19511244281201212,91.0,0.7218640914643267,P2
P2 UGL,A: both k=1,E2015_16_china,,,-0.06012177050228329,,market_factor_A0_calendar,-0.013120311495964265,2016-03-10,2016-03-24,,-0.06012177050228329,11.0,0.7073079532906755,P2
P2 UGL,A: both k=1,K2013_14_bull,,,-0.06634692246203033,,calm_controls,-0.036455002943722836,2014-07-11,2014-07-15,,-0.06634692246203033,3.0,1.0,P2
P2 UGL,A: both k=1,A_bull_2021,,,-0.1663124429925925,,calm_controls,-0.11961439343062741,2021-01-05,2021-06-09,2021-02-26,-0.15596741246542478,108.0,0.8957485474688218,P2
P2 UGL,A: both k=1,D_recent_2025plus,,,-0.23528661677250573,,calm_controls,1.4656947663093431,2026-01-29,2026-06-10,2026-02-02,-0.07660158303923836,92.0,0.5450734742211689,P2
P2 UGL,A: switch k=1,FULL,0.4383479107616739,0.2895536862964479,-0.5297874962673237,2.804320576312736,,,,,,,,,P2
P2 UGL,A: switch k=1,E_bear_2018q4,,,-0.0435643564356436,,modern_folds,0.09503057156943617,2019-02-19,2019-02-28,,-0.0435643564356436,8.0,1.0,P2
P2 UGL,A: switch k=1,X_2020_covid,,,-0.2648099455577243,,modern_folds,0.17850573015207916,2020-08-06,2020-11-30,,-0.2648099455577243,81.0,1.0,P2
P2 UGL,A: switch k=1,B_bear_2022,,,-0.13325021360426414,,modern_folds,-0.0011203033979242383,2022-03-08,2022-04-26,2022-04-26,-0.13325021360426414,35.0,1.0,P2
P2 UGL,A: switch k=1,E2011_eu_us,,,-0.22854311098509128,,market_factor_A0_calendar,0.050183691040834866,2011-08-22,2011-12-29,2011-12-29,-0.22854311098509128,91.0,0.7087277341606484,P2
P2 UGL,A: switch k=1,E2015_16_china,,,-0.058811753160949554,,market_factor_A0_calendar,-0.012825299486416752,2016-03-10,2016-03-24,,-0.058811753160949554,11.0,0.6915419148900755,P2
P2 UGL,A: switch k=1,K2013_14_bull,,,-0.06634692246203033,,calm_controls,-0.036455002943722836,2014-07-11,2014-07-15,,-0.06634692246203033,3.0,1.0,P2
P2 UGL,A: switch k=1,A_bull_2021,,,-0.18099480748668595,,calm_controls,-0.133841526763687,2021-01-05,2021-06-09,2021-02-26,-0.17083196692700164,108.0,0.9246000888156897,P2
P2 UGL,A: switch k=1,D_recent_2025plus,,,-0.28948700229823543,,calm_controls,1.3241712925569051,2026-01-29,2026-06-10,,-0.28948700229823543,92.0,0.5270895583375933,P2
P2 UGL,A: sizer k=1,FULL,0.4947542410020639,0.34334360209992365,-0.5336862065797106,2.8718854522258646,,,,,,,,,P2
P2 UGL,A: sizer k=1,E_bear_2018q4,,,-0.043564356435643714,,modern_folds,0.10764975378308916,2019-02-19,2019-02-28,,-0.043564356435643714,8.0,1.0,P2
P2 UGL,A: sizer k=1,X_2020_covid,,,-0.20008031887199107,,modern_folds,0.28730542320453356,2020-08-06,2020-11-30,,-0.20008031887199107,81.0,1.0,P2
P2 UGL,A: sizer k=1,B_bear_2022,,,-0.11876373721416256,,modern_folds,-0.006820832870363724,2022-03-08,2022-04-25,,-0.11876373721416256,34.0,0.7978652412214685,P2
P2 UGL,A: sizer k=1,E2011_eu_us,,,-0.20042681138518392,,market_factor_A0_calendar,0.08309443600794064,2011-08-22,2011-12-30,2011-12-30,-0.20042681138518392,92.0,0.7218640914643267,P2
P2 UGL,A: sizer k=1,E2015_16_china,,,-0.06173743510092833,,market_factor_A0_calendar,-0.003467418958059465,2016-03-10,2016-03-24,,-0.06173743510092833,11.0,0.726774709297643,P2
P2 UGL,A: sizer k=1,K2013_14_bull,,,-0.06949000799360494,,calm_controls,-0.04504435107137095,2014-07-11,2014-07-25,2014-07-25,-0.06949000799360494,11.0,1.0,P2
P2 UGL,A: sizer k=1,A_bull_2021,,,-0.20623312949896444,,calm_controls,-0.16971196673321343,2021-01-05,2021-06-14,2021-03-01,-0.19019068772761383,111.0,0.8957485474688218,P2
P2 UGL,A: sizer k=1,D_recent_2025plus,,,-0.23528661677250573,,calm_controls,1.5453879862012334,2026-01-29,2026-06-10,2026-02-02,-0.07660158303923836,92.0,0.5450734742211689,P2
P2 UGL,A: both k=5,FULL,0.7311717638866858,0.9260080205586797,-0.345935403737204,2.8893712865785424,,,,,,,,,P2
P2 UGL,A: both k=5,E_bear_2018q4,,,-0.04356435643564349,,modern_folds,0.09830917533995254,2019-02-19,2019-02-28,,-0.04356435643564349,8.0,1.0,P2
P2 UGL,A: both k=5,X_2020_covid,,,-0.1994660536472571,,modern_folds,0.2992242446577267,2020-08-06,2020-11-30,,-0.1994660536472571,81.0,0.569864634231948,P2
P2 UGL,A: both k=5,B_bear_2022,,,-0.09474975359751914,,modern_folds,0.0772911062446644,2022-03-08,2022-04-05,,-0.09474975359751914,21.0,0.8059741520763488,P2
P2 UGL,A: both k=5,E2011_eu_us,,,-0.20074654128493685,,market_factor_A0_calendar,0.103317620823419,2011-08-22,2011-12-15,,-0.20074654128493685,82.0,0.5799448246600792,P2
P2 UGL,A: both k=5,E2015_16_china,,,-0.06055037352546955,,market_factor_A0_calendar,-0.004697170573122356,2016-03-10,2016-03-24,,-0.06055037352546955,11.0,0.7124696912149349,P2
P2 UGL,A: both k=5,K2013_14_bull,,,-0.06634692246203033,,calm_controls,0.003352050330919676,2014-07-11,2014-07-15,,-0.06634692246203033,3.0,1.0,P2
P2 UGL,A: both k=5,A_bull_2021,,,-0.1614714236425372,,calm_controls,-0.11260121303491055,2021-01-05,2021-06-03,2021-02-22,-0.14051534684997213,104.0,0.7091409747491919,P2
P2 UGL,A: both k=5,D_recent_2025plus,,,-0.19249777141248825,,calm_controls,1.562509162809306,2026-01-29,2026-06-05,,-0.19249777141248825,89.0,0.31677991275884526,P2
P2 UGL,A: switch k=5,FULL,0.6474247044076107,0.6478069352732796,-0.38722157900514353,2.8511837103288236,,,,,,,,,P2
P2 UGL,A: switch k=5,E_bear_2018q4,,,-0.04356435643564349,,modern_folds,0.09830917533995254,2019-02-19,2019-02-28,,-0.04356435643564349,8.0,1.0,P2
P2 UGL,A: switch k=5,X_2020_covid,,,-0.2648099455577243,,modern_folds,0.17850573015207916,2020-08-06,2020-11-30,,-0.2648099455577243,81.0,1.0,P2
P2 UGL,A: switch k=5,B_bear_2022,,,-0.10670437198342231,,modern_folds,0.08040703752681866,2022-03-08,2022-04-05,,-0.10670437198342231,21.0,1.0,P2
P2 UGL,A: switch k=5,E2011_eu_us,,,-0.21964039906653665,,market_factor_A0_calendar,0.10337384127303295,2011-08-22,2011-12-15,,-0.21964039906653665,82.0,0.7087277341606484,P2
P2 UGL,A: switch k=5,E2015_16_china,,,-0.06233323477599084,,market_factor_A0_calendar,-0.009791641386006633,2016-03-10,2016-03-24,,-0.06233323477599084,11.0,0.6528927483752855,P2
P2 UGL,A: switch k=5,K2013_14_bull,,,-0.06634692246203033,,calm_controls,0.003352050330919676,2014-07-11,2014-07-15,,-0.06634692246203033,3.0,1.0,P2
P2 UGL,A: switch k=5,A_bull_2021,,,-0.18637942924255513,,calm_controls,-0.12930306981870965,2021-01-05,2021-06-03,2021-02-22,-0.16601643265809252,104.0,0.9246000888156897,P2
P2 UGL,A: switch k=5,D_recent_2025plus,,,-0.23635582245768527,,calm_controls,1.6530699839496399,2026-01-29,2026-06-05,,-0.23635582245768527,89.0,0.5270895583375933,P2
P2 UGL,A: sizer k=5,FULL,0.4670088862900729,0.3220269117447354,-0.5275543220552517,2.920000237349998,,,,,,,,,P2
P2 UGL,A: sizer k=5,E_bear_2018q4,,,-0.043564356435643714,,modern_folds,0.10764975378308916,2019-02-19,2019-02-28,,-0.043564356435643714,8.0,1.0,P2
P2 UGL,A: sizer k=5,X_2020_covid,,,-0.1994660536472571,,modern_folds,0.2992242446577267,2020-08-06,2020-11-30,,-0.1994660536472571,81.0,0.569864634231948,P2
P2 UGL,A: sizer k=5,B_bear_2022,,,-0.1246820687579917,,modern_folds,-0.03409020355534531,2022-03-08,2022-04-25,,-0.1246820687579917,34.0,0.7160938968652175,P2
P2 UGL,A: sizer k=5,E2011_eu_us,,,-0.21514307231088103,,market_factor_A0_calendar,0.04390867876589333,2011-08-22,2011-12-30,2011-12-30,-0.21514307231088103,92.0,0.5799448246600792,P2
P2 UGL,A: sizer k=5,E2015_16_china,,,-0.06531473106307184,,market_factor_A0_calendar,-0.0036773013080710903,2016-03-10,2016-03-24,,-0.06531473106307184,11.0,0.7699643870914322,P2
P2 UGL,A: sizer k=5,K2013_14_bull,,,-0.06949000799360494,,calm_controls,-0.04504435107137095,2014-07-11,2014-07-25,2014-07-25,-0.06949000799360494,11.0,1.0,P2
P2 UGL,A: sizer k=5,A_bull_2021,,,-0.19303946075039924,,calm_controls,-0.16404082825654476,2021-01-05,2021-06-14,2021-03-01,-0.18033241405164646,111.0,0.7091409747491919,P2
P2 UGL,A: sizer k=5,D_recent_2025plus,,,-0.23647019411267534,,calm_controls,1.347077028136606,2026-01-29,2026-06-10,,-0.23647019411267534,92.0,0.31677991275884526,P2
P2 UGL,B: t+2 next-close,FULL,0.35100847608018193,0.20637618710466668,-0.5263700894796429,4.974209551867131,,,,,,,,,P2
P2 UGL,B: t+2 next-close,E_bear_2018q4,,,-0.04356435643564338,,modern_folds,0.07467796551219852,2019-02-19,2019-02-28,,-0.04356435643564338,8.0,1.0,P2
P2 UGL,B: t+2 next-close,X_2020_covid,,,-0.2643074728485212,,modern_folds,0.1671034132235072,2020-08-06,2020-11-30,,-0.2643074728485212,81.0,1.0,P2
P2 UGL,B: t+2 next-close,B_bear_2022,,,-0.1622672269258505,,modern_folds,-0.07706878028976405,2022-03-08,2022-04-28,2022-04-28,-0.1622672269258505,37.0,0.9923633530299832,P2
P2 UGL,B: t+2 next-close,E2011_eu_us,,,-0.26446996377227283,,market_factor_A0_calendar,0.015639941580577466,2011-08-22,2011-12-29,,-0.26446996377227283,91.0,0.7066402443921571,P2
P2 UGL,B: t+2 next-close,E2015_16_china,,,-0.05920075282102999,,market_factor_A0_calendar,-0.009386572856856068,2016-03-10,2016-03-24,,-0.05920075282102999,11.0,0.7187301531992949,P2
P2 UGL,B: t+2 next-close,K2013_14_bull,,,-0.06874500399680228,,calm_controls,-0.02292920111750152,2014-07-11,2014-07-24,,-0.06874500399680228,10.0,1.0,P2
P2 UGL,B: t+2 next-close,A_bull_2021,,,-0.23800222881616628,,calm_controls,-0.19992385526164758,2021-01-05,2021-06-15,2021-03-02,-0.21622510711426735,112.0,0.9457470297712237,P2
P2 UGL,B: t+2 next-close,D_recent_2025plus,,,-0.29768558908799225,,calm_controls,1.318502934664557,2026-01-29,2026-06-10,2026-02-03,-0.14645166731052828,92.0,0.66671094025791,P2
P2 UGL,B: next-open,FULL,0.39231239073780694,0.24641526437488373,-0.5306365322070826,2.792602611723056,,,,,,,,,P2
P2 UGL,B: next-open,E_bear_2018q4,,,-0.043564356435643936,,modern_folds,0.07946062479438343,2019-02-19,2019-02-28,,-0.043564356435643936,8.0,1.0,P2
P2 UGL,B: next-open,X_2020_covid,,,-0.2466424177338994,,modern_folds,0.2133582221973105,2020-08-06,2020-11-30,,-0.2466424177338994,81.0,1.0,P2
P2 UGL,B: next-open,B_bear_2022,,,-0.1558654199908821,,modern_folds,-0.0525367147720498,2022-03-08,2022-04-27,2022-04-27,-0.1558654199908821,36.0,1.0,P2
P2 UGL,B: next-open,E2011_eu_us,,,-0.23175409717444473,,market_factor_A0_calendar,0.0665469408177708,2011-08-22,2011-12-29,,-0.23175409717444473,91.0,0.7013332242225546,P2
P2 UGL,B: next-open,E2015_16_china,,,-0.0596725794419144,,market_factor_A0_calendar,-0.0054324017079897535,2016-03-10,2016-03-24,,-0.0596725794419144,11.0,0.7074696785961019,P2
P2 UGL,B: next-open,K2013_14_bull,,,-0.06874500399680228,,calm_controls,-0.03945736877283268,2014-07-11,2014-07-24,,-0.06874500399680228,10.0,1.0,P2
P2 UGL,B: next-open,A_bull_2021,,,-0.23753251148734145,,calm_controls,-0.2013581595058357,2021-01-05,2021-06-14,2021-03-01,-0.2053547626751635,111.0,0.9200605190240957,P2
P2 UGL,B: next-open,D_recent_2025plus,,,-0.2976187615005199,,calm_controls,1.328355210232976,2026-01-29,2026-06-10,,-0.2976187615005199,92.0,0.5270895583375933,P2
