vehicle,arm,episode,Sharpe,Martin,MaxDD,Turnover/yr,Flips/yr,group,Return,peak,trough,react_day,DD_before_reaction,days_peak_to_trough,w_at_peak,panel
P0 MKT,incumbent,FULL,0.6000682581147649,1.184939619974874,-0.30925589783833873,2.2723784277420433,1.7198933850254423,,,,,,,,,P0
P0 MKT,incumbent,E_bear_2018q4,-1.6344304427900773,,-0.06802206002059918,,,modern_folds,-0.04015215952754003,2018-09-20,2018-10-11,,-0.06802206002059918,16.0,1.0,P0
P0 MKT,incumbent,X_2020_covid,1.1987557680219754,,-0.08222259128229248,,,modern_folds,0.10146292371989252,2020-02-19,2020-02-28,2020-02-28,-0.08222259128229248,8.0,0.8557398502655108,P0
P0 MKT,incumbent,B_bear_2022,-2.1679328200035846,,-0.05494146463440286,,,modern_folds,-0.04066054472919389,2022-01-03,2022-08-24,2022-01-20,-0.03593083037600775,162.0,0.5565109065486581,P0
P0 MKT,incumbent,E1973_oil_bear,-1.9165370400446016,,-0.11580341132620231,,,market_factor_A0_calendar,-0.018293164040985244,1973-01-11,1973-11-07,1973-03-23,-0.11253756667842119,209.0,1.0,P0
P0 MKT,incumbent,E1987_crash,-0.6242441629408162,,-0.06139283765887882,,,market_factor_A0_calendar,0.004397020580227284,1987-08-25,1987-10-13,1987-09-21,-0.05341560040762228,35.0,0.8620315890779868,P0
P0 MKT,incumbent,E1990_recession,0.09764324854939462,,-0.03576539262682721,,,market_factor_A0_calendar,0.06371655242543595,1990-07-16,1990-07-27,,-0.03576539262682721,10.0,0.8494312885800077,P0
P0 MKT,incumbent,E1997_asia,0.423927167733965,,-0.0704397198003236,,,market_factor_A0_calendar,0.05507963516606429,1997-10-07,1997-10-27,,-0.0704397198003236,15.0,0.6988347731516081,P0
P0 MKT,incumbent,E1998_ltcm,-0.11258085685269793,,-0.07870826999375069,,,market_factor_A0_calendar,0.01782558795722422,1998-07-17,1998-08-05,1998-08-05,-0.07870826999375069,14.0,0.7306490263121221,P0
P0 MKT,incumbent,E2000_02_dotcom,-0.7073626800980651,,-0.03010624145117835,,,market_factor_A0_calendar,0.07930241579013408,2000-07-03,2000-07-27,2000-07-07,-0.006800686721731286,18.0,0.42455999175653913,P0
P0 MKT,incumbent,E2007_09_gfc,-0.32074741500009324,,-0.0855485734775463,,,market_factor_A0_calendar,-0.0066214996659770264,2007-10-09,2008-01-22,,-0.0855485734775463,72.0,0.6139776556004788,P0
P0 MKT,incumbent,E2011_eu_us,-1.0856867979269482,,-0.11759029282910527,,,market_factor_A0_calendar,-0.08131235501170064,2011-05-02,2011-10-03,2011-08-05,-0.0869103455452741,108.0,0.9096460222973562,P0
P0 MKT,incumbent,E2015_16_china,,,0.0,,,market_factor_A0_calendar,0.0,2015-06-01,2015-06-01,,0.0,1.0,0.0,P0
P0 MKT,incumbent,K1995_99_bull,1.0757924613613357,,-0.10321033558536352,,,calm_controls,1.0222650735715235,1999-07-16,1999-10-15,1999-08-10,-0.061904514262706045,65.0,0.6785500668650531,P0
P0 MKT,incumbent,K2013_14_bull,1.2560083382339036,,-0.05282843058320319,,,calm_controls,0.2558956324864945,2014-01-15,2014-02-03,,-0.05282843058320319,13.0,1.0,P0
P0 MKT,incumbent,A_bull_2021,1.2621937619180383,,-0.04841861911750178,,,calm_controls,0.13283476056786836,2021-11-08,2021-12-01,,-0.04841861911750178,17.0,0.8683414935778978,P0
P0 MKT,incumbent,D_recent_2025plus,0.6196015458565328,,-0.07297460621852914,,,calm_controls,0.15497194002973536,2025-02-19,2025-03-14,2025-03-14,-0.07297460621852914,18.0,0.7565083526360216,P0
P0 MKT,E_2s,FULL,0.5881686267738263,1.1182550768220727,-0.31043888936286446,2.4810467174604,1.9844923673370487,,,,,,,,,P0
P0 MKT,E_2s,E_bear_2018q4,-1.6344304427900773,,-0.06802206002059918,,,modern_folds,-0.04015215952754003,2018-09-20,2018-10-11,,-0.06802206002059918,16.0,1.0,P0
P0 MKT,E_2s,X_2020_covid,1.1987557680219754,,-0.08222259128229248,,,modern_folds,0.10146292371989252,2020-02-19,2020-02-28,2020-02-28,-0.08222259128229248,8.0,0.8557398502655108,P0
P0 MKT,E_2s,B_bear_2022,-2.1679328200035846,,-0.05494146463440286,,,modern_folds,-0.04066054472919389,2022-01-03,2022-08-24,2022-01-20,-0.03593083037600775,162.0,0.5565109065486581,P0
P0 MKT,E_2s,E1973_oil_bear,-2.203604048110701,,-0.10509522830619422,,,market_factor_A0_calendar,-0.006404069911802535,1973-01-11,1973-11-07,1973-02-05,-0.059351741025729154,209.0,1.0,P0
P0 MKT,E_2s,E1987_crash,-0.6242441629408162,,-0.06139283765887882,,,market_factor_A0_calendar,0.004397020580227284,1987-08-25,1987-10-13,1987-09-21,-0.05341560040762228,35.0,0.8620315890779868,P0
P0 MKT,E_2s,E1990_recession,0.09764324854939462,,-0.03576539262682721,,,market_factor_A0_calendar,0.06371655242543595,1990-07-16,1990-07-27,,-0.03576539262682721,10.0,0.8494312885800077,P0
P0 MKT,E_2s,E1997_asia,0.423927167733965,,-0.0704397198003236,,,market_factor_A0_calendar,0.05507963516606429,1997-10-07,1997-10-27,,-0.0704397198003236,15.0,0.6988347731516081,P0
P0 MKT,E_2s,E1998_ltcm,-0.11258085685269793,,-0.07870826999375069,,,market_factor_A0_calendar,0.01782558795722422,1998-07-17,1998-08-05,1998-08-05,-0.07870826999375069,14.0,0.7306490263121221,P0
P0 MKT,E_2s,E2000_02_dotcom,-0.7073626800980651,,-0.03010624145117835,,,market_factor_A0_calendar,0.07930241579013408,2000-07-03,2000-07-27,2000-07-07,-0.006800686721731286,18.0,0.42455999175653913,P0
P0 MKT,E_2s,E2007_09_gfc,-0.32074741500009324,,-0.0855485734775463,,,market_factor_A0_calendar,-0.0066214996659770264,2007-10-09,2008-01-22,,-0.0855485734775463,72.0,0.6139776556004788,P0
P0 MKT,E_2s,E2011_eu_us,-1.0856867979269482,,-0.11759029282910527,,,market_factor_A0_calendar,-0.08131235501170064,2011-05-02,2011-10-03,2011-08-05,-0.0869103455452741,108.0,0.9096460222973562,P0
P0 MKT,E_2s,E2015_16_china,,,0.0,,,market_factor_A0_calendar,0.0,2015-06-01,2015-06-01,,0.0,1.0,0.0,P0
P0 MKT,E_2s,K1995_99_bull,1.105669872426046,,-0.09380922285899207,,,calm_controls,1.0412111620952405,1999-07-16,1999-10-15,1999-08-10,-0.061904514262706045,65.0,0.6785500668650531,P0
P0 MKT,E_2s,K2013_14_bull,1.2560083382339036,,-0.05282843058320319,,,calm_controls,0.2558956324864945,2014-01-15,2014-02-03,,-0.05282843058320319,13.0,1.0,P0
P0 MKT,E_2s,A_bull_2021,1.2621937619180383,,-0.04841861911750178,,,calm_controls,0.13283476056786836,2021-11-08,2021-12-01,,-0.04841861911750178,17.0,0.8683414935778978,P0
P0 MKT,E_2s,D_recent_2025plus,0.6196015458565328,,-0.07297460621852914,,,calm_controls,0.15497194002973536,2025-02-19,2025-03-14,2025-03-14,-0.07297460621852914,18.0,0.7565083526360216,P0
P0 MKT,E_3s,FULL,0.6000682581147649,1.184939619974874,-0.30925589783833873,2.2723784277420433,1.7198933850254423,,,,,,,,,P0
P0 MKT,E_3s,E_bear_2018q4,-1.6344304427900773,,-0.06802206002059918,,,modern_folds,-0.04015215952754003,2018-09-20,2018-10-11,,-0.06802206002059918,16.0,1.0,P0
P0 MKT,E_3s,X_2020_covid,1.1987557680219754,,-0.08222259128229248,,,modern_folds,0.10146292371989252,2020-02-19,2020-02-28,2020-02-28,-0.08222259128229248,8.0,0.8557398502655108,P0
P0 MKT,E_3s,B_bear_2022,-2.1679328200035846,,-0.05494146463440286,,,modern_folds,-0.04066054472919389,2022-01-03,2022-08-24,2022-01-20,-0.03593083037600775,162.0,0.5565109065486581,P0
P0 MKT,E_3s,E1973_oil_bear,-1.9165370400446016,,-0.11580341132620231,,,market_factor_A0_calendar,-0.018293164040985244,1973-01-11,1973-11-07,1973-03-23,-0.11253756667842119,209.0,1.0,P0
P0 MKT,E_3s,E1987_crash,-0.6242441629408162,,-0.06139283765887882,,,market_factor_A0_calendar,0.004397020580227284,1987-08-25,1987-10-13,1987-09-21,-0.05341560040762228,35.0,0.8620315890779868,P0
P0 MKT,E_3s,E1990_recession,0.09764324854939462,,-0.03576539262682721,,,market_factor_A0_calendar,0.06371655242543595,1990-07-16,1990-07-27,,-0.03576539262682721,10.0,0.8494312885800077,P0
P0 MKT,E_3s,E1997_asia,0.423927167733965,,-0.0704397198003236,,,market_factor_A0_calendar,0.05507963516606429,1997-10-07,1997-10-27,,-0.0704397198003236,15.0,0.6988347731516081,P0
P0 MKT,E_3s,E1998_ltcm,-0.11258085685269793,,-0.07870826999375069,,,market_factor_A0_calendar,0.01782558795722422,1998-07-17,1998-08-05,1998-08-05,-0.07870826999375069,14.0,0.7306490263121221,P0
P0 MKT,E_3s,E2000_02_dotcom,-0.7073626800980651,,-0.03010624145117835,,,market_factor_A0_calendar,0.07930241579013408,2000-07-03,2000-07-27,2000-07-07,-0.006800686721731286,18.0,0.42455999175653913,P0
P0 MKT,E_3s,E2007_09_gfc,-0.32074741500009324,,-0.0855485734775463,,,market_factor_A0_calendar,-0.0066214996659770264,2007-10-09,2008-01-22,,-0.0855485734775463,72.0,0.6139776556004788,P0
P0 MKT,E_3s,E2011_eu_us,-1.0856867979269482,,-0.11759029282910527,,,market_factor_A0_calendar,-0.08131235501170064,2011-05-02,2011-10-03,2011-08-05,-0.0869103455452741,108.0,0.9096460222973562,P0
P0 MKT,E_3s,E2015_16_china,,,0.0,,,market_factor_A0_calendar,0.0,2015-06-01,2015-06-01,,0.0,1.0,0.0,P0
P0 MKT,E_3s,K1995_99_bull,1.0757924613613357,,-0.10321033558536352,,,calm_controls,1.0222650735715235,1999-07-16,1999-10-15,1999-08-10,-0.061904514262706045,65.0,0.6785500668650531,P0
P0 MKT,E_3s,K2013_14_bull,1.2560083382339036,,-0.05282843058320319,,,calm_controls,0.2558956324864945,2014-01-15,2014-02-03,,-0.05282843058320319,13.0,1.0,P0
P0 MKT,E_3s,A_bull_2021,1.2621937619180383,,-0.04841861911750178,,,calm_controls,0.13283476056786836,2021-11-08,2021-12-01,,-0.04841861911750178,17.0,0.8683414935778978,P0
P0 MKT,E_3s,D_recent_2025plus,0.6196015458565328,,-0.07297460621852914,,,calm_controls,0.15497194002973536,2025-02-19,2025-03-14,2025-03-14,-0.07297460621852914,18.0,0.7565083526360216,P0
P0 MKT,F_exit2,FULL,0.5765263258844574,1.0478548604693256,-0.34077288083032886,2.476400292301456,2.10661497455779,,,,,,,,,P0
P0 MKT,F_exit2,E_bear_2018q4,-2.2603470757692983,,-0.06843337845349362,,,modern_folds,-0.05171609871940419,2018-09-20,2018-10-12,2018-10-12,-0.06843337845349362,17.0,1.0,P0
P0 MKT,F_exit2,X_2020_covid,1.0498017886052167,,-0.07985754324447703,,,modern_folds,0.08670940859662513,2020-02-19,2020-06-11,2020-02-28,-0.07971900116829689,80.0,0.8557398502655108,P0
P0 MKT,F_exit2,B_bear_2022,-1.7157020896666275,,-0.03352217577066208,,,modern_folds,-0.02283297537824691,2022-01-03,2022-08-24,,-0.03352217577066208,162.0,0.0,P0
P0 MKT,F_exit2,E1973_oil_bear,-1.444058379359265,,-0.09297898091227652,,,market_factor_A0_calendar,0.03728751742509773,1973-01-11,1973-03-01,,-0.09297898091227652,34.0,1.0,P0
P0 MKT,F_exit2,E1987_crash,-0.7661249860194392,,-0.06312768650616396,,,market_factor_A0_calendar,0.0020119346765605783,1987-08-25,1987-10-13,1987-09-10,-0.05082920254652146,35.0,0.8213849449485551,P0
P0 MKT,F_exit2,E1990_recession,0.15955449000642752,,-0.03418160072071341,,,market_factor_A0_calendar,0.06679861127596243,1990-06-04,1990-06-26,,-0.03418160072071341,17.0,0.9873268149676423,P0
P0 MKT,F_exit2,E1997_asia,0.26275414347807236,,-0.0704397198003236,,,market_factor_A0_calendar,0.04393000080422427,1997-10-07,1997-10-27,,-0.0704397198003236,15.0,0.6988347731516081,P0
P0 MKT,F_exit2,E1998_ltcm,0.610297845928362,,-0.055382054212071985,,,market_factor_A0_calendar,0.043804666870539855,1998-07-17,1998-08-04,1998-08-04,-0.055382054212071985,13.0,0.7306490263121221,P0
P0 MKT,F_exit2,E2000_02_dotcom,-0.47209783680892703,,-0.022019423830914153,,,market_factor_A0_calendar,0.09645193774250527,2000-03-24,2000-04-04,,-0.022019423830914153,8.0,0.0,P0
P0 MKT,F_exit2,E2007_09_gfc,-0.8185329070299376,,-0.10272836976165822,,,market_factor_A0_calendar,-0.048445660372732235,2007-10-09,2008-03-17,2008-01-24,-0.0855485734775463,110.0,0.6139776556004788,P0
P0 MKT,F_exit2,E2011_eu_us,-1.0856867979269482,,-0.11759029282910527,,,market_factor_A0_calendar,-0.08131235501170064,2011-05-02,2011-10-03,2011-08-05,-0.0869103455452741,108.0,0.9096460222973562,P0
P0 MKT,F_exit2,E2015_16_china,,,0.0,,,market_factor_A0_calendar,0.0,2015-06-01,2015-06-01,,0.0,1.0,0.0,P0
P0 MKT,F_exit2,K1995_99_bull,1.065095331773314,,-0.10131245785336929,,,calm_controls,0.9940207363775624,1999-07-16,1999-10-15,1999-08-05,-0.06048304386297587,65.0,0.7118603974580409,P0
P0 MKT,F_exit2,K2013_14_bull,1.3404933020783667,,-0.05282843058320319,,,calm_controls,0.26861874190312385,2014-01-15,2014-02-03,,-0.05282843058320319,13.0,1.0,P0
P0 MKT,F_exit2,A_bull_2021,1.1088199678943225,,-0.04841861911750178,,,calm_controls,0.11368064585382509,2021-11-08,2021-12-01,,-0.04841861911750178,17.0,0.8683414935778978,P0
P0 MKT,F_exit2,D_recent_2025plus,0.5194582037764752,,-0.07006272643351363,,,calm_controls,0.1384732238887616,2026-01-12,2026-03-30,2026-03-30,-0.07006272643351363,54.0,0.925975637615611,P0
P0 MKT,F_exit1,FULL,0.560946238182331,1.063240007160657,-0.32461992125639416,2.7509600886925254,2.5747516355706326,,,,,,,,,P0
P0 MKT,F_exit1,E_bear_2018q4,-2.2603470757692983,,-0.06843337845349362,,,modern_folds,-0.05171609871940419,2018-09-20,2018-10-12,2018-10-12,-0.06843337845349362,17.0,1.0,P0
P0 MKT,F_exit1,X_2020_covid,1.0498017886052167,,-0.07985754324447703,,,modern_folds,0.08670940859662513,2020-02-19,2020-06-11,2020-02-28,-0.07971900116829689,80.0,0.8557398502655108,P0
P0 MKT,F_exit1,B_bear_2022,-2.087924242679907,,-0.03870329205987899,,,modern_folds,-0.027974201715361913,2022-01-03,2022-08-23,,-0.03870329205987899,161.0,0.0,P0
P0 MKT,F_exit1,E1973_oil_bear,-1.5241681004061916,,-0.093359549265288,,,market_factor_A0_calendar,0.034942596811041726,1973-01-11,1973-02-28,1973-02-28,-0.093359549265288,33.0,1.0,P0
P0 MKT,F_exit1,E1987_crash,-0.9027868221808134,,-0.06730348119629448,,,market_factor_A0_calendar,-0.0019279181128512013,1987-08-25,1987-10-13,1987-09-09,-0.053873744054284356,35.0,0.8620315890779868,P0
P0 MKT,F_exit1,E1990_recession,0.1570823581230567,,-0.03364374786374724,,,market_factor_A0_calendar,0.06660161553579602,1990-07-16,1990-07-25,1990-07-25,-0.03364374786374724,8.0,0.8842080837301267,P0
P0 MKT,F_exit1,E1997_asia,-0.24521178812060582,,-0.08684805377209648,,,market_factor_A0_calendar,0.010971177844389057,1997-10-07,1998-01-15,1997-10-28,-0.07074572657339528,70.0,0.6988347731516081,P0
P0 MKT,F_exit1,E1998_ltcm,0.8947867774423968,,-0.046837519639625014,,,market_factor_A0_calendar,0.053347997522699364,1998-07-17,1998-08-03,1998-08-03,-0.046837519639625014,12.0,0.8067956470553062,P0
P0 MKT,F_exit1,E2000_02_dotcom,-0.3058535090212433,,-0.02211596801807092,,,market_factor_A0_calendar,0.10409444882632313,2000-03-24,2000-04-05,,-0.02211596801807092,9.0,0.0,P0
P0 MKT,F_exit1,E2007_09_gfc,-0.9283949718460618,,-0.10907030256053651,,,market_factor_A0_calendar,-0.05646893781839313,2007-10-09,2008-03-17,2008-01-22,-0.08167312827248396,110.0,0.6139776556004788,P0
P0 MKT,F_exit1,E2011_eu_us,-1.2299852470709214,,-0.13119788246597208,,,market_factor_A0_calendar,-0.09157390716050517,2011-05-02,2011-10-03,2011-08-05,-0.0869103455452741,108.0,0.9096460222973562,P0
P0 MKT,F_exit1,E2015_16_china,,,0.0,,,market_factor_A0_calendar,0.0,2015-06-01,2015-06-01,,0.0,1.0,0.0,P0
P0 MKT,F_exit1,K1995_99_bull,0.8975869177583576,,-0.08736179712704828,,,calm_controls,0.8375199600305676,1999-01-29,1999-10-15,1999-02-10,-0.025022984518808022,181.0,0.506358049696682,P0
P0 MKT,F_exit1,K2013_14_bull,1.416155859451012,,-0.05282843058320319,,,calm_controls,0.2836050698826962,2014-01-15,2014-02-03,,-0.05282843058320319,13.0,1.0,P0
P0 MKT,F_exit1,A_bull_2021,1.087652628684468,,-0.04841861911750178,,,calm_controls,0.10871040841013935,2021-11-08,2021-12-01,,-0.04841861911750178,17.0,0.8683414935778978,P0
P0 MKT,F_exit1,D_recent_2025plus,0.4195449404503335,,-0.06806500833179008,,,calm_controls,0.1231150795301128,2025-10-28,2026-03-27,2025-11-24,-0.039703796004709524,104.0,0.7606630416835353,P0
P0 MKT,G_own,FULL,0.5789893415373704,1.18100323441726,-0.2914023419398307,4.0017805601224445,,,,,,,,,,P0
P0 MKT,G_own,E_bear_2018q4,-1.9557835364868914,,-0.06197453399581865,,,modern_folds,-0.044023930373209064,2018-09-20,2018-10-11,2018-10-11,-0.06197453399581865,16.0,1.0,P0
P0 MKT,G_own,X_2020_covid,1.554674041285036,,-0.06183260416312508,,,modern_folds,0.12186393723179934,2020-02-19,2020-02-28,2020-02-25,-0.04978506693308016,8.0,0.8557398502655108,P0
P0 MKT,G_own,B_bear_2022,-2.1689349407476652,,-0.05496931002304872,,,modern_folds,-0.04068939653078529,2022-01-03,2022-08-24,2022-01-20,-0.035949669811187634,162.0,0.5565109065486581,P0
P0 MKT,G_own,E1973_oil_bear,-1.9186358061494098,,-0.11505369552897393,,,market_factor_A0_calendar,-0.017460768697466378,1973-01-11,1973-11-07,1973-03-23,-0.1117735786787305,209.0,1.0,P0
P0 MKT,G_own,E1987_crash,-0.6176656554164688,,-0.06140934496829087,,,market_factor_A0_calendar,0.004637609081177052,1987-08-25,1987-10-13,1987-09-21,-0.05342251561298195,35.0,0.8620315890779868,P0
P0 MKT,G_own,E1990_recession,0.09648343595167842,,-0.035770648035717834,,,market_factor_A0_calendar,0.06365817503428906,1990-07-16,1990-07-27,,-0.035770648035717834,10.0,0.8494312885800077,P0
P0 MKT,G_own,E1997_asia,0.29937290930640814,,-0.06941866082688664,,,market_factor_A0_calendar,0.04634713771191312,1997-10-07,1998-01-09,1997-10-24,-0.0273413665557819,66.0,0.6988347731516081,P0
P0 MKT,G_own,E1998_ltcm,-0.11506358338834277,,-0.0787275503577276,,,market_factor_A0_calendar,0.017729190471671874,1998-07-17,1998-08-05,1998-08-05,-0.0787275503577276,14.0,0.7306490263121221,P0
P0 MKT,G_own,E2000_02_dotcom,-0.7084135227026797,,-0.030119710729887283,,,market_factor_A0_calendar,0.07924647392963657,2000-07-03,2000-07-27,2000-07-07,-0.0068025356415811755,18.0,0.42455999175653913,P0
P0 MKT,G_own,E2007_09_gfc,-0.4216533159823515,,-0.08550540237501447,,,market_factor_A0_calendar,-0.016010904927931224,2007-10-09,2008-01-22,2007-11-08,-0.03660386343340882,72.0,0.6139776556004788,P0
P0 MKT,G_own,E2011_eu_us,-1.0476069916597157,,-0.11062649911807543,,,market_factor_A0_calendar,-0.07420066668974401,2011-05-02,2011-10-03,2011-06-02,-0.031324952294999764,108.0,0.9096460222973562,P0
P0 MKT,G_own,E2015_16_china,,,0.0,,,market_factor_A0_calendar,0.0,2015-06-01,2015-06-01,,0.0,1.0,0.0,P0
P0 MKT,G_own,K1995_99_bull,1.0264328660910458,,-0.10327653791988511,,,calm_controls,0.9674025713393402,1999-07-16,1999-10-15,1999-08-10,-0.06192922003082724,65.0,0.6785500668650531,P0
P0 MKT,G_own,K2013_14_bull,1.1961774118609476,,-0.05172197064437545,,,calm_controls,0.23543669725865213,2014-01-15,2014-02-03,2014-01-27,-0.03328083796047665,13.0,1.0,P0
P0 MKT,G_own,A_bull_2021,1.3489963162018017,,-0.04415018679493721,,,calm_controls,0.13953175293328224,2021-09-02,2021-10-04,,-0.04415018679493721,22.0,0.9699880082166998,P0
P0 MKT,G_own,D_recent_2025plus,0.528477272186936,,-0.07858507721898955,,,calm_controls,0.13935150472880298,2026-01-12,2026-03-30,2026-01-22,-0.02484344747034073,54.0,0.925975637615611,P0
P0 MKT,G_spy,FULL,0.5789893415373704,1.18100323441726,-0.2914023419398307,4.0017805601224445,,,,,,,,,,P0
P0 MKT,G_spy,E_bear_2018q4,-1.9557835364868914,,-0.06197453399581865,,,modern_folds,-0.044023930373209064,2018-09-20,2018-10-11,2018-10-11,-0.06197453399581865,16.0,1.0,P0
P0 MKT,G_spy,X_2020_covid,1.554674041285036,,-0.06183260416312508,,,modern_folds,0.12186393723179934,2020-02-19,2020-02-28,2020-02-25,-0.04978506693308016,8.0,0.8557398502655108,P0
P0 MKT,G_spy,B_bear_2022,-2.1689349407476652,,-0.05496931002304872,,,modern_folds,-0.04068939653078529,2022-01-03,2022-08-24,2022-01-20,-0.035949669811187634,162.0,0.5565109065486581,P0
P0 MKT,G_spy,E1973_oil_bear,-1.9186358061494098,,-0.11505369552897393,,,market_factor_A0_calendar,-0.017460768697466378,1973-01-11,1973-11-07,1973-03-23,-0.1117735786787305,209.0,1.0,P0
P0 MKT,G_spy,E1987_crash,-0.6176656554164688,,-0.06140934496829087,,,market_factor_A0_calendar,0.004637609081177052,1987-08-25,1987-10-13,1987-09-21,-0.05342251561298195,35.0,0.8620315890779868,P0
P0 MKT,G_spy,E1990_recession,0.09648343595167842,,-0.035770648035717834,,,market_factor_A0_calendar,0.06365817503428906,1990-07-16,1990-07-27,,-0.035770648035717834,10.0,0.8494312885800077,P0
P0 MKT,G_spy,E1997_asia,0.29937290930640814,,-0.06941866082688664,,,market_factor_A0_calendar,0.04634713771191312,1997-10-07,1998-01-09,1997-10-24,-0.0273413665557819,66.0,0.6988347731516081,P0
P0 MKT,G_spy,E1998_ltcm,-0.11506358338834277,,-0.0787275503577276,,,market_factor_A0_calendar,0.017729190471671874,1998-07-17,1998-08-05,1998-08-05,-0.0787275503577276,14.0,0.7306490263121221,P0
P0 MKT,G_spy,E2000_02_dotcom,-0.7084135227026797,,-0.030119710729887283,,,market_factor_A0_calendar,0.07924647392963657,2000-07-03,2000-07-27,2000-07-07,-0.0068025356415811755,18.0,0.42455999175653913,P0
P0 MKT,G_spy,E2007_09_gfc,-0.4216533159823515,,-0.08550540237501447,,,market_factor_A0_calendar,-0.016010904927931224,2007-10-09,2008-01-22,2007-11-08,-0.03660386343340882,72.0,0.6139776556004788,P0
P0 MKT,G_spy,E2011_eu_us,-1.0476069916597157,,-0.11062649911807543,,,market_factor_A0_calendar,-0.07420066668974401,2011-05-02,2011-10-03,2011-06-02,-0.031324952294999764,108.0,0.9096460222973562,P0
P0 MKT,G_spy,E2015_16_china,,,0.0,,,market_factor_A0_calendar,0.0,2015-06-01,2015-06-01,,0.0,1.0,0.0,P0
P0 MKT,G_spy,K1995_99_bull,1.0264328660910458,,-0.10327653791988511,,,calm_controls,0.9674025713393402,1999-07-16,1999-10-15,1999-08-10,-0.06192922003082724,65.0,0.6785500668650531,P0
P0 MKT,G_spy,K2013_14_bull,1.1961774118609476,,-0.05172197064437545,,,calm_controls,0.23543669725865213,2014-01-15,2014-02-03,2014-01-27,-0.03328083796047665,13.0,1.0,P0
P0 MKT,G_spy,A_bull_2021,1.3489963162018017,,-0.04415018679493721,,,calm_controls,0.13953175293328224,2021-09-02,2021-10-04,,-0.04415018679493721,22.0,0.9699880082166998,P0
P0 MKT,G_spy,D_recent_2025plus,0.528477272186936,,-0.07858507721898955,,,calm_controls,0.13935150472880298,2026-01-12,2026-03-30,2026-01-22,-0.02484344747034073,54.0,0.925975637615611,P0
P0 MKT,buy_hold,FULL,0.4864860478078328,0.6651653976718863,-0.6547891063332446,0.0,,,,,,,,,,P0
P0 MKT,buy_hold,E_bear_2018q4,-0.39886980097777225,,-0.20446131952210556,,,modern_folds,-0.03520894824313259,2018-09-20,2018-12-24,,-0.20446131952210556,66.0,1.0,P0
P0 MKT,buy_hold,X_2020_covid,0.8217686448013993,,-0.34216280934892906,,,modern_folds,0.24075629356217743,2020-02-19,2020-03-23,,-0.34216280934892906,24.0,1.0,P0
P0 MKT,buy_hold,B_bear_2022,-0.8072701695819832,,-0.25449072389442295,,,modern_folds,-0.19955554850414636,2022-01-03,2022-10-14,,-0.25449072389442295,198.0,1.0,P0
P0 MKT,buy_hold,E1973_oil_bear,-1.7657518863347808,,-0.4815948240000787,,,market_factor_A0_calendar,-0.4161731093790002,1973-01-11,1974-10-03,,-0.4815948240000787,437.0,1.0,P0
P0 MKT,buy_hold,E1987_crash,-0.964906054069896,,-0.3311424555262713,,,market_factor_A0_calendar,-0.18292992676970443,1987-08-25,1987-12-04,,-0.3311424555262713,72.0,1.0,P0
P0 MKT,buy_hold,E1990_recession,0.14117432221966128,,-0.20795377547096017,,,market_factor_A0_calendar,0.0688323213357327,1990-07-16,1990-10-11,,-0.20795377547096017,63.0,1.0,P0
P0 MKT,buy_hold,E1997_asia,0.8938657774443861,,-0.09915415450873999,,,market_factor_A0_calendar,0.12179254574211273,1997-10-07,1997-10-27,,-0.09915415450873999,15.0,1.0,P0
P0 MKT,buy_hold,E1998_ltcm,0.5031816365443541,,-0.21919900622835453,,,market_factor_A0_calendar,0.07357763613715718,1998-07-17,1998-10-08,,-0.21919900622835453,59.0,1.0,P0
P0 MKT,buy_hold,E2000_02_dotcom,-0.7094852166109467,,-0.49225604938802137,,,market_factor_A0_calendar,-0.36617091507350064,2000-03-24,2002-10-09,,-0.49225604938802137,638.0,1.0,P0
P0 MKT,buy_hold,E2007_09_gfc,-0.5536591843744181,,-0.5456553593385387,,,market_factor_A0_calendar,-0.3549696209582007,2007-10-09,2009-03-09,,-0.5456553593385387,356.0,1.0,P0
P0 MKT,buy_hold,E2011_eu_us,-0.29184440622734364,,-0.20084582901465742,,,market_factor_A0_calendar,-0.07880665551722632,2011-05-02,2011-10-03,,-0.20084582901465742,108.0,1.0,P0
P0 MKT,buy_hold,E2015_16_china,-0.08760615346229954,,-0.15527445300139786,,,market_factor_A0_calendar,-0.025770844832090134,2015-06-23,2016-02-11,,-0.15527445300139786,162.0,1.0,P0
P0 MKT,buy_hold,K1995_99_bull,1.3657583114057847,,-0.2191990062283551,,,calm_controls,2.398112202880352,1998-07-17,1998-10-08,,-0.2191990062283551,59.0,1.0,P0
P0 MKT,buy_hold,K2013_14_bull,1.8252436123021951,,-0.07750780468545981,,,calm_controls,0.5087578237008581,2014-09-18,2014-10-15,,-0.07750780468545981,20.0,1.0,P0
P0 MKT,buy_hold,A_bull_2021,1.598235839603187,,-0.054922582069259374,,,calm_controls,0.2384275475481441,2021-02-12,2021-03-04,,-0.054922582069259374,14.0,1.0,P0
P0 MKT,buy_hold,D_recent_2025plus,0.8356674544123726,,-0.19557597035866303,,,calm_controls,0.30194626995606244,2025-02-19,2025-04-08,,-0.19557597035866303,35.0,1.0,P0
P1 SPY,incumbent,FULL,0.5601905849574929,1.5078832448133084,-0.11175579417970649,2.3255470874651722,1.632829373650108,,,,,,,,,P1
P1 SPY,incumbent,E_bear_2018q4,-1.582510611320116,,-0.06303971690596899,,,modern_folds,-0.03700135378022129,2018-09-20,2018-10-11,,-0.06303971690596899,16.0,1.0,P1
P1 SPY,incumbent,X_2020_covid,0.8345546984543809,,-0.0806917317689062,,,modern_folds,0.0713461927188006,2020-02-19,2020-02-28,2020-02-28,-0.0806917317689062,8.0,0.8426847986603313,P1
P1 SPY,incumbent,B_bear_2022,-2.2532504114152827,,-0.0804431637016031,,,modern_folds,-0.06743775582192502,2022-01-03,2022-08-30,2022-01-26,-0.06228967988497014,166.0,0.5954298883283082,P1
P1 SPY,incumbent,E2000_02_dotcom,-0.6208908493596865,,-0.00709521586685069,,,market_factor_A0_calendar,0.10834649977743105,2000-03-29,2000-03-31,,-0.00709521586685069,3.0,0.0,P1
P1 SPY,incumbent,E2007_09_gfc,-0.6739389629809593,,-0.09347710152734479,,,market_factor_A0_calendar,-0.04266079213280993,2007-10-09,2008-03-10,2008-02-21,-0.09176527983442817,105.0,0.6499506812395854,P1
P1 SPY,incumbent,E2011_eu_us,-0.9464773022516008,,-0.11056782739538507,,,market_factor_A0_calendar,-0.07112501335273014,2011-05-02,2011-10-03,2011-08-05,-0.08039445976079063,108.0,0.8705074715411538,P1
P1 SPY,incumbent,E2015_16_china,,,0.0,,,market_factor_A0_calendar,0.0,2015-06-01,2015-06-01,,0.0,1.0,0.0,P1
P1 SPY,incumbent,K2013_14_bull,1.3151394416700886,,-0.06158010805521208,,,calm_controls,0.2681717162794768,2014-09-18,2014-10-16,,-0.06158010805521208,21.0,1.0,P1
P1 SPY,incumbent,A_bull_2021,1.707965985428044,,-0.045972604264163164,,,calm_controls,0.18276189624528016,2021-09-02,2021-09-30,,-0.045972604264163164,20.0,1.0,P1
P1 SPY,incumbent,D_recent_2025plus,0.5585255386100925,,-0.07659235852376511,,,calm_controls,0.1628261998604814,2026-01-12,2026-03-31,2026-03-31,-0.07659235852376511,55.0,0.9672243493326175,P1
P1 SPY,E_2s,FULL,0.5601905849574929,1.5078832448133084,-0.11175579417970649,2.3255470874651722,1.632829373650108,,,,,,,,,P1
P1 SPY,E_2s,E_bear_2018q4,-1.582510611320116,,-0.06303971690596899,,,modern_folds,-0.03700135378022129,2018-09-20,2018-10-11,,-0.06303971690596899,16.0,1.0,P1
P1 SPY,E_2s,X_2020_covid,0.8345546984543809,,-0.0806917317689062,,,modern_folds,0.0713461927188006,2020-02-19,2020-02-28,2020-02-28,-0.0806917317689062,8.0,0.8426847986603313,P1
P1 SPY,E_2s,B_bear_2022,-2.2532504114152827,,-0.0804431637016031,,,modern_folds,-0.06743775582192502,2022-01-03,2022-08-30,2022-01-26,-0.06228967988497014,166.0,0.5954298883283082,P1
P1 SPY,E_2s,E2000_02_dotcom,-0.6208908493596865,,-0.00709521586685069,,,market_factor_A0_calendar,0.10834649977743105,2000-03-29,2000-03-31,,-0.00709521586685069,3.0,0.0,P1
P1 SPY,E_2s,E2007_09_gfc,-0.6739389629809593,,-0.09347710152734479,,,market_factor_A0_calendar,-0.04266079213280993,2007-10-09,2008-03-10,2008-02-21,-0.09176527983442817,105.0,0.6499506812395854,P1
P1 SPY,E_2s,E2011_eu_us,-0.9464773022516008,,-0.11056782739538507,,,market_factor_A0_calendar,-0.07112501335273014,2011-05-02,2011-10-03,2011-08-05,-0.08039445976079063,108.0,0.8705074715411538,P1
P1 SPY,E_2s,E2015_16_china,,,0.0,,,market_factor_A0_calendar,0.0,2015-06-01,2015-06-01,,0.0,1.0,0.0,P1
P1 SPY,E_2s,K2013_14_bull,1.3151394416700886,,-0.06158010805521208,,,calm_controls,0.2681717162794768,2014-09-18,2014-10-16,,-0.06158010805521208,21.0,1.0,P1
P1 SPY,E_2s,A_bull_2021,1.707965985428044,,-0.045972604264163164,,,calm_controls,0.18276189624528016,2021-09-02,2021-09-30,,-0.045972604264163164,20.0,1.0,P1
P1 SPY,E_2s,D_recent_2025plus,0.5585255386100925,,-0.07659235852376511,,,calm_controls,0.1628261998604814,2026-01-12,2026-03-31,2026-03-31,-0.07659235852376511,55.0,0.9672243493326175,P1
P1 SPY,E_3s,FULL,0.5601905849574929,1.5078832448133084,-0.11175579417970649,2.3255470874651722,1.632829373650108,,,,,,,,,P1
P1 SPY,E_3s,E_bear_2018q4,-1.582510611320116,,-0.06303971690596899,,,modern_folds,-0.03700135378022129,2018-09-20,2018-10-11,,-0.06303971690596899,16.0,1.0,P1
P1 SPY,E_3s,X_2020_covid,0.8345546984543809,,-0.0806917317689062,,,modern_folds,0.0713461927188006,2020-02-19,2020-02-28,2020-02-28,-0.0806917317689062,8.0,0.8426847986603313,P1
P1 SPY,E_3s,B_bear_2022,-2.2532504114152827,,-0.0804431637016031,,,modern_folds,-0.06743775582192502,2022-01-03,2022-08-30,2022-01-26,-0.06228967988497014,166.0,0.5954298883283082,P1
P1 SPY,E_3s,E2000_02_dotcom,-0.6208908493596865,,-0.00709521586685069,,,market_factor_A0_calendar,0.10834649977743105,2000-03-29,2000-03-31,,-0.00709521586685069,3.0,0.0,P1
P1 SPY,E_3s,E2007_09_gfc,-0.6739389629809593,,-0.09347710152734479,,,market_factor_A0_calendar,-0.04266079213280993,2007-10-09,2008-03-10,2008-02-21,-0.09176527983442817,105.0,0.6499506812395854,P1
P1 SPY,E_3s,E2011_eu_us,-0.9464773022516008,,-0.11056782739538507,,,market_factor_A0_calendar,-0.07112501335273014,2011-05-02,2011-10-03,2011-08-05,-0.08039445976079063,108.0,0.8705074715411538,P1
P1 SPY,E_3s,E2015_16_china,,,0.0,,,market_factor_A0_calendar,0.0,2015-06-01,2015-06-01,,0.0,1.0,0.0,P1
P1 SPY,E_3s,K2013_14_bull,1.3151394416700886,,-0.06158010805521208,,,calm_controls,0.2681717162794768,2014-09-18,2014-10-16,,-0.06158010805521208,21.0,1.0,P1
P1 SPY,E_3s,A_bull_2021,1.707965985428044,,-0.045972604264163164,,,calm_controls,0.18276189624528016,2021-09-02,2021-09-30,,-0.045972604264163164,20.0,1.0,P1
P1 SPY,E_3s,D_recent_2025plus,0.5585255386100925,,-0.07659235852376511,,,calm_controls,0.1628261998604814,2026-01-12,2026-03-31,2026-03-31,-0.07659235852376511,55.0,0.9672243493326175,P1
P1 SPY,F_exit2,FULL,0.5539861164533937,1.3563299660304189,-0.1136710455519041,2.347026962577401,1.7053995680345573,,,,,,,,,P1
P1 SPY,F_exit2,E_bear_2018q4,-1.6255741484721504,,-0.06303971690596899,,,modern_folds,-0.03463675992803861,2018-09-20,2018-10-11,,-0.06303971690596899,16.0,1.0,P1
P1 SPY,F_exit2,X_2020_covid,0.7991802844306611,,-0.08268107491771581,,,modern_folds,0.06529818048612235,2020-02-19,2020-06-11,2020-02-28,-0.0806917317689062,80.0,0.8426847986603313,P1
P1 SPY,F_exit2,B_bear_2022,-2.0862267573733004,,-0.07323035888631746,,,modern_folds,-0.06002895169577538,2022-01-03,2022-08-29,2022-01-24,-0.057880967589442944,165.0,0.5954298883283082,P1
P1 SPY,F_exit2,E2000_02_dotcom,-0.6208908493596865,,-0.00709521586685069,,,market_factor_A0_calendar,0.10834649977743105,2000-03-29,2000-03-31,,-0.00709521586685069,3.0,0.0,P1
P1 SPY,F_exit2,E2007_09_gfc,-0.8070946923685308,,-0.10560202867732993,,,market_factor_A0_calendar,-0.05512873397549911,2007-10-09,2008-03-10,2008-02-11,-0.09176527983442817,105.0,0.6499506812395854,P1
P1 SPY,F_exit2,E2011_eu_us,-0.9464773022516008,,-0.11056782739538507,,,market_factor_A0_calendar,-0.07112501335273014,2011-05-02,2011-10-03,2011-08-05,-0.08039445976079063,108.0,0.8705074715411538,P1
P1 SPY,F_exit2,E2015_16_china,,,0.0,,,market_factor_A0_calendar,0.0,2015-06-01,2015-06-01,,0.0,1.0,0.0,P1
P1 SPY,F_exit2,K2013_14_bull,1.2709195723738427,,-0.057824143860514376,,,calm_controls,0.2568331929293435,2014-09-18,2014-10-13,,-0.057824143860514376,18.0,1.0,P1
P1 SPY,F_exit2,A_bull_2021,1.707965985428044,,-0.045972604264163164,,,calm_controls,0.18276189624528016,2021-09-02,2021-09-30,,-0.045972604264163164,20.0,1.0,P1
P1 SPY,F_exit2,D_recent_2025plus,0.6560107513312832,,-0.06762335596208235,,,calm_controls,0.17864740622951802,2025-02-19,2025-03-11,,-0.06762335596208235,15.0,0.817747501323968,P1
P1 SPY,F_exit1,FULL,0.5492532530576385,1.3164672434201257,-0.12613555241391294,2.483946370528182,1.9956803455723542,,,,,,,,,P1
P1 SPY,F_exit1,E_bear_2018q4,-2.034799341323022,,-0.0634828918274345,,,modern_folds,-0.04406832073123568,2018-09-20,2018-10-12,2018-10-12,-0.0634828918274345,17.0,1.0,P1
P1 SPY,F_exit1,X_2020_covid,0.8203731921485904,,-0.08117554882958744,,,modern_folds,0.06704657372047396,2020-02-19,2020-06-11,2020-02-28,-0.0794627877795182,80.0,0.8426847986603313,P1
P1 SPY,F_exit1,B_bear_2022,-1.6144457245784005,,-0.045182827779537416,,,modern_folds,-0.030118147316157806,2022-01-03,2022-08-23,2022-01-20,-0.037509098146190634,161.0,0.5954298883283082,P1
P1 SPY,F_exit1,E2000_02_dotcom,-0.6208908493596865,,-0.00709521586685069,,,market_factor_A0_calendar,0.10834649977743105,2000-03-29,2000-03-31,,-0.00709521586685069,3.0,0.0,P1
P1 SPY,F_exit1,E2007_09_gfc,-1.0413729660524527,,-0.12339369764726771,,,market_factor_A0_calendar,-0.07392443490877987,2007-10-09,2008-03-10,2008-01-23,-0.0920065759294274,105.0,0.6499506812395854,P1
P1 SPY,F_exit1,E2011_eu_us,-0.9464773022516008,,-0.11056782739538507,,,market_factor_A0_calendar,-0.07112501335273014,2011-05-02,2011-10-03,2011-08-05,-0.08039445976079063,108.0,0.8705074715411538,P1
P1 SPY,F_exit1,E2015_16_china,,,0.0,,,market_factor_A0_calendar,0.0,2015-06-01,2015-06-01,,0.0,1.0,0.0,P1
P1 SPY,F_exit1,K2013_14_bull,1.2654743161761817,,-0.0583162550841515,,,calm_controls,0.2555556128335541,2014-09-18,2014-10-14,2014-10-14,-0.0583162550841515,19.0,1.0,P1
P1 SPY,F_exit1,A_bull_2021,1.707965985428044,,-0.045972604264163164,,,calm_controls,0.18276189624528016,2021-09-02,2021-09-30,,-0.045972604264163164,20.0,1.0,P1
P1 SPY,F_exit1,D_recent_2025plus,0.5104543978185049,,-0.0780022129527399,,,calm_controls,0.15221425573882352,2025-10-29,2026-03-20,2025-11-21,-0.03963756580433653,98.0,0.7870952957551864,P1
P1 SPY,G_own,FULL,0.5440140350017081,1.4712941045049854,-0.11387212904436217,4.005752357404651,,,,,,,,,,P1
P1 SPY,G_own,E_bear_2018q4,-1.8603568834740734,,-0.057933291412335164,,,modern_folds,-0.03907652197546119,2018-09-20,2018-10-23,2018-10-11,-0.05572404211075155,24.0,1.0,P1
P1 SPY,G_own,X_2020_covid,1.2161234971883816,,-0.06205698243167024,,,modern_folds,0.09462942244505679,2020-02-19,2020-06-11,2020-02-25,-0.04852092978698497,80.0,0.8426847986603313,P1
P1 SPY,G_own,B_bear_2022,-2.254390771479427,,-0.0804889710858967,,,modern_folds,-0.06748466321272939,2022-01-03,2022-08-30,2022-01-26,-0.06231228903574981,166.0,0.5954298883283082,P1
P1 SPY,G_own,E2000_02_dotcom,-0.6211507720501814,,-0.007098479963749238,,,market_factor_A0_calendar,0.1083428561749109,2000-03-29,2000-03-31,,-0.007098479963749238,3.0,0.0,P1
P1 SPY,G_own,E2007_09_gfc,-0.7130325985192304,,-0.09274871660684325,,,market_factor_A0_calendar,-0.04573617521776563,2007-10-09,2008-03-10,2007-11-08,-0.03901814294285566,105.0,0.6499506812395854,P1
P1 SPY,G_own,E2011_eu_us,-0.904372900224448,,-0.10378998783109483,,,market_factor_A0_calendar,-0.064176719325446,2011-05-02,2011-10-03,2011-06-02,-0.028590456203433035,108.0,0.8705074715411538,P1
P1 SPY,G_own,E2015_16_china,,,0.0,,,market_factor_A0_calendar,0.0,2015-06-01,2015-06-01,,0.0,1.0,0.0,P1
P1 SPY,G_own,K2013_14_bull,1.384203874678249,,-0.0510952284771512,,,calm_controls,0.2745158916132775,2013-12-31,2014-02-03,2014-01-27,-0.03377664239024747,23.0,1.0,P1
P1 SPY,G_own,A_bull_2021,1.7804432002323631,,-0.04597498822282564,,,calm_controls,0.18686040959068784,2021-09-02,2021-09-30,,-0.04597498822282564,20.0,1.0,P1
P1 SPY,G_own,D_recent_2025plus,0.44419648977493126,,-0.0897377078556918,,,calm_controls,0.14158892590500938,2026-01-12,2026-03-31,2026-01-21,-0.025131802873548437,55.0,0.9672243493326175,P1
P1 SPY,G_spy,FULL,0.5440140350017081,1.4712941045049854,-0.11387212904436217,4.005752357404651,,,,,,,,,,P1
P1 SPY,G_spy,E_bear_2018q4,-1.8603568834740734,,-0.057933291412335164,,,modern_folds,-0.03907652197546119,2018-09-20,2018-10-23,2018-10-11,-0.05572404211075155,24.0,1.0,P1
P1 SPY,G_spy,X_2020_covid,1.2161234971883816,,-0.06205698243167024,,,modern_folds,0.09462942244505679,2020-02-19,2020-06-11,2020-02-25,-0.04852092978698497,80.0,0.8426847986603313,P1
P1 SPY,G_spy,B_bear_2022,-2.254390771479427,,-0.0804889710858967,,,modern_folds,-0.06748466321272939,2022-01-03,2022-08-30,2022-01-26,-0.06231228903574981,166.0,0.5954298883283082,P1
P1 SPY,G_spy,E2000_02_dotcom,-0.6211507720501814,,-0.007098479963749238,,,market_factor_A0_calendar,0.1083428561749109,2000-03-29,2000-03-31,,-0.007098479963749238,3.0,0.0,P1
P1 SPY,G_spy,E2007_09_gfc,-0.7130325985192304,,-0.09274871660684325,,,market_factor_A0_calendar,-0.04573617521776563,2007-10-09,2008-03-10,2007-11-08,-0.03901814294285566,105.0,0.6499506812395854,P1
P1 SPY,G_spy,E2011_eu_us,-0.904372900224448,,-0.10378998783109483,,,market_factor_A0_calendar,-0.064176719325446,2011-05-02,2011-10-03,2011-06-02,-0.028590456203433035,108.0,0.8705074715411538,P1
P1 SPY,G_spy,E2015_16_china,,,0.0,,,market_factor_A0_calendar,0.0,2015-06-01,2015-06-01,,0.0,1.0,0.0,P1
P1 SPY,G_spy,K2013_14_bull,1.384203874678249,,-0.0510952284771512,,,calm_controls,0.2745158916132775,2013-12-31,2014-02-03,2014-01-27,-0.03377664239024747,23.0,1.0,P1
P1 SPY,G_spy,A_bull_2021,1.7804432002323631,,-0.04597498822282564,,,calm_controls,0.18686040959068784,2021-09-02,2021-09-30,,-0.04597498822282564,20.0,1.0,P1
P1 SPY,G_spy,D_recent_2025plus,0.44419648977493126,,-0.0897377078556918,,,calm_controls,0.14158892590500938,2026-01-12,2026-03-31,2026-01-21,-0.025131802873548437,55.0,0.9672243493326175,P1
P1 SPY,buy_hold,FULL,0.4264502835652232,0.5524272738458899,-0.5519076395778839,0.0,,,,,,,,,,P1
P1 SPY,buy_hold,E_bear_2018q4,-0.3632610096842317,,-0.19346772332076612,,,modern_folds,-0.030073140367258167,2018-09-20,2018-12-24,,-0.19346772332076612,66.0,1.0,P1
P1 SPY,buy_hold,X_2020_covid,0.6898896052536962,,-0.33717009273069154,,,modern_folds,0.1837834151663953,2020-02-19,2020-03-23,,-0.33717009273069154,24.0,1.0,P1
P1 SPY,buy_hold,B_bear_2022,-0.7624118230643652,,-0.24496106785317096,,,modern_folds,-0.18173681501868477,2022-01-03,2022-10-12,,-0.24496106785317096,196.0,1.0,P1
P1 SPY,buy_hold,E2000_02_dotcom,-0.6400991577647525,,-0.4751088985687627,,,market_factor_A0_calendar,-0.332481412639406,2000-03-24,2002-10-09,,-0.4751088985687627,638.0,1.0,P1
P1 SPY,buy_hold,E2007_09_gfc,-0.5791117207597521,,-0.5519076395778838,,,market_factor_A0_calendar,-0.3716003700277516,2007-10-09,2009-03-09,,-0.5519076395778838,356.0,1.0,P1
P1 SPY,buy_hold,E2011_eu_us,-0.23910927064804474,,-0.18488282750672236,,,market_factor_A0_calendar,-0.06501726121979157,2011-05-02,2011-10-03,,-0.18488282750672236,108.0,1.0,P1
P1 SPY,buy_hold,E2015_16_china,0.04804444837712448,,-0.13016249153689852,,,market_factor_A0_calendar,-0.005822582486583405,2015-07-20,2016-02-11,,-0.13016249153689852,144.0,1.0,P1
P1 SPY,buy_hold,K2013_14_bull,1.8774175647877422,,-0.07272286528089233,,,calm_controls,0.5012821646476231,2014-09-18,2014-10-16,,-0.07272286528089233,21.0,1.0,P1
P1 SPY,buy_hold,A_bull_2021,2.009568947090926,,-0.051159167099484426,,,calm_controls,0.2872573304913877,2021-09-02,2021-10-04,,-0.051159167099484426,22.0,1.0,P1
P1 SPY,buy_hold,D_recent_2025plus,0.8559322358980365,,-0.18754770834024748,,,calm_controls,0.34268161466106584,2025-02-19,2025-04-08,,-0.18754770834024748,35.0,1.0,P1
P1 QQQ,incumbent,FULL,0.8076248430426127,2.3751473069951006,-0.10081139971791064,2.502379755348891,1.5391449194891726,,,,,,,,,P1
P1 QQQ,incumbent,E_bear_2018q4,-2.097147156749041,,-0.077773821688915,,,modern_folds,-0.07023097100662523,2018-10-01,2018-10-25,2018-10-17,-0.07197371575225175,19.0,0.8238272775061795,P1
P1 QQQ,incumbent,X_2020_covid,1.2176660428908572,,-0.08916718762840659,,,modern_folds,0.11425387434327994,2020-02-19,2020-04-21,2020-02-28,-0.0763543901895789,44.0,0.6833228976001032,P1
P1 QQQ,incumbent,B_bear_2022,,,0.0,,,modern_folds,0.012881409782865116,2022-01-03,2022-01-03,,0.0,1.0,0.0,P1
P1 QQQ,incumbent,E2007_09_gfc,0.11362392519288182,,-0.05609207598589683,,,market_factor_A0_calendar,0.034318737926252174,2007-10-31,2007-11-12,,-0.05609207598589683,9.0,0.5456422373993298,P1
P1 QQQ,incumbent,E2011_eu_us,-0.6757517017505437,,-0.0820042491242865,,,market_factor_A0_calendar,-0.05128419002913798,2011-05-10,2011-08-19,2011-08-05,-0.06278502292991983,72.0,0.801029998090677,P1
P1 QQQ,incumbent,E2015_16_china,0.10727235442994003,,-0.015959859743804206,,,market_factor_A0_calendar,0.001977344759943822,2015-06-01,2015-06-09,,-0.015959859743804206,7.0,0.7324856715820257,P1
P1 QQQ,incumbent,K2013_14_bull,1.8771697784649939,,-0.05127363979186106,,,calm_controls,0.37154456419771864,2014-03-05,2014-04-11,,-0.05127363979186106,28.0,0.699608786235455,P1
P1 QQQ,incumbent,A_bull_2021,0.6473680336820895,,-0.06505676035102903,,,calm_controls,0.06243072704212782,2021-09-07,2021-10-04,,-0.06505676035102903,20.0,0.8604430461917618,P1
P1 QQQ,incumbent,D_recent_2025plus,0.6115306973730855,,-0.07702284916298863,,,calm_controls,0.17685893269760444,2026-01-28,2026-03-30,,-0.07702284916298863,43.0,0.7314824073868041,P1
P1 QQQ,E_2s,FULL,0.8076248430426127,2.3751473069951006,-0.10081139971791064,2.502379755348891,1.5391449194891726,,,,,,,,,P1
P1 QQQ,E_2s,E_bear_2018q4,-2.097147156749041,,-0.077773821688915,,,modern_folds,-0.07023097100662523,2018-10-01,2018-10-25,2018-10-17,-0.07197371575225175,19.0,0.8238272775061795,P1
P1 QQQ,E_2s,X_2020_covid,1.2176660428908572,,-0.08916718762840659,,,modern_folds,0.11425387434327994,2020-02-19,2020-04-21,2020-02-28,-0.0763543901895789,44.0,0.6833228976001032,P1
P1 QQQ,E_2s,B_bear_2022,,,0.0,,,modern_folds,0.012881409782865116,2022-01-03,2022-01-03,,0.0,1.0,0.0,P1
P1 QQQ,E_2s,E2007_09_gfc,0.11362392519288182,,-0.05609207598589683,,,market_factor_A0_calendar,0.034318737926252174,2007-10-31,2007-11-12,,-0.05609207598589683,9.0,0.5456422373993298,P1
P1 QQQ,E_2s,E2011_eu_us,-0.6757517017505437,,-0.0820042491242865,,,market_factor_A0_calendar,-0.05128419002913798,2011-05-10,2011-08-19,2011-08-05,-0.06278502292991983,72.0,0.801029998090677,P1
P1 QQQ,E_2s,E2015_16_china,0.10727235442994003,,-0.015959859743804206,,,market_factor_A0_calendar,0.001977344759943822,2015-06-01,2015-06-09,,-0.015959859743804206,7.0,0.7324856715820257,P1
P1 QQQ,E_2s,K2013_14_bull,1.8771697784649939,,-0.05127363979186106,,,calm_controls,0.37154456419771864,2014-03-05,2014-04-11,,-0.05127363979186106,28.0,0.699608786235455,P1
P1 QQQ,E_2s,A_bull_2021,0.6473680336820895,,-0.06505676035102903,,,calm_controls,0.06243072704212782,2021-09-07,2021-10-04,,-0.06505676035102903,20.0,0.8604430461917618,P1
P1 QQQ,E_2s,D_recent_2025plus,0.6115306973730855,,-0.07702284916298863,,,calm_controls,0.17685893269760444,2026-01-28,2026-03-30,,-0.07702284916298863,43.0,0.7314824073868041,P1
P1 QQQ,E_3s,FULL,0.8076248430426127,2.3751473069951006,-0.10081139971791064,2.502379755348891,1.5391449194891726,,,,,,,,,P1
P1 QQQ,E_3s,E_bear_2018q4,-2.097147156749041,,-0.077773821688915,,,modern_folds,-0.07023097100662523,2018-10-01,2018-10-25,2018-10-17,-0.07197371575225175,19.0,0.8238272775061795,P1
P1 QQQ,E_3s,X_2020_covid,1.2176660428908572,,-0.08916718762840659,,,modern_folds,0.11425387434327994,2020-02-19,2020-04-21,2020-02-28,-0.0763543901895789,44.0,0.6833228976001032,P1
P1 QQQ,E_3s,B_bear_2022,,,0.0,,,modern_folds,0.012881409782865116,2022-01-03,2022-01-03,,0.0,1.0,0.0,P1
P1 QQQ,E_3s,E2007_09_gfc,0.11362392519288182,,-0.05609207598589683,,,market_factor_A0_calendar,0.034318737926252174,2007-10-31,2007-11-12,,-0.05609207598589683,9.0,0.5456422373993298,P1
P1 QQQ,E_3s,E2011_eu_us,-0.6757517017505437,,-0.0820042491242865,,,market_factor_A0_calendar,-0.05128419002913798,2011-05-10,2011-08-19,2011-08-05,-0.06278502292991983,72.0,0.801029998090677,P1
P1 QQQ,E_3s,E2015_16_china,0.10727235442994003,,-0.015959859743804206,,,market_factor_A0_calendar,0.001977344759943822,2015-06-01,2015-06-09,,-0.015959859743804206,7.0,0.7324856715820257,P1
P1 QQQ,E_3s,K2013_14_bull,1.8771697784649939,,-0.05127363979186106,,,calm_controls,0.37154456419771864,2014-03-05,2014-04-11,,-0.05127363979186106,28.0,0.699608786235455,P1
P1 QQQ,E_3s,A_bull_2021,0.6473680336820895,,-0.06505676035102903,,,calm_controls,0.06243072704212782,2021-09-07,2021-10-04,,-0.06505676035102903,20.0,0.8604430461917618,P1
P1 QQQ,E_3s,D_recent_2025plus,0.6115306973730855,,-0.07702284916298863,,,calm_controls,0.17685893269760444,2026-01-28,2026-03-30,,-0.07702284916298863,43.0,0.7314824073868041,P1
P1 QQQ,F_exit2,FULL,0.8021005847540907,2.3016024914974382,-0.09922752087558961,2.5188241190959233,1.6324264297612439,,,,,,,,,P1
P1 QQQ,F_exit2,E_bear_2018q4,-2.1919522682715216,,-0.07479908739754326,,,modern_folds,-0.06685874327634989,2018-10-01,2018-10-19,2018-10-16,-0.07197371575225175,15.0,0.8238272775061795,P1
P1 QQQ,F_exit2,X_2020_covid,1.2126086231927857,,-0.09080360249006336,,,modern_folds,0.11225199038074862,2020-02-19,2020-04-21,2020-02-28,-0.0763543901895789,44.0,0.6833228976001032,P1
P1 QQQ,F_exit2,B_bear_2022,,,0.0,,,modern_folds,0.012881409782865116,2022-01-03,2022-01-03,,0.0,1.0,0.0,P1
P1 QQQ,F_exit2,E2007_09_gfc,0.1605396479982569,,-0.05609207598589683,,,market_factor_A0_calendar,0.03750866442168488,2007-10-31,2007-11-12,,-0.05609207598589683,9.0,0.5456422373993298,P1
P1 QQQ,F_exit2,E2011_eu_us,-0.6757517017505437,,-0.0820042491242865,,,market_factor_A0_calendar,-0.05128419002913798,2011-05-10,2011-08-19,2011-08-05,-0.06278502292991983,72.0,0.801029998090677,P1
P1 QQQ,F_exit2,E2015_16_china,-0.6380869590332122,,-0.015959859743804206,,,market_factor_A0_calendar,-0.009194019994305136,2015-06-01,2015-06-09,,-0.015959859743804206,7.0,0.7324856715820257,P1
P1 QQQ,F_exit2,K2013_14_bull,1.8771697784649939,,-0.05127363979186106,,,calm_controls,0.37154456419771864,2014-03-05,2014-04-11,,-0.05127363979186106,28.0,0.699608786235455,P1
P1 QQQ,F_exit2,A_bull_2021,0.6380185157746928,,-0.058851017968846175,,,calm_controls,0.05851766524365276,2021-09-07,2021-12-03,2021-10-01,-0.05690908382413873,63.0,0.8604430461917618,P1
P1 QQQ,F_exit2,D_recent_2025plus,0.7188949396726482,,-0.07702284916298952,,,calm_controls,0.1957222246625685,2026-01-28,2026-03-30,,-0.07702284916298952,43.0,0.7314824073868041,P1
P1 QQQ,F_exit1,FULL,0.7937466291473416,2.268778344137834,-0.10662689492341981,2.717377049708101,2.098833981121599,,,,,,,,,P1
P1 QQQ,F_exit1,E_bear_2018q4,-2.23155848169607,,-0.07222818590044355,,,modern_folds,-0.06379781685864461,2018-10-01,2018-10-12,2018-10-12,-0.07222818590044355,10.0,0.8238272775061795,P1
P1 QQQ,F_exit1,X_2020_covid,1.028356449048096,,-0.10662689492342048,,,modern_folds,0.092894799182478,2020-02-19,2020-04-21,2020-02-28,-0.0763543901895789,44.0,0.6833228976001032,P1
P1 QQQ,F_exit1,B_bear_2022,,,0.0,,,modern_folds,0.012881409782865116,2022-01-03,2022-01-03,,0.0,1.0,0.0,P1
P1 QQQ,F_exit1,E2007_09_gfc,0.1462216255703201,,-0.05609207598589683,,,market_factor_A0_calendar,0.036453425486439706,2007-10-31,2007-11-12,,-0.05609207598589683,9.0,0.5456422373993298,P1
P1 QQQ,F_exit1,E2011_eu_us,-0.7996252191915311,,-0.092826889240888,,,market_factor_A0_calendar,-0.06018555457545882,2011-05-10,2011-10-03,2011-08-05,-0.06278502292991983,102.0,0.801029998090677,P1
P1 QQQ,F_exit1,E2015_16_china,-1.499988129878281,,-0.016533605869110013,,,market_factor_A0_calendar,-0.014112895112613488,2015-06-01,2015-06-10,2015-06-10,-0.016533605869110013,8.0,0.7324856715820257,P1
P1 QQQ,F_exit1,K2013_14_bull,1.8120096004758295,,-0.05127363979186106,,,calm_controls,0.3560685905107206,2014-03-05,2014-04-11,,-0.05127363979186106,28.0,0.699608786235455,P1
P1 QQQ,F_exit1,A_bull_2021,0.6120761187834819,,-0.05718946016097215,,,calm_controls,0.05579679078931221,2021-09-07,2021-12-06,2021-09-30,-0.054787512577067043,64.0,0.8604430461917618,P1
P1 QQQ,F_exit1,D_recent_2025plus,0.6616343364700983,,-0.07730342940400359,,,calm_controls,0.1832512532417323,2026-01-28,2026-03-31,2026-03-31,-0.07730342940400359,44.0,0.7314824073868041,P1
P1 QQQ,G_own,FULL,0.8044280408032521,2.3044325363065528,-0.10229410646854398,4.202353615225562,,,,,,,,,,P1
P1 QQQ,G_own,E_bear_2018q4,-2.4211593228574046,,-0.08486809305060794,,,modern_folds,-0.07739543174067187,2018-10-01,2018-10-25,2018-10-11,-0.0694027789855276,19.0,0.8238272775061795,P1
P1 QQQ,G_own,X_2020_covid,1.5738576629194867,,-0.07844385110886531,,,modern_folds,0.13616328021452873,2020-02-19,2020-03-09,2020-02-25,-0.051269367912343045,14.0,0.6833228976001032,P1
P1 QQQ,G_own,B_bear_2022,,,0.0,,,modern_folds,0.012881409782865116,2022-01-03,2022-01-03,,0.0,1.0,0.0,P1
P1 QQQ,G_own,E2007_09_gfc,0.04123386763683124,,-0.05116372798736468,,,market_factor_A0_calendar,0.02928248542208678,2007-10-31,2007-11-12,2007-11-12,-0.05116372798736468,9.0,0.5456422373993298,P1
P1 QQQ,G_own,E2011_eu_us,-0.6718315664230894,,-0.07900021297854842,,,market_factor_A0_calendar,-0.04837386148485745,2011-05-10,2011-08-19,2011-08-05,-0.06281810258880693,72.0,0.801029998090677,P1
P1 QQQ,G_own,E2015_16_china,0.10655965937417837,,-0.015964455522631482,,,market_factor_A0_calendar,0.001962493072399152,2015-06-01,2015-06-09,,-0.015964455522631482,7.0,0.7324856715820257,P1
P1 QQQ,G_own,K2013_14_bull,1.9154423012539445,,-0.04441495238285087,,,calm_controls,0.3651309685485511,2013-05-17,2013-06-24,,-0.04441495238285087,26.0,0.7615458515676063,P1
P1 QQQ,G_own,A_bull_2021,0.6248105380436497,,-0.06599294336707406,,,calm_controls,0.05978725487062442,2021-09-07,2021-10-04,2021-09-24,-0.041055564598284966,20.0,0.8604430461917618,P1
P1 QQQ,G_own,D_recent_2025plus,0.4429734356277915,,-0.07967300231311347,,,calm_controls,0.1446911518315479,2026-01-28,2026-03-30,2026-02-09,-0.041630091250214996,43.0,0.7314824073868041,P1
P1 QQQ,G_spy,FULL,0.7953175223823119,2.256239946424838,-0.10727302785780435,4.0144588688382585,,,,,,,,,,P1
P1 QQQ,G_spy,E_bear_2018q4,-2.4211593228574046,,-0.08486809305060794,,,modern_folds,-0.07739543174067187,2018-10-01,2018-10-25,2018-10-11,-0.0694027789855276,19.0,0.8238272775061795,P1
P1 QQQ,G_spy,X_2020_covid,1.515254374997736,,-0.07962191811871544,,,modern_folds,0.12992264286561617,2020-02-19,2020-04-21,2020-02-25,-0.05126936791234327,44.0,0.6833228976001032,P1
P1 QQQ,G_spy,B_bear_2022,,,0.0,,,modern_folds,0.012881409782865116,2022-01-03,2022-01-03,,0.0,1.0,0.0,P1
P1 QQQ,G_spy,E2007_09_gfc,0.27156180944300223,,-0.04837853692613392,,,market_factor_A0_calendar,0.04463011395608518,2007-10-31,2007-11-12,2007-11-08,-0.02447219914745624,9.0,0.5456422373993298,P1
P1 QQQ,G_spy,E2011_eu_us,-0.6507941163515558,,-0.07762700224466212,,,market_factor_A0_calendar,-0.0469549868591832,2011-05-10,2011-08-19,2011-06-02,-0.035610485528741354,72.0,0.801029998090677,P1
P1 QQQ,G_spy,E2015_16_china,0.10655965937417837,,-0.015964455522631482,,,market_factor_A0_calendar,0.001962493072399152,2015-06-01,2015-06-09,,-0.015964455522631482,7.0,0.7324856715820257,P1
P1 QQQ,G_spy,K2013_14_bull,1.8885649761750107,,-0.04881659514669512,,,calm_controls,0.36204427537651607,2014-03-05,2014-04-11,2014-04-11,-0.04881659514669512,28.0,0.699608786235455,P1
P1 QQQ,G_spy,A_bull_2021,0.7117192659301826,,-0.06506614477046624,,,calm_controls,0.06798565706785897,2021-09-07,2021-10-04,,-0.06506614477046624,20.0,0.8604430461917618,P1
P1 QQQ,G_spy,D_recent_2025plus,0.4624573845143035,,-0.08811244832064646,,,calm_controls,0.14776031691838054,2025-10-29,2026-03-30,,-0.08811244832064646,104.0,0.6107250220997986,P1
P1 QQQ,buy_hold,FULL,0.6974859309540281,1.2481123685845819,-0.5341365461847393,0.0,,,,,,,,,,P1
P1 QQQ,buy_hold,E_bear_2018q4,-0.5031077658821073,,-0.2270184756200916,,,modern_folds,-0.06775067750677521,2018-10-01,2018-12-24,,-0.2270184756200916,59.0,1.0,P1
P1 QQQ,buy_hold,X_2020_covid,1.251031718692228,,-0.2856139426664913,,,modern_folds,0.44246568836966227,2020-02-19,2020-03-16,,-0.2856139426664913,19.0,1.0,P1
P1 QQQ,buy_hold,B_bear_2022,-1.1098435722040214,,-0.3482789507357644,,,modern_folds,-0.32578869855049963,2022-01-03,2022-11-03,,-0.3482789507357644,212.0,1.0,P1
P1 QQQ,buy_hold,E2007_09_gfc,-0.4033057178391656,,-0.534136546184738,,,market_factor_A0_calendar,-0.2873303167420792,2007-10-31,2008-11-20,,-0.534136546184738,268.0,1.0,P1
P1 QQQ,buy_hold,E2011_eu_us,-0.13784088336215178,,-0.16106228505922837,,,market_factor_A0_calendar,-0.04831851565519807,2011-07-26,2011-08-19,,-0.16106228505922837,19.0,1.0,P1
P1 QQQ,buy_hold,E2015_16_china,0.12130554124431514,,-0.16104164708094437,,,market_factor_A0_calendar,0.00296501284838957,2015-12-01,2016-02-09,,-0.16104164708094437,48.0,1.0,P1
P1 QQQ,buy_hold,K2013_14_bull,1.9348094159069582,,-0.0824764821702032,,,calm_controls,0.6287188306104865,2014-09-18,2014-10-16,,-0.0824764821702032,21.0,1.0,P1
P1 QQQ,buy_hold,A_bull_2021,1.421798245983131,,-0.10852546587664624,,,calm_controls,0.27421478896424745,2021-02-12,2021-03-08,,-0.10852546587664624,16.0,1.0,P1
P1 QQQ,buy_hold,D_recent_2025plus,0.8420428416425492,,-0.22767673749859962,,,calm_controls,0.4158160249083669,2025-02-19,2025-04-08,,-0.22767673749859962,35.0,1.0,P1
P1 XLK,incumbent,FULL,0.6720370446330262,1.7875989344048528,-0.10402299929382008,2.4437465596755,1.8940421631530706,,,,,,,,,P1
P1 XLK,incumbent,E_bear_2018q4,-1.6996622843557891,,-0.08102905160478135,,,modern_folds,-0.057270633432647156,2018-10-03,2018-10-25,2018-10-11,-0.07737836973857959,17.0,0.9564556916733313,P1
P1 XLK,incumbent,X_2020_covid,0.8118594838138966,,-0.10043399640404382,,,modern_folds,0.07495577729199576,2020-02-19,2020-04-21,2020-03-03,-0.071492964162582,44.0,0.5568350131476418,P1
P1 XLK,incumbent,B_bear_2022,-1.2647380048313601,,-0.026844950354008912,,,modern_folds,-0.01075179716798036,2022-01-03,2022-01-14,2022-01-14,-0.026844950354008912,10.0,0.3839446473676471,P1
P1 XLK,incumbent,E2007_09_gfc,-0.6712873808996835,,-0.09043304874667868,,,market_factor_A0_calendar,-0.031236710497428044,2007-10-31,2008-01-08,2007-12-04,-0.05856422214703361,47.0,0.6843870950367977,P1
P1 XLK,incumbent,E2011_eu_us,-0.6015558381200493,,-0.086149147916594,,,market_factor_A0_calendar,-0.04602944883913174,2011-05-10,2011-08-19,2011-08-05,-0.06386458096983605,72.0,0.8486942843485389,P1
P1 XLK,incumbent,E2015_16_china,-0.9003554739405594,,-0.03129490077790931,,,market_factor_A0_calendar,-0.02151077018918346,2015-06-01,2015-11-13,2015-06-18,-0.018401570194817807,118.0,0.7030202570194131,P1
P1 XLK,incumbent,K2013_14_bull,1.2128684165200925,,-0.04683684640869379,,,calm_controls,0.21063036142009417,2013-05-17,2013-06-24,,-0.04683684640869379,26.0,0.830002835933788,P1
P1 XLK,incumbent,A_bull_2021,1.0949058543282344,,-0.05519270765022144,,,calm_controls,0.1134693683461816,2021-08-30,2021-11-01,2021-10-05,-0.05378346854327454,45.0,0.8520227928601892,P1
P1 XLK,incumbent,D_recent_2025plus,1.040708264035397,,-0.0746694195846681,,,calm_controls,0.25946698754542363,2025-10-29,2026-03-30,,-0.0746694195846681,104.0,0.49196394793002896,P1
P1 XLK,E_2s,FULL,0.6541014097274357,1.6940240282787091,-0.10915430533109938,2.495462072475101,1.9864344637946838,,,,,,,,,P1
P1 XLK,E_2s,E_bear_2018q4,-1.6996622843557891,,-0.08102905160478135,,,modern_folds,-0.057270633432647156,2018-10-03,2018-10-25,2018-10-11,-0.07737836973857959,17.0,0.9564556916733313,P1
P1 XLK,E_2s,X_2020_covid,0.8118594838138966,,-0.10043399640404382,,,modern_folds,0.07495577729199576,2020-02-19,2020-04-21,2020-03-03,-0.071492964162582,44.0,0.5568350131476418,P1
P1 XLK,E_2s,B_bear_2022,-1.2647380048313601,,-0.026844950354008912,,,modern_folds,-0.01075179716798036,2022-01-03,2022-01-14,2022-01-14,-0.026844950354008912,10.0,0.3839446473676471,P1
P1 XLK,E_2s,E2007_09_gfc,-0.6712873808996835,,-0.09043304874667868,,,market_factor_A0_calendar,-0.031236710497428044,2007-10-31,2008-01-08,2007-12-04,-0.05856422214703361,47.0,0.6843870950367977,P1
P1 XLK,E_2s,E2011_eu_us,-0.6015558381200493,,-0.086149147916594,,,market_factor_A0_calendar,-0.04602944883913174,2011-05-10,2011-08-19,2011-08-05,-0.06386458096983605,72.0,0.8486942843485389,P1
P1 XLK,E_2s,E2015_16_china,-0.9003554739405594,,-0.03129490077790931,,,market_factor_A0_calendar,-0.02151077018918346,2015-06-01,2015-11-13,2015-06-18,-0.018401570194817807,118.0,0.7030202570194131,P1
P1 XLK,E_2s,K2013_14_bull,1.2159580596419899,,-0.0468368464086939,,,calm_controls,0.21152332957009357,2013-05-17,2013-06-24,,-0.0468368464086939,26.0,0.830002835933788,P1
P1 XLK,E_2s,A_bull_2021,1.0949058543282344,,-0.05519270765022144,,,calm_controls,0.1134693683461816,2021-08-30,2021-11-01,2021-10-05,-0.05378346854327454,45.0,0.8520227928601892,P1
P1 XLK,E_2s,D_recent_2025plus,1.040708264035397,,-0.0746694195846681,,,calm_controls,0.25946698754542363,2025-10-29,2026-03-30,,-0.0746694195846681,104.0,0.49196394793002896,P1
P1 XLK,E_3s,FULL,0.6720370446330262,1.7875989344048528,-0.10402299929382008,2.4437465596755,1.8940421631530706,,,,,,,,,P1
P1 XLK,E_3s,E_bear_2018q4,-1.6996622843557891,,-0.08102905160478135,,,modern_folds,-0.057270633432647156,2018-10-03,2018-10-25,2018-10-11,-0.07737836973857959,17.0,0.9564556916733313,P1
P1 XLK,E_3s,X_2020_covid,0.8118594838138966,,-0.10043399640404382,,,modern_folds,0.07495577729199576,2020-02-19,2020-04-21,2020-03-03,-0.071492964162582,44.0,0.5568350131476418,P1
P1 XLK,E_3s,B_bear_2022,-1.2647380048313601,,-0.026844950354008912,,,modern_folds,-0.01075179716798036,2022-01-03,2022-01-14,2022-01-14,-0.026844950354008912,10.0,0.3839446473676471,P1
P1 XLK,E_3s,E2007_09_gfc,-0.6712873808996835,,-0.09043304874667868,,,market_factor_A0_calendar,-0.031236710497428044,2007-10-31,2008-01-08,2007-12-04,-0.05856422214703361,47.0,0.6843870950367977,P1
P1 XLK,E_3s,E2011_eu_us,-0.6015558381200493,,-0.086149147916594,,,market_factor_A0_calendar,-0.04602944883913174,2011-05-10,2011-08-19,2011-08-05,-0.06386458096983605,72.0,0.8486942843485389,P1
P1 XLK,E_3s,E2015_16_china,-0.9003554739405594,,-0.03129490077790931,,,market_factor_A0_calendar,-0.02151077018918346,2015-06-01,2015-11-13,2015-06-18,-0.018401570194817807,118.0,0.7030202570194131,P1
P1 XLK,E_3s,K2013_14_bull,1.2128684165200925,,-0.04683684640869379,,,calm_controls,0.21063036142009417,2013-05-17,2013-06-24,,-0.04683684640869379,26.0,0.830002835933788,P1
P1 XLK,E_3s,A_bull_2021,1.0949058543282344,,-0.05519270765022144,,,calm_controls,0.1134693683461816,2021-08-30,2021-11-01,2021-10-05,-0.05378346854327454,45.0,0.8520227928601892,P1
P1 XLK,E_3s,D_recent_2025plus,1.040708264035397,,-0.0746694195846681,,,calm_controls,0.25946698754542363,2025-10-29,2026-03-30,,-0.0746694195846681,104.0,0.49196394793002896,P1
P1 XLK,F_exit2,FULL,0.667024114116797,1.7364431063392287,-0.1121465842957412,2.5138635925229877,2.1712190650779104,,,,,,,,,P1
P1 XLK,F_exit2,E_bear_2018q4,-1.79364617750954,,-0.08012986760777252,,,modern_folds,-0.05597068523331439,2018-10-03,2018-10-19,2018-10-11,-0.07737836973857959,13.0,0.9564556916733313,P1
P1 XLK,F_exit2,X_2020_covid,0.9828623570663831,,-0.09866589229402356,,,modern_folds,0.08753550944841448,2020-02-19,2020-03-09,2020-03-02,-0.071492964162582,14.0,0.5568350131476418,P1
P1 XLK,F_exit2,B_bear_2022,-1.3198923798137439,,-0.021323103127499854,,,modern_folds,-0.005138634653821583,2022-01-03,2022-01-11,2022-01-11,-0.021323103127499854,7.0,0.3839446473676471,P1
P1 XLK,F_exit2,E2007_09_gfc,-0.7827082074446683,,-0.090632424553174,,,market_factor_A0_calendar,-0.03999518413436254,2007-10-31,2008-01-09,2007-12-04,-0.05856422214703361,48.0,0.6843870950367977,P1
P1 XLK,F_exit2,E2011_eu_us,-0.6015558381200493,,-0.086149147916594,,,market_factor_A0_calendar,-0.04602944883913174,2011-05-10,2011-08-19,2011-08-05,-0.06386458096983605,72.0,0.8486942843485389,P1
P1 XLK,F_exit2,E2015_16_china,-0.7369551244308477,,-0.018401570194817807,,,market_factor_A0_calendar,-0.01379580409916814,2015-06-01,2015-06-09,,-0.018401570194817807,7.0,0.7030202570194131,P1
P1 XLK,F_exit2,K2013_14_bull,1.2128684165200925,,-0.04683684640869379,,,calm_controls,0.21063036142009417,2013-05-17,2013-06-24,,-0.04683684640869379,26.0,0.830002835933788,P1
P1 XLK,F_exit2,A_bull_2021,1.1933521120786748,,-0.047468615035407224,,,calm_controls,0.12322599644039878,2021-02-12,2021-03-08,,-0.047468615035407224,16.0,0.4745462729737596,P1
P1 XLK,F_exit2,D_recent_2025plus,1.0073717818146084,,-0.07466941958466844,,,calm_controls,0.25084588853794987,2025-10-29,2026-03-30,,-0.07466941958466844,104.0,0.49196394793002896,P1
P1 XLK,F_exit1,FULL,0.6163958628549722,1.5775246549196646,-0.11252384501710067,2.665219011355324,2.540788267644363,,,,,,,,,P1
P1 XLK,F_exit1,E_bear_2018q4,-1.805884002329627,,-0.07760751833651269,,,modern_folds,-0.0529086861407988,2018-10-03,2018-10-12,2018-10-11,-0.07737836973857959,8.0,0.9564556916733313,P1
P1 XLK,F_exit1,X_2020_covid,0.8125975334311402,,-0.10358422462666417,,,modern_folds,0.07119134420519835,2020-02-19,2020-04-21,2020-02-28,-0.07168571888455444,44.0,0.5568350131476418,P1
P1 XLK,F_exit1,B_bear_2022,-1.323491105724092,,-0.022160759409856068,,,modern_folds,-0.005857128031989456,2022-01-03,2022-01-10,2022-01-10,-0.022160759409856068,6.0,0.3982314319189267,P1
P1 XLK,F_exit1,E2007_09_gfc,-0.5583415030234072,,-0.08075115582020453,,,market_factor_A0_calendar,-0.020411582787845717,2007-10-31,2008-01-08,2007-12-04,-0.05856422214703361,47.0,0.6843870950367977,P1
P1 XLK,F_exit1,E2011_eu_us,-0.8156363632416227,,-0.09519481918893735,,,market_factor_A0_calendar,-0.06084389838344373,2011-05-10,2011-10-03,2011-08-05,-0.06386458096983605,102.0,0.8486942843485389,P1
P1 XLK,F_exit1,E2015_16_china,-1.318606062961866,,-0.022353346287064535,,,market_factor_A0_calendar,-0.019838267668772724,2015-06-01,2015-10-27,2015-06-10,-0.019302451868540293,105.0,0.7161332001258236,P1
P1 XLK,F_exit1,K2013_14_bull,1.2128684165200925,,-0.04683684640869379,,,calm_controls,0.21063036142009417,2013-05-17,2013-06-24,,-0.04683684640869379,26.0,0.830002835933788,P1
P1 XLK,F_exit1,A_bull_2021,0.9954395827420914,,-0.047468615035407224,,,calm_controls,0.10005742108006221,2021-02-12,2021-03-08,,-0.047468615035407224,16.0,0.4745462729737596,P1
P1 XLK,F_exit1,D_recent_2025plus,0.7216198492162476,,-0.07466941958466855,,,calm_controls,0.19293797049722405,2025-10-29,2026-03-30,,-0.07466941958466855,104.0,0.49196394793002896,P1
P1 XLK,G_own,FULL,0.6670073962467373,1.7920675927788559,-0.11260396761290326,4.078692132196037,,,,,,,,,,P1
P1 XLK,G_own,E_bear_2018q4,-1.9616991221020819,,-0.08683260564185935,,,modern_folds,-0.06324308303377246,2018-10-03,2018-10-25,2018-10-11,-0.07495130476313827,17.0,0.9564556916733313,P1
P1 XLK,G_own,X_2020_covid,1.0590481171996131,,-0.09102477780034768,,,modern_folds,0.09165865909605087,2020-02-19,2020-04-21,2020-02-25,-0.04687858906443754,44.0,0.5568350131476418,P1
P1 XLK,G_own,B_bear_2022,-1.265724239194994,,-0.026865109438626078,,,modern_folds,-0.010773175742085805,2022-01-03,2022-01-14,2022-01-14,-0.026865109438626078,10.0,0.3839446473676471,P1
P1 XLK,G_own,E2007_09_gfc,-0.6683032348148206,,-0.08002168636226525,,,market_factor_A0_calendar,-0.027527307913750132,2007-10-31,2008-01-08,2007-11-09,-0.04583401730279191,47.0,0.6843870950367977,P1
P1 XLK,G_own,E2011_eu_us,-0.5889608636285492,,-0.08270345213036889,,,market_factor_A0_calendar,-0.04264047728320419,2011-05-10,2011-08-19,2011-08-05,-0.06389139200423488,72.0,0.8486942843485389,P1
P1 XLK,G_own,E2015_16_china,-0.9015479317674476,,-0.031320030181073766,,,market_factor_A0_calendar,-0.021538219588226104,2015-06-01,2015-11-13,2015-06-18,-0.018406875862840844,118.0,0.7030202570194131,P1
P1 XLK,G_own,K2013_14_bull,1.278566331802987,,-0.045396356101947366,,,calm_controls,0.2197995518039908,2013-05-17,2013-06-24,2013-06-21,-0.037158278713043114,26.0,0.830002835933788,P1
P1 XLK,G_own,A_bull_2021,1.1391406196688854,,-0.05531195518493004,,,calm_controls,0.11814080813866923,2021-08-30,2021-11-01,2021-09-29,-0.04496419576173216,45.0,0.8520227928601892,P1
P1 XLK,G_own,D_recent_2025plus,0.9750944482484463,,-0.07389233486811486,,,calm_controls,0.24355208042973264,2025-10-29,2026-03-30,2026-02-05,-0.05090487307448932,104.0,0.49196394793002896,P1
P1 XLK,G_spy,FULL,0.6482358289188281,1.6949662777808203,-0.1126039676129027,3.965215259139842,,,,,,,,,,P1
P1 XLK,G_spy,E_bear_2018q4,-1.9616991221020819,,-0.08683260564185935,,,modern_folds,-0.06324308303377246,2018-10-03,2018-10-25,2018-10-11,-0.07495130476313827,17.0,0.9564556916733313,P1
P1 XLK,G_spy,X_2020_covid,1.1999296235279995,,-0.08346806254013595,,,modern_folds,0.10103555340343817,2020-02-19,2020-04-21,2020-02-25,-0.04687858906443787,44.0,0.5568350131476418,P1
P1 XLK,G_spy,B_bear_2022,-1.265724239194994,,-0.026865109438626078,,,modern_folds,-0.010773175742085805,2022-01-03,2022-01-14,2022-01-14,-0.026865109438626078,10.0,0.3839446473676471,P1
P1 XLK,G_spy,E2007_09_gfc,-0.5829454144117644,,-0.08159582400898668,,,market_factor_A0_calendar,-0.021930985539212133,2007-10-31,2008-01-08,2007-11-08,-0.031527484277298234,47.0,0.6843870950367977,P1
P1 XLK,G_spy,E2011_eu_us,-0.5626615503356006,,-0.08103534383374889,,,market_factor_A0_calendar,-0.04089951426922511,2011-05-10,2011-08-19,2011-06-02,-0.035547966855021484,72.0,0.8486942843485389,P1
P1 XLK,G_spy,E2015_16_china,-0.9015479317674476,,-0.031320030181073766,,,market_factor_A0_calendar,-0.021538219588226104,2015-06-01,2015-11-13,2015-06-18,-0.018406875862840844,118.0,0.7030202570194131,P1
P1 XLK,G_spy,K2013_14_bull,1.258429050477294,,-0.04685610216784852,,,calm_controls,0.21312599022462075,2013-05-17,2013-06-24,,-0.04685610216784852,26.0,0.830002835933788,P1
P1 XLK,G_spy,A_bull_2021,1.1035347327580576,,-0.05521644831838601,,,calm_controls,0.11250812285034328,2021-08-30,2021-11-01,2021-10-05,-0.053807244622128825,45.0,0.8520227928601892,P1
P1 XLK,G_spy,D_recent_2025plus,0.8717264371066724,,-0.08864158965787172,,,calm_controls,0.22396515393721605,2025-10-29,2026-03-30,2026-02-09,-0.06568042282358322,104.0,0.49196394793002896,P1
P1 XLK,buy_hold,FULL,0.674216228900642,1.2464007232707908,-0.5307414104882456,0.0,,,,,,,,,,P1
P1 XLK,buy_hold,E_bear_2018q4,-0.3663173494039166,,-0.23769100169779322,,,modern_folds,-0.055048488305762255,2018-10-03,2018-12-24,,-0.23769100169779322,57.0,1.0,P1
P1 XLK,buy_hold,X_2020_covid,1.0412301584738566,,-0.31156294927089734,,,modern_folds,0.38086802480071036,2020-02-19,2020-03-23,,-0.31156294927089734,24.0,1.0,P1
P1 XLK,buy_hold,B_bear_2022,-0.8680763438815495,,-0.33125073676765326,,,modern_folds,-0.27724892908138987,2022-01-03,2022-10-12,,-0.33125073676765326,196.0,1.0,P1
P1 XLK,buy_hold,E2007_09_gfc,-0.4335533346917815,,-0.530741410488246,,,market_factor_A0_calendar,-0.3073263558515702,2007-10-31,2008-11-20,,-0.530741410488246,268.0,1.0,P1
P1 XLK,buy_hold,E2011_eu_us,-0.08067463187592984,,-0.15894641235240703,,,market_factor_A0_calendar,-0.03561643835616479,2011-07-26,2011-08-19,,-0.15894641235240703,19.0,1.0,P1
P1 XLK,buy_hold,E2015_16_china,0.34799430521676544,,-0.1369294605809127,,,market_factor_A0_calendar,0.04249737670514042,2015-07-20,2015-08-25,,-0.1369294605809127,27.0,1.0,P1
P1 XLK,buy_hold,K2013_14_bull,1.7056844648703178,,-0.0795454545454547,,,calm_controls,0.4872637633525061,2014-09-18,2014-10-16,,-0.0795454545454547,21.0,1.0,P1
P1 XLK,buy_hold,A_bull_2021,1.6435587614712046,,-0.0920577617328523,,,calm_controls,0.34765875561257253,2021-02-12,2021-03-08,,-0.0920577617328523,16.0,1.0,P1
P1 XLK,buy_hold,D_recent_2025plus,1.0084265815832376,,-0.2565597667638485,,,calm_controls,0.6146972063161522,2025-02-19,2025-04-08,,-0.2565597667638485,35.0,1.0,P1
P1 IWM,incumbent,FULL,0.327280128351165,0.7548376856080877,-0.12598831450929304,2.0161626723634227,1.8300294406280668,,,,,,,,,P1
P1 IWM,incumbent,E_bear_2018q4,-2.307486026472011,,-0.0598945246161352,,,modern_folds,-0.043667503061823765,2018-09-04,2018-10-10,2018-10-10,-0.0598945246161352,27.0,0.9506181447391302,P1
P1 IWM,incumbent,X_2020_covid,0.6397401435772996,,-0.10692067941731764,,,modern_folds,0.0485329514157713,2020-02-20,2020-09-24,2020-02-28,-0.07305259920634333,152.0,0.6783343776582801,P1
P1 IWM,incumbent,B_bear_2022,,,0.0,,,modern_folds,0.012881409782865116,2022-01-03,2022-01-03,,0.0,1.0,0.0,P1
P1 IWM,incumbent,E2007_09_gfc,-0.8315488067521172,,-0.06394352137577364,,,market_factor_A0_calendar,-0.03538844640192895,2007-10-09,2009-04-20,2007-12-04,-0.055795515324498224,385.0,0.427799193186449,P1
P1 IWM,incumbent,E2011_eu_us,-1.1064367017352437,,-0.11848505831902423,,,market_factor_A0_calendar,-0.08155575343272303,2011-05-10,2011-10-03,2011-08-05,-0.0815656327479396,102.0,0.6241029293136185,P1
P1 IWM,incumbent,E2015_16_china,,,0.0,,,market_factor_A0_calendar,0.0,2015-06-01,2015-06-01,,0.0,1.0,0.0,P1
P1 IWM,incumbent,K2013_14_bull,0.8428233186064015,,-0.05645476953842998,,,calm_controls,0.15500165155903578,2014-01-22,2014-05-15,,-0.05645476953842998,80.0,0.7735974027158198,P1
P1 IWM,incumbent,A_bull_2021,0.6241315194986374,,-0.0669952183896062,,,calm_controls,0.059353151199784016,2021-11-08,2021-12-01,,-0.0669952183896062,17.0,0.5305399087332651,P1
P1 IWM,incumbent,D_recent_2025plus,0.6850764654375553,,-0.058359906306190035,,,calm_controls,0.17281317650817196,2026-01-22,2026-03-31,2026-03-31,-0.058359906306190035,48.0,0.5958090641121628,P1
P1 IWM,E_2s,FULL,0.327280128351165,0.7548376856080877,-0.12598831450929304,2.0161626723634227,1.8300294406280668,,,,,,,,,P1
P1 IWM,E_2s,E_bear_2018q4,-2.307486026472011,,-0.0598945246161352,,,modern_folds,-0.043667503061823765,2018-09-04,2018-10-10,2018-10-10,-0.0598945246161352,27.0,0.9506181447391302,P1
P1 IWM,E_2s,X_2020_covid,0.6397401435772996,,-0.10692067941731764,,,modern_folds,0.0485329514157713,2020-02-20,2020-09-24,2020-02-28,-0.07305259920634333,152.0,0.6783343776582801,P1
P1 IWM,E_2s,B_bear_2022,,,0.0,,,modern_folds,0.012881409782865116,2022-01-03,2022-01-03,,0.0,1.0,0.0,P1
P1 IWM,E_2s,E2007_09_gfc,-0.8315488067521172,,-0.06394352137577364,,,market_factor_A0_calendar,-0.03538844640192895,2007-10-09,2009-04-20,2007-12-04,-0.055795515324498224,385.0,0.427799193186449,P1
P1 IWM,E_2s,E2011_eu_us,-1.1064367017352437,,-0.11848505831902423,,,market_factor_A0_calendar,-0.08155575343272303,2011-05-10,2011-10-03,2011-08-05,-0.0815656327479396,102.0,0.6241029293136185,P1
P1 IWM,E_2s,E2015_16_china,,,0.0,,,market_factor_A0_calendar,0.0,2015-06-01,2015-06-01,,0.0,1.0,0.0,P1
P1 IWM,E_2s,K2013_14_bull,0.8428233186064015,,-0.05645476953842998,,,calm_controls,0.15500165155903578,2014-01-22,2014-05-15,,-0.05645476953842998,80.0,0.7735974027158198,P1
P1 IWM,E_2s,A_bull_2021,0.6241315194986374,,-0.0669952183896062,,,calm_controls,0.059353151199784016,2021-11-08,2021-12-01,,-0.0669952183896062,17.0,0.5305399087332651,P1
P1 IWM,E_2s,D_recent_2025plus,0.6850764654375553,,-0.058359906306190035,,,calm_controls,0.17281317650817196,2026-01-22,2026-03-31,2026-03-31,-0.058359906306190035,48.0,0.5958090641121628,P1
P1 IWM,E_3s,FULL,0.327280128351165,0.7548376856080877,-0.12598831450929304,2.0161626723634227,1.8300294406280668,,,,,,,,,P1
P1 IWM,E_3s,E_bear_2018q4,-2.307486026472011,,-0.0598945246161352,,,modern_folds,-0.043667503061823765,2018-09-04,2018-10-10,2018-10-10,-0.0598945246161352,27.0,0.9506181447391302,P1
P1 IWM,E_3s,X_2020_covid,0.6397401435772996,,-0.10692067941731764,,,modern_folds,0.0485329514157713,2020-02-20,2020-09-24,2020-02-28,-0.07305259920634333,152.0,0.6783343776582801,P1
P1 IWM,E_3s,B_bear_2022,,,0.0,,,modern_folds,0.012881409782865116,2022-01-03,2022-01-03,,0.0,1.0,0.0,P1
P1 IWM,E_3s,E2007_09_gfc,-0.8315488067521172,,-0.06394352137577364,,,market_factor_A0_calendar,-0.03538844640192895,2007-10-09,2009-04-20,2007-12-04,-0.055795515324498224,385.0,0.427799193186449,P1
P1 IWM,E_3s,E2011_eu_us,-1.1064367017352437,,-0.11848505831902423,,,market_factor_A0_calendar,-0.08155575343272303,2011-05-10,2011-10-03,2011-08-05,-0.0815656327479396,102.0,0.6241029293136185,P1
P1 IWM,E_3s,E2015_16_china,,,0.0,,,market_factor_A0_calendar,0.0,2015-06-01,2015-06-01,,0.0,1.0,0.0,P1
P1 IWM,E_3s,K2013_14_bull,0.8428233186064015,,-0.05645476953842998,,,calm_controls,0.15500165155903578,2014-01-22,2014-05-15,,-0.05645476953842998,80.0,0.7735974027158198,P1
P1 IWM,E_3s,A_bull_2021,0.6241315194986374,,-0.0669952183896062,,,calm_controls,0.059353151199784016,2021-11-08,2021-12-01,,-0.0669952183896062,17.0,0.5305399087332651,P1
P1 IWM,E_3s,D_recent_2025plus,0.6850764654375553,,-0.058359906306190035,,,calm_controls,0.17281317650817196,2026-01-22,2026-03-31,2026-03-31,-0.058359906306190035,48.0,0.5958090641121628,P1
P1 IWM,F_exit2,FULL,0.2838278758673094,0.6577624460744085,-0.13380603051311346,2.154054008883389,2.324631992149166,,,,,,,,,P1
P1 IWM,F_exit2,E_bear_2018q4,-1.8216701112390925,,-0.0477705693356949,,,modern_folds,-0.031043649205064305,2018-09-04,2018-10-05,2018-10-05,-0.0477705693356949,24.0,0.9506181447391302,P1
P1 IWM,F_exit2,X_2020_covid,0.6275689932212205,,-0.09118520636293614,,,modern_folds,0.04440347108990639,2020-02-20,2020-10-30,2020-02-26,-0.05291892972687107,178.0,0.6783343776582801,P1
P1 IWM,F_exit2,B_bear_2022,,,0.0,,,modern_folds,0.012881409782865116,2022-01-03,2022-01-03,,0.0,1.0,0.0,P1
P1 IWM,F_exit2,E2007_09_gfc,-0.8142184313648893,,-0.058499106881939045,,,market_factor_A0_calendar,-0.028886252437437254,2007-10-09,2008-01-03,2007-12-04,-0.055795515324498224,60.0,0.427799193186449,P1
P1 IWM,F_exit2,E2011_eu_us,-1.5746294978101856,,-0.12134970428177738,,,market_factor_A0_calendar,-0.10874091680266296,2011-05-10,2011-11-25,2011-08-05,-0.0815656327479396,140.0,0.6241029293136185,P1
P1 IWM,F_exit2,E2015_16_china,,,0.0,,,market_factor_A0_calendar,0.0,2015-06-01,2015-06-01,,0.0,1.0,0.0,P1
P1 IWM,F_exit2,K2013_14_bull,0.8428233186064015,,-0.05645476953842998,,,calm_controls,0.15500165155903578,2014-01-22,2014-05-15,,-0.05645476953842998,80.0,0.7735974027158198,P1
P1 IWM,F_exit2,A_bull_2021,0.42518528540356837,,-0.06734463159572912,,,calm_controls,0.037694949689641266,2021-11-08,2021-12-02,2021-12-02,-0.06734463159572912,18.0,0.5305399087332651,P1
P1 IWM,F_exit2,D_recent_2025plus,0.5986438856839217,,-0.053926671665326276,,,calm_controls,0.15610365966518258,2026-01-22,2026-03-23,2026-03-23,-0.053926671665326276,42.0,0.5958090641121628,P1
P1 IWM,F_exit1,FULL,0.2962941042939029,0.6615400221086611,-0.16801952321051172,2.4093829293423594,2.819234543670265,,,,,,,,,P1
P1 IWM,F_exit1,E_bear_2018q4,-1.819482326265007,,-0.042579736582224914,,,modern_folds,-0.025566776551949166,2018-09-04,2018-10-03,2018-10-03,-0.042579736582224914,22.0,0.9506181447391302,P1
P1 IWM,F_exit1,X_2020_covid,0.745835793817474,,-0.0862860498016148,,,modern_folds,0.05053177873798398,2020-02-20,2020-10-30,2020-02-26,-0.05291892972687107,178.0,0.6783343776582801,P1
P1 IWM,F_exit1,B_bear_2022,,,0.0,,,modern_folds,0.012881409782865116,2022-01-03,2022-01-03,,0.0,1.0,0.0,P1
P1 IWM,F_exit1,E2007_09_gfc,-0.7464929285959804,,-0.055795515324498224,,,market_factor_A0_calendar,-0.024218584206757043,2007-10-09,2007-11-26,,-0.055795515324498224,34.0,0.427799193186449,P1
P1 IWM,F_exit1,E2011_eu_us,-2.320084174292388,,-0.14004027876926972,,,market_factor_A0_calendar,-0.14544031605567131,2011-05-10,2011-12-13,2011-08-05,-0.0815656327479396,152.0,0.6241029293136185,P1
P1 IWM,F_exit1,E2015_16_china,,,0.0,,,market_factor_A0_calendar,0.0,2015-06-01,2015-06-01,,0.0,1.0,0.0,P1
P1 IWM,F_exit1,K2013_14_bull,0.928645342154695,,-0.05645476953842998,,,calm_controls,0.17156464812908712,2014-01-22,2014-05-15,,-0.05645476953842998,80.0,0.7735974027158198,P1
P1 IWM,F_exit1,A_bull_2021,0.6401090101781273,,-0.049287339059414625,,,calm_controls,0.05922046297043049,2021-06-08,2021-07-19,,-0.049287339059414625,29.0,0.5032117809905879,P1
P1 IWM,F_exit1,D_recent_2025plus,0.6858023317390697,,-0.052322575042663244,,,calm_controls,0.1668985606055582,2026-01-22,2026-03-19,2026-03-16,-0.04703785656990134,40.0,0.5958090641121628,P1
P1 IWM,G_own,FULL,0.34878395882623153,0.8033234227114312,-0.12171625810196052,3.2497492780672252,,,,,,,,,,P1
P1 IWM,G_own,E_bear_2018q4,-2.173581015623468,,-0.055959416311001986,,,modern_folds,-0.03967385914091093,2018-09-04,2018-10-10,2018-10-05,-0.051160231288940095,27.0,0.9506181447391302,P1
P1 IWM,G_own,X_2020_covid,0.9055638782335662,,-0.0876085756577003,,,modern_folds,0.06419588706287582,2020-02-20,2020-09-24,2020-02-25,-0.04272916356366219,152.0,0.6783343776582801,P1
P1 IWM,G_own,B_bear_2022,,,0.0,,,modern_folds,0.012881409782865116,2022-01-03,2022-01-03,,0.0,1.0,0.0,P1
P1 IWM,G_own,E2007_09_gfc,-0.8988706517979504,,-0.06809962586376439,,,market_factor_A0_calendar,-0.03969856947537764,2007-10-09,2009-04-20,2007-10-23,-0.029218145628201242,385.0,0.427799193186449,P1
P1 IWM,G_own,E2011_eu_us,-1.1650401668801469,,-0.11615594885125335,,,market_factor_A0_calendar,-0.08077646398161387,2011-05-10,2011-10-03,2011-06-02,-0.03342229321401269,102.0,0.6241029293136185,P1
P1 IWM,G_own,E2015_16_china,,,0.0,,,market_factor_A0_calendar,0.0,2015-06-01,2015-06-01,,0.0,1.0,0.0,P1
P1 IWM,G_own,K2013_14_bull,0.8557364689206111,,-0.053208991190995314,,,calm_controls,0.15247108680127863,2014-07-03,2014-08-04,2014-08-04,-0.053208991190995314,22.0,0.6892472861882551,P1
P1 IWM,G_own,A_bull_2021,0.7758717016098344,,-0.05740085443682641,,,calm_controls,0.07408561230831756,2021-11-08,2021-12-01,2021-11-29,-0.04769360481388929,17.0,0.5305399087332651,P1
P1 IWM,G_own,D_recent_2025plus,0.6908654972853544,,-0.05692894015739891,,,calm_controls,0.17252166593856377,2026-01-22,2026-03-31,2026-02-09,-0.030285453544502405,48.0,0.5958090641121628,P1
P1 IWM,G_spy,FULL,0.350808860716418,0.8721961800738584,-0.11671773008155106,2.991021453897745,,,,,,,,,,P1
P1 IWM,G_spy,E_bear_2018q4,-2.308000335336957,,-0.059896534882236674,,,modern_folds,-0.04367889658203883,2018-09-04,2018-10-10,2018-10-10,-0.059896534882236674,27.0,0.9506181447391302,P1
P1 IWM,G_spy,X_2020_covid,1.0420622100270507,,-0.08105983739283251,,,modern_folds,0.07387584673278269,2020-02-20,2020-09-24,2020-02-25,-0.042729163563662076,152.0,0.6783343776582801,P1
P1 IWM,G_spy,B_bear_2022,,,0.0,,,modern_folds,0.012881409782865116,2022-01-03,2022-01-03,,0.0,1.0,0.0,P1
P1 IWM,G_spy,E2007_09_gfc,-0.8266882327244924,,-0.0635458843738228,,,market_factor_A0_calendar,-0.035006045909128924,2007-10-09,2009-04-20,2007-11-08,-0.03475802664890204,385.0,0.427799193186449,P1
P1 IWM,G_spy,E2011_eu_us,-1.0620688345017137,,-0.11112577574820592,,,market_factor_A0_calendar,-0.07403850989055438,2011-05-10,2011-10-03,2011-06-02,-0.03342229321401269,102.0,0.6241029293136185,P1
P1 IWM,G_spy,E2015_16_china,,,0.0,,,market_factor_A0_calendar,0.0,2015-06-01,2015-06-01,,0.0,1.0,0.0,P1
P1 IWM,G_spy,K2013_14_bull,0.8073823370181896,,-0.052885419618251994,,,calm_controls,0.14473955229612478,2014-03-04,2014-05-15,2014-04-11,-0.0421724840434744,52.0,0.6033753620662362,P1
P1 IWM,G_spy,A_bull_2021,0.7060548855771923,,-0.057400854436826076,,,calm_controls,0.06690420329975422,2021-11-08,2021-12-01,2021-11-29,-0.047693604813888846,17.0,0.5305399087332651,P1
P1 IWM,G_spy,D_recent_2025plus,0.543568927804448,,-0.055055731570098576,,,calm_controls,0.14833218947875437,2026-01-22,2026-03-31,2026-03-31,-0.055055731570098576,48.0,0.2979045320560814,P1
P1 IWM,buy_hold,FULL,0.39061331030670055,0.5594176332139756,-0.590539319072009,0.0,,,,,,,,,,P1
P1 IWM,buy_hold,E_bear_2018q4,-0.9087843299031182,,-0.26480769230769297,,,modern_folds,-0.08844926611359338,2018-09-04,2018-12-24,,-0.26480769230769297,78.0,1.0,P1
P1 IWM,buy_hold,X_2020_covid,0.7555214623539769,,-0.40822480272021566,,,modern_folds,0.2386992308730258,2020-02-20,2020-03-23,,-0.40822480272021566,23.0,1.0,P1
P1 IWM,buy_hold,B_bear_2022,-0.7243614861595326,,-0.26924882629107905,,,modern_folds,-0.20485995529982237,2022-01-03,2022-06-16,,-0.26924882629107905,115.0,1.0,P1
P1 IWM,buy_hold,E2007_09_gfc,-0.3952170019946755,,-0.583958365222715,,,market_factor_A0_calendar,-0.3481409946885553,2007-10-09,2009-03-09,,-0.583958365222715,356.0,1.0,P1
P1 IWM,buy_hold,E2011_eu_us,-0.39960702986578067,,-0.2852233676975946,,,market_factor_A0_calendar,-0.13626655275523303,2011-07-07,2011-10-03,,-0.2852233676975946,62.0,1.0,P1
P1 IWM,buy_hold,E2015_16_china,-0.49804237333068313,,-0.2567664455995702,,,market_factor_A0_calendar,-0.0940737284181058,2015-06-23,2016-02-11,,-0.2567664455995702,162.0,1.0,P1
P1 IWM,buy_hold,K2013_14_bull,1.3025855424829955,,-0.126936190940088,,,calm_controls,0.45692090395479834,2014-07-03,2014-10-13,,-0.126936190940088,71.0,1.0,P1
P1 IWM,buy_hold,A_bull_2021,0.7273639609193812,,-0.1228730151786892,,,calm_controls,0.14537037037037015,2021-11-08,2021-12-20,,-0.1228730151786892,30.0,1.0,P1
P1 IWM,buy_hold,D_recent_2025plus,0.7584725113204771,,-0.23749337104472334,,,calm_controls,0.3555473848699331,2025-01-21,2025-04-08,,-0.23749337104472334,55.0,1.0,P1
P1 EFA,incumbent,FULL,0.2707570744097055,0.44875885183937575,-0.1677418560517081,1.8964448582687927,1.1057250313414126,,,,,,,,,P1
P1 EFA,incumbent,E_bear_2018q4,,,0.0,,,modern_folds,0.012274106120414352,2018-09-04,2018-09-04,,0.0,1.0,0.0,P1
P1 EFA,incumbent,X_2020_covid,-1.2664604456222832,,-0.1305510996818322,,,modern_folds,-0.08139714108316498,2020-02-12,2020-11-18,2020-02-28,-0.07230312639960579,196.0,0.8189733135194948,P1
P1 EFA,incumbent,B_bear_2022,-1.5319958277013472,,-0.04732151922472716,,,modern_folds,-0.024565384122098632,2022-01-12,2022-01-27,,-0.04732151922472716,11.0,0.7260490631664059,P1
P1 EFA,incumbent,E2007_09_gfc,-0.683222468715569,,-0.08242453776955116,,,market_factor_A0_calendar,-0.030876233014437537,2007-10-31,2008-01-23,,-0.08242453776955116,57.0,0.5963957787746427,P1
P1 EFA,incumbent,E2011_eu_us,-1.2170057223953692,,-0.10854311161466279,,,market_factor_A0_calendar,-0.08715756505218086,2011-05-02,2011-11-25,2011-08-09,-0.09498751811412653,146.0,0.5605936715826257,P1
P1 EFA,incumbent,E2015_16_china,,,0.0,,,market_factor_A0_calendar,0.0,2015-06-01,2015-06-01,,0.0,1.0,0.0,P1
P1 EFA,incumbent,K2013_14_bull,0.4650605404646311,,-0.07354733388022983,,,calm_controls,0.07993189272395584,2014-07-03,2014-09-30,2014-09-30,-0.07354733388022983,62.0,1.0,P1
P1 EFA,incumbent,A_bull_2021,0.5444309707116384,,-0.07139992440119358,,,calm_controls,0.05133661241573639,2021-09-07,2021-12-01,,-0.07139992440119358,61.0,0.9562772652921632,P1
P1 EFA,incumbent,D_recent_2025plus,1.0734226448920292,,-0.08511945046742797,,,calm_controls,0.2857560808567745,2025-03-07,2025-04-08,2025-04-07,-0.0842308578702573,23.0,0.7390722561591818,P1
P1 EFA,E_2s,FULL,0.2707570744097055,0.44875885183937575,-0.1677418560517081,1.8964448582687927,1.1057250313414126,,,,,,,,,P1
P1 EFA,E_2s,E_bear_2018q4,,,0.0,,,modern_folds,0.012274106120414352,2018-09-04,2018-09-04,,0.0,1.0,0.0,P1
P1 EFA,E_2s,X_2020_covid,-1.2664604456222832,,-0.1305510996818322,,,modern_folds,-0.08139714108316498,2020-02-12,2020-11-18,2020-02-28,-0.07230312639960579,196.0,0.8189733135194948,P1
P1 EFA,E_2s,B_bear_2022,-1.5319958277013472,,-0.04732151922472716,,,modern_folds,-0.024565384122098632,2022-01-12,2022-01-27,,-0.04732151922472716,11.0,0.7260490631664059,P1
P1 EFA,E_2s,E2007_09_gfc,-0.683222468715569,,-0.08242453776955116,,,market_factor_A0_calendar,-0.030876233014437537,2007-10-31,2008-01-23,,-0.08242453776955116,57.0,0.5963957787746427,P1
P1 EFA,E_2s,E2011_eu_us,-1.2170057223953692,,-0.10854311161466279,,,market_factor_A0_calendar,-0.08715756505218086,2011-05-02,2011-11-25,2011-08-09,-0.09498751811412653,146.0,0.5605936715826257,P1
P1 EFA,E_2s,E2015_16_china,,,0.0,,,market_factor_A0_calendar,0.0,2015-06-01,2015-06-01,,0.0,1.0,0.0,P1
P1 EFA,E_2s,K2013_14_bull,0.4650605404646311,,-0.07354733388022983,,,calm_controls,0.07993189272395584,2014-07-03,2014-09-30,2014-09-30,-0.07354733388022983,62.0,1.0,P1
P1 EFA,E_2s,A_bull_2021,0.5444309707116384,,-0.07139992440119358,,,calm_controls,0.05133661241573639,2021-09-07,2021-12-01,,-0.07139992440119358,61.0,0.9562772652921632,P1
P1 EFA,E_2s,D_recent_2025plus,1.0734226448920292,,-0.08511945046742797,,,calm_controls,0.2857560808567745,2025-03-07,2025-04-08,2025-04-07,-0.0842308578702573,23.0,0.7390722561591818,P1
P1 EFA,E_3s,FULL,0.2707570744097055,0.44875885183937575,-0.1677418560517081,1.8964448582687927,1.1057250313414126,,,,,,,,,P1
P1 EFA,E_3s,E_bear_2018q4,,,0.0,,,modern_folds,0.012274106120414352,2018-09-04,2018-09-04,,0.0,1.0,0.0,P1
P1 EFA,E_3s,X_2020_covid,-1.2664604456222832,,-0.1305510996818322,,,modern_folds,-0.08139714108316498,2020-02-12,2020-11-18,2020-02-28,-0.07230312639960579,196.0,0.8189733135194948,P1
P1 EFA,E_3s,B_bear_2022,-1.5319958277013472,,-0.04732151922472716,,,modern_folds,-0.024565384122098632,2022-01-12,2022-01-27,,-0.04732151922472716,11.0,0.7260490631664059,P1
P1 EFA,E_3s,E2007_09_gfc,-0.683222468715569,,-0.08242453776955116,,,market_factor_A0_calendar,-0.030876233014437537,2007-10-31,2008-01-23,,-0.08242453776955116,57.0,0.5963957787746427,P1
P1 EFA,E_3s,E2011_eu_us,-1.2170057223953692,,-0.10854311161466279,,,market_factor_A0_calendar,-0.08715756505218086,2011-05-02,2011-11-25,2011-08-09,-0.09498751811412653,146.0,0.5605936715826257,P1
P1 EFA,E_3s,E2015_16_china,,,0.0,,,market_factor_A0_calendar,0.0,2015-06-01,2015-06-01,,0.0,1.0,0.0,P1
P1 EFA,E_3s,K2013_14_bull,0.4650605404646311,,-0.07354733388022983,,,calm_controls,0.07993189272395584,2014-07-03,2014-09-30,2014-09-30,-0.07354733388022983,62.0,1.0,P1
P1 EFA,E_3s,A_bull_2021,0.5444309707116384,,-0.07139992440119358,,,calm_controls,0.05133661241573639,2021-09-07,2021-12-01,,-0.07139992440119358,61.0,0.9562772652921632,P1
P1 EFA,E_3s,D_recent_2025plus,1.0734226448920292,,-0.08511945046742797,,,calm_controls,0.2857560808567745,2025-03-07,2025-04-08,2025-04-07,-0.0842308578702573,23.0,0.7390722561591818,P1
P1 EFA,F_exit2,FULL,0.2357139201540659,0.4445847993194665,-0.1684535326036266,2.263629157279676,1.8428750522356876,,,,,,,,,P1
P1 EFA,F_exit2,E_bear_2018q4,,,0.0,,,modern_folds,0.012274106120414352,2018-09-04,2018-09-04,,0.0,1.0,0.0,P1
P1 EFA,F_exit2,X_2020_covid,-0.983609965972413,,-0.107827320648884,,,modern_folds,-0.057388681957594945,2020-02-12,2020-11-18,2020-02-26,-0.05868978436919803,196.0,0.8189733135194948,P1
P1 EFA,F_exit2,B_bear_2022,-1.3184734414562804,,-0.04230969338154644,,,modern_folds,-0.021750975597664035,2022-01-12,2022-01-25,2022-01-25,-0.04230969338154644,9.0,0.8133300528439851,P1
P1 EFA,F_exit2,E2007_09_gfc,-0.8440822086355552,,-0.08056593994180528,,,market_factor_A0_calendar,-0.04191000374448106,2007-10-31,2008-01-23,2008-01-23,-0.08056593994180528,57.0,0.5963957787746427,P1
P1 EFA,F_exit2,E2011_eu_us,-1.8898803879121806,,-0.13994098292620316,,,market_factor_A0_calendar,-0.12495982857033139,2011-05-02,2011-12-19,2011-08-09,-0.09498751811412653,162.0,0.5605936715826257,P1
P1 EFA,F_exit2,E2015_16_china,,,0.0,,,market_factor_A0_calendar,0.0,2015-06-01,2015-06-01,,0.0,1.0,0.0,P1
P1 EFA,F_exit2,K2013_14_bull,0.5771780315329482,,-0.07334689145422058,,,calm_controls,0.10143020512058398,2013-05-21,2013-06-24,,-0.07334689145422058,24.0,0.7831219179380494,P1
P1 EFA,F_exit2,A_bull_2021,0.38710147303655823,,-0.07139992440119358,,,calm_controls,0.03453756984667544,2021-09-07,2021-12-01,,-0.07139992440119358,61.0,0.9562772652921632,P1
P1 EFA,F_exit2,D_recent_2025plus,0.8833848142780578,,-0.08428265454922124,,,calm_controls,0.24045525138758972,2025-03-07,2025-04-08,2025-04-07,-0.0842308578702573,23.0,0.7390722561591818,P1
P1 EFA,F_exit1,FULL,0.22911233217481525,0.443175402888812,-0.17576354525416038,2.2497364721997593,1.948182198077727,,,,,,,,,P1
P1 EFA,F_exit1,E_bear_2018q4,,,0.0,,,modern_folds,0.012274106120414352,2018-09-04,2018-09-04,,0.0,1.0,0.0,P1
P1 EFA,F_exit1,X_2020_covid,-0.7342515616994213,,-0.09130391687223549,,,modern_folds,-0.03993113391456238,2020-02-12,2020-11-18,2020-02-25,-0.05060217468133632,196.0,0.8189733135194948,P1
P1 EFA,F_exit1,B_bear_2022,-0.9871051743933376,,-0.030892333233272673,,,modern_folds,-0.009572493448980257,2022-01-12,2022-01-24,2022-01-24,-0.030892333233272673,8.0,0.7263016167520828,P1
P1 EFA,F_exit1,E2007_09_gfc,-0.715436213017294,,-0.0721024632976488,,,market_factor_A0_calendar,-0.03085387604777623,2007-10-31,2008-01-17,,-0.0721024632976488,54.0,0.5963957787746427,P1
P1 EFA,F_exit1,E2011_eu_us,-2.117901900799458,,-0.14385566894828883,,,market_factor_A0_calendar,-0.13503671801705353,2011-05-02,2011-12-28,2011-08-09,-0.09498751811412653,168.0,0.5605936715826257,P1
P1 EFA,F_exit1,E2015_16_china,,,0.0,,,market_factor_A0_calendar,0.0,2015-06-01,2015-06-01,,0.0,1.0,0.0,P1
P1 EFA,F_exit1,K2013_14_bull,0.5977498317804428,,-0.07334689145422058,,,calm_controls,0.10525212732442912,2013-05-21,2013-06-24,,-0.07334689145422058,24.0,0.7831219179380494,P1
P1 EFA,F_exit1,A_bull_2021,0.2209411543514956,,-0.07139992440119358,,,calm_controls,0.016974293899497672,2021-09-07,2021-12-01,,-0.07139992440119358,61.0,0.9562772652921632,P1
P1 EFA,F_exit1,D_recent_2025plus,0.9206254097628687,,-0.07714954271167396,,,calm_controls,0.2479543274293916,2025-03-07,2025-04-07,2025-04-07,-0.07714954271167396,22.0,0.7390722561591818,P1
P1 EFA,G_own,FULL,0.2693917580862493,0.4786238371549086,-0.14923622223492572,3.247489680933809,,,,,,,,,,P1
P1 EFA,G_own,E_bear_2018q4,,,0.0,,,modern_folds,0.012274106120414352,2018-09-04,2018-09-04,,0.0,1.0,0.0,P1
P1 EFA,G_own,X_2020_covid,-1.161901423862433,,-0.12147970651913909,,,modern_folds,-0.07292638359132042,2020-02-12,2020-11-18,2020-02-25,-0.05450752656300695,196.0,0.8189733135194948,P1
P1 EFA,G_own,B_bear_2022,-1.5327364270218928,,-0.04733261456894833,,,modern_folds,-0.024584658539065662,2022-01-12,2022-01-27,,-0.04733261456894833,11.0,0.7260490631664059,P1
P1 EFA,G_own,E2007_09_gfc,-0.697753703106728,,-0.08290174103555092,,,market_factor_A0_calendar,-0.0315586633141679,2007-10-31,2008-01-23,2007-11-27,-0.04310271726977333,57.0,0.5963957787746427,P1
P1 EFA,G_own,E2011_eu_us,-1.3793907729312653,,-0.11402058698943829,,,market_factor_A0_calendar,-0.09281801852528881,2011-05-02,2011-11-25,2011-08-05,-0.07983955861635106,146.0,0.5605936715826257,P1
P1 EFA,G_own,E2015_16_china,,,0.0,,,market_factor_A0_calendar,0.0,2015-06-01,2015-06-01,,0.0,1.0,0.0,P1
P1 EFA,G_own,K2013_14_bull,0.4303243014214858,,-0.07595691982556896,,,calm_controls,0.07223747390104296,2014-07-03,2014-09-30,2014-09-30,-0.07595691982556896,62.0,1.0,P1
P1 EFA,G_own,A_bull_2021,0.514416566093279,,-0.07154100782405615,,,calm_controls,0.04762383724568786,2021-09-07,2021-12-01,2021-09-22,-0.03766498572126553,61.0,0.9562772652921632,P1
P1 EFA,G_own,D_recent_2025plus,1.1206470709477563,,-0.08105307554637531,,,calm_controls,0.28941740735148547,2025-03-19,2025-04-08,2025-04-07,-0.08069701420773323,15.0,0.585479653530309,P1
P1 EFA,G_spy,FULL,0.26508680733548445,0.5361455975902785,-0.13731172626961752,3.2902050858502614,,,,,,,,,,P1
P1 EFA,G_spy,E_bear_2018q4,,,0.0,,,modern_folds,0.012274106120414352,2018-09-04,2018-09-04,,0.0,1.0,0.0,P1
P1 EFA,G_spy,X_2020_covid,-1.2053848481324143,,-0.122352454323579,,,modern_folds,-0.07384736568960426,2020-02-12,2020-11-18,2020-02-25,-0.05450752656300695,196.0,0.8189733135194948,P1
P1 EFA,G_spy,B_bear_2022,-1.5327364270218928,,-0.04733261456894833,,,modern_folds,-0.024584658539065662,2022-01-12,2022-01-27,,-0.04733261456894833,11.0,0.7260490631664059,P1
P1 EFA,G_spy,E2007_09_gfc,-0.6778112646206299,,-0.08196598969718683,,,market_factor_A0_calendar,-0.030419784884911594,2007-10-31,2008-01-23,2007-11-08,-0.019803938247591968,57.0,0.5963957787746427,P1
P1 EFA,G_spy,E2011_eu_us,-1.3276214588257975,,-0.1107992704272921,,,market_factor_A0_calendar,-0.08951961192701907,2011-05-02,2011-11-25,2011-06-02,-0.042200020630199786,146.0,0.5605936715826257,P1
P1 EFA,G_spy,E2015_16_china,,,0.0,,,market_factor_A0_calendar,0.0,2015-06-01,2015-06-01,,0.0,1.0,0.0,P1
P1 EFA,G_spy,K2013_14_bull,0.5311731584505422,,-0.0733843654283135,,,calm_controls,0.09043133434935391,2013-05-21,2013-06-24,,-0.0733843654283135,24.0,0.7831219179380494,P1
P1 EFA,G_spy,A_bull_2021,0.5306194760602457,,-0.06853453941601884,,,calm_controls,0.049585314625115506,2021-09-07,2021-12-01,2021-11-29,-0.06491302754039452,61.0,0.9562772652921632,P1
P1 EFA,G_spy,D_recent_2025plus,0.9697451263766684,,-0.07517570281809349,,,calm_controls,0.24688277707548534,2026-02-25,2026-03-20,,-0.07517570281809349,18.0,0.7837797213516892,P1
P1 EFA,buy_hold,FULL,0.2616907652203605,0.2654050070174184,-0.610349127182045,0.0,,,,,,,,,,P1
P1 EFA,buy_hold,E_bear_2018q4,-0.5860258381937791,,-0.16275632736005918,,,modern_folds,-0.035236480120595104,2018-09-26,2018-12-24,,-0.16275632736005918,62.0,1.0,P1
P1 EFA,buy_hold,X_2020_covid,0.49197948674831066,,-0.3338555265448213,,,modern_folds,0.10712999639899157,2020-02-12,2020-03-23,,-0.3338555265448213,28.0,1.0,P1
P1 EFA,buy_hold,B_bear_2022,-0.6420879208963632,,-0.28740270971461435,,,modern_folds,-0.14402451481103196,2022-01-12,2022-09-27,,-0.28740270971461435,178.0,1.0,P1
P1 EFA,buy_hold,E2007_09_gfc,-0.5183088464034015,,-0.6103491271820447,,,market_factor_A0_calendar,-0.400346620450606,2007-10-31,2009-03-09,,-0.6103491271820447,340.0,1.0,P1
P1 EFA,buy_hold,E2011_eu_us,-0.761688271515251,,-0.2585646411602893,,,market_factor_A0_calendar,-0.19481500125849427,2011-05-02,2011-11-25,,-0.2585646411602893,146.0,1.0,P1
P1 EFA,buy_hold,E2015_16_china,-0.7092352432008692,,-0.21891272651530913,,,market_factor_A0_calendar,-0.12001687407719852,2015-06-23,2016-02-11,,-0.21891272651530913,162.0,1.0,P1
P1 EFA,buy_hold,K2013_14_bull,0.5654739539013398,,-0.13986874487284673,,,calm_controls,0.1392471703079785,2014-07-03,2014-10-16,,-0.13986874487284673,74.0,1.0,P1
P1 EFA,buy_hold,A_bull_2021,0.9115390552586426,,-0.06969783352337544,,,calm_controls,0.11449016100178744,2021-09-07,2021-12-01,,-0.06969783352337544,61.0,1.0,P1
P1 EFA,buy_hold,D_recent_2025plus,1.2804999194574778,,-0.14055528011898866,,,calm_controls,0.5068188143612566,2025-03-19,2025-04-08,,-0.14055528011898866,15.0,1.0,P1
P1 EEM,incumbent,FULL,0.22383690157652103,0.26306671885435,-0.20847966348529468,2.30927847500136,1.9012345679012346,,,,,,,,,P1
P1 EEM,incumbent,E_bear_2018q4,,,0.0,,,modern_folds,0.012274106120414352,2018-09-04,2018-09-04,,0.0,1.0,0.0,P1
P1 EEM,incumbent,X_2020_covid,1.463125737140849,,-0.05950638313148504,,,modern_folds,0.11426564802545469,2020-02-12,2020-06-11,2020-03-02,-0.046577283211995835,84.0,0.4905333543922834,P1
P1 EEM,incumbent,B_bear_2022,,,0.0,,,modern_folds,0.012881409782865116,2022-01-03,2022-01-03,,0.0,1.0,0.0,P1
P1 EEM,incumbent,E2011_eu_us,-2.020206656132222,,-0.1288990772357982,,,market_factor_A0_calendar,-0.1210065456957411,2011-05-02,2011-09-22,2011-08-09,-0.10090583115152707,101.0,0.47570241067549474,P1
P1 EEM,incumbent,E2015_16_china,0.24107345216344464,,-0.0167124834342931,,,market_factor_A0_calendar,0.00372157322286637,2015-06-01,2016-03-15,,-0.0167124834342931,200.0,0.0,P1
P1 EEM,incumbent,K2013_14_bull,-0.9795835748002035,,-0.09561794542400748,,,calm_controls,-0.0770560006151928,2013-01-02,2013-06-12,2013-03-18,-0.04925623963492831,112.0,0.8066190494266938,P1
P1 EEM,incumbent,A_bull_2021,-0.5466856564238309,,-0.11130011487909175,,,calm_controls,-0.05630766672028997,2021-02-17,2021-11-29,2021-11-29,-0.11130011487909175,199.0,0.5105868729772618,P1
P1 EEM,incumbent,D_recent_2025plus,1.2314814876798945,,-0.07896291291982172,,,calm_controls,0.32521375100427363,2025-03-17,2025-04-08,,-0.07896291291982172,17.0,0.5242240143530059,P1
P1 EEM,E_2s,FULL,0.22383690157652103,0.26306671885435,-0.20847966348529468,2.30927847500136,1.9012345679012346,,,,,,,,,P1
P1 EEM,E_2s,E_bear_2018q4,,,0.0,,,modern_folds,0.012274106120414352,2018-09-04,2018-09-04,,0.0,1.0,0.0,P1
P1 EEM,E_2s,X_2020_covid,1.463125737140849,,-0.05950638313148504,,,modern_folds,0.11426564802545469,2020-02-12,2020-06-11,2020-03-02,-0.046577283211995835,84.0,0.4905333543922834,P1
P1 EEM,E_2s,B_bear_2022,,,0.0,,,modern_folds,0.012881409782865116,2022-01-03,2022-01-03,,0.0,1.0,0.0,P1
P1 EEM,E_2s,E2011_eu_us,-2.020206656132222,,-0.1288990772357982,,,market_factor_A0_calendar,-0.1210065456957411,2011-05-02,2011-09-22,2011-08-09,-0.10090583115152707,101.0,0.47570241067549474,P1
P1 EEM,E_2s,E2015_16_china,0.24107345216344464,,-0.0167124834342931,,,market_factor_A0_calendar,0.00372157322286637,2015-06-01,2016-03-15,,-0.0167124834342931,200.0,0.0,P1
P1 EEM,E_2s,K2013_14_bull,-0.9795835748002035,,-0.09561794542400748,,,calm_controls,-0.0770560006151928,2013-01-02,2013-06-12,2013-03-18,-0.04925623963492831,112.0,0.8066190494266938,P1
P1 EEM,E_2s,A_bull_2021,-0.5466856564238309,,-0.11130011487909175,,,calm_controls,-0.05630766672028997,2021-02-17,2021-11-29,2021-11-29,-0.11130011487909175,199.0,0.5105868729772618,P1
P1 EEM,E_2s,D_recent_2025plus,1.2314814876798945,,-0.07896291291982172,,,calm_controls,0.32521375100427363,2025-03-17,2025-04-08,,-0.07896291291982172,17.0,0.5242240143530059,P1
P1 EEM,E_3s,FULL,0.22383690157652103,0.26306671885435,-0.20847966348529468,2.30927847500136,1.9012345679012346,,,,,,,,,P1
P1 EEM,E_3s,E_bear_2018q4,,,0.0,,,modern_folds,0.012274106120414352,2018-09-04,2018-09-04,,0.0,1.0,0.0,P1
P1 EEM,E_3s,X_2020_covid,1.463125737140849,,-0.05950638313148504,,,modern_folds,0.11426564802545469,2020-02-12,2020-06-11,2020-03-02,-0.046577283211995835,84.0,0.4905333543922834,P1
P1 EEM,E_3s,B_bear_2022,,,0.0,,,modern_folds,0.012881409782865116,2022-01-03,2022-01-03,,0.0,1.0,0.0,P1
P1 EEM,E_3s,E2011_eu_us,-2.020206656132222,,-0.1288990772357982,,,market_factor_A0_calendar,-0.1210065456957411,2011-05-02,2011-09-22,2011-08-09,-0.10090583115152707,101.0,0.47570241067549474,P1
P1 EEM,E_3s,E2015_16_china,0.24107345216344464,,-0.0167124834342931,,,market_factor_A0_calendar,0.00372157322286637,2015-06-01,2016-03-15,,-0.0167124834342931,200.0,0.0,P1
P1 EEM,E_3s,K2013_14_bull,-0.9795835748002035,,-0.09561794542400748,,,calm_controls,-0.0770560006151928,2013-01-02,2013-06-12,2013-03-18,-0.04925623963492831,112.0,0.8066190494266938,P1
P1 EEM,E_3s,A_bull_2021,-0.5466856564238309,,-0.11130011487909175,,,calm_controls,-0.05630766672028997,2021-02-17,2021-11-29,2021-11-29,-0.11130011487909175,199.0,0.5105868729772618,P1
P1 EEM,E_3s,D_recent_2025plus,1.2314814876798945,,-0.07896291291982172,,,calm_controls,0.32521375100427363,2025-03-17,2025-04-08,,-0.07896291291982172,17.0,0.5242240143530059,P1
P1 EEM,F_exit2,FULL,0.24469355992609731,0.2938533622910134,-0.2158705134191229,2.397142357100568,2.1316872427983538,,,,,,,,,P1
P1 EEM,F_exit2,E_bear_2018q4,,,0.0,,,modern_folds,0.012274106120414352,2018-09-04,2018-09-04,,0.0,1.0,0.0,P1
P1 EEM,F_exit2,X_2020_covid,1.614495760633505,,-0.0505053349796164,,,modern_folds,0.12492979137737281,2020-02-12,2020-06-11,2020-02-26,-0.03774120287498062,84.0,0.4905333543922834,P1
P1 EEM,F_exit2,B_bear_2022,,,0.0,,,modern_folds,0.012881409782865116,2022-01-03,2022-01-03,,0.0,1.0,0.0,P1
P1 EEM,F_exit2,E2011_eu_us,-2.098865180160569,,-0.1288990772357982,,,market_factor_A0_calendar,-0.12411620031044979,2011-05-02,2011-09-22,2011-08-09,-0.10090583115152707,101.0,0.47570241067549474,P1
P1 EEM,F_exit2,E2015_16_china,0.24107345216344464,,-0.0167124834342931,,,market_factor_A0_calendar,0.00372157322286637,2015-06-01,2016-03-15,,-0.0167124834342931,200.0,0.0,P1
P1 EEM,F_exit2,K2013_14_bull,-1.0710128974938458,,-0.09093415537263838,,,calm_controls,-0.07227607834626193,2013-01-02,2013-06-12,2013-02-22,-0.04177565294479468,112.0,0.8066190494266938,P1
P1 EEM,F_exit2,A_bull_2021,-0.2519180995131044,,-0.09224119409851117,,,calm_controls,-0.02743792253597599,2021-02-17,2021-08-20,,-0.09224119409851117,130.0,0.5105868729772618,P1
P1 EEM,F_exit2,D_recent_2025plus,1.014583596398172,,-0.07903280206060825,,,calm_controls,0.27189845753148467,2025-03-17,2025-04-09,2025-04-09,-0.07903280206060825,18.0,0.5242240143530059,P1
P1 EEM,F_exit1,FULL,0.18123792714233797,0.2321711814147373,-0.21864927547775403,2.7078408698339533,2.707818930041152,,,,,,,,,P1
P1 EEM,F_exit1,E_bear_2018q4,,,0.0,,,modern_folds,0.012274106120414352,2018-09-04,2018-09-04,,0.0,1.0,0.0,P1
P1 EEM,F_exit1,X_2020_covid,1.2991071765442144,,-0.046317819787786596,,,modern_folds,0.09668339085542299,2020-02-12,2020-06-11,,-0.046317819787786596,84.0,0.0,P1
P1 EEM,F_exit1,B_bear_2022,,,0.0,,,modern_folds,0.012881409782865116,2022-01-03,2022-01-03,,0.0,1.0,0.0,P1
P1 EEM,F_exit1,E2011_eu_us,-2.1991138613791685,,-0.12907700227562868,,,market_factor_A0_calendar,-0.12907700227562868,2011-05-02,2011-09-23,2011-08-09,-0.10090583115152707,102.0,0.47570241067549474,P1
P1 EEM,F_exit1,E2015_16_china,0.24107345216344464,,-0.0167124834342931,,,market_factor_A0_calendar,0.00372157322286637,2015-06-01,2016-03-15,,-0.0167124834342931,200.0,0.0,P1
P1 EEM,F_exit1,K2013_14_bull,-0.9834576742292248,,-0.07658118077173548,,,calm_controls,-0.059882983882967644,2013-01-02,2013-06-13,2013-02-12,-0.03111631595458242,113.0,0.9194517918415609,P1
P1 EEM,F_exit1,A_bull_2021,-0.4865510710368155,,-0.10452486643413172,,,calm_controls,-0.04769641122484369,2021-02-17,2021-11-02,2021-10-07,-0.09224119409851117,181.0,0.5105868729772618,P1
P1 EEM,F_exit1,D_recent_2025plus,1.067118662345099,,-0.07465754823458992,,,calm_controls,0.28321930478927904,2025-03-17,2025-04-08,2025-04-08,-0.07465754823458992,17.0,0.5242240143530059,P1
P1 EEM,G_own,FULL,0.20594298535263525,0.2541530459710576,-0.19358683234344332,3.326308302750508,,,,,,,,,,P1
P1 EEM,G_own,E_bear_2018q4,,,0.0,,,modern_folds,0.012274106120414352,2018-09-04,2018-09-04,,0.0,1.0,0.0,P1
P1 EEM,G_own,X_2020_covid,1.4210067336128656,,-0.05953601904234518,,,modern_folds,0.11061089427455562,2020-02-12,2020-06-11,2020-03-02,-0.046605079533223126,84.0,0.4905333543922834,P1
P1 EEM,G_own,B_bear_2022,,,0.0,,,modern_folds,0.012881409782865116,2022-01-03,2022-01-03,,0.0,1.0,0.0,P1
P1 EEM,G_own,E2011_eu_us,-2.127458277392059,,-0.12293690782159317,,,market_factor_A0_calendar,-0.1166544991118964,2011-05-02,2011-09-22,2011-08-05,-0.07477006531277375,101.0,0.47570241067549474,P1
P1 EEM,G_own,E2015_16_china,0.23947836084253604,,-0.01671736015854608,,,market_factor_A0_calendar,0.0036952569469759222,2015-06-01,2016-03-15,,-0.01671736015854608,200.0,0.0,P1
P1 EEM,G_own,K2013_14_bull,-0.9825468960750907,,-0.09581614523501847,,,calm_controls,-0.07726045208305687,2013-01-02,2013-06-12,2013-03-18,-0.05058121999628362,112.0,0.8066190494266938,P1
P1 EEM,G_own,A_bull_2021,-0.5542479376216654,,-0.11183453908247898,,,calm_controls,-0.056916178468268575,2021-02-17,2021-11-29,2021-07-29,-0.08261682220989874,199.0,0.5105868729772618,P1
P1 EEM,G_own,D_recent_2025plus,1.077441187531962,,-0.07166635037077174,,,calm_controls,0.2820860011530477,2025-02-20,2025-04-08,2025-03-06,-0.033796582877103964,34.0,0.6972547978529617,P1
P1 EEM,G_spy,FULL,0.22483561883076242,0.2753619766544799,-0.18873755815237858,3.310125067295706,,,,,,,,,,P1
P1 EEM,G_spy,E_bear_2018q4,,,0.0,,,modern_folds,0.012274106120414352,2018-09-04,2018-09-04,,0.0,1.0,0.0,P1
P1 EEM,G_spy,X_2020_covid,1.5864318171246716,,-0.05319958315568052,,,modern_folds,0.12054113156437274,2020-02-12,2020-06-11,2020-02-25,-0.03581622567303533,84.0,0.4905333543922834,P1
P1 EEM,G_spy,B_bear_2022,,,0.0,,,modern_folds,0.012881409782865116,2022-01-03,2022-01-03,,0.0,1.0,0.0,P1
P1 EEM,G_spy,E2011_eu_us,-2.1229808754341573,,-0.12375138886584391,,,market_factor_A0_calendar,-0.11583585071663749,2011-05-02,2011-09-22,2011-06-02,-0.03729607216146702,101.0,0.47570241067549474,P1
P1 EEM,G_spy,E2015_16_china,0.23947836084253604,,-0.01671736015854608,,,market_factor_A0_calendar,0.0036952569469759222,2015-06-01,2016-03-15,,-0.01671736015854608,200.0,0.0,P1
P1 EEM,G_spy,K2013_14_bull,-0.9917862226780213,,-0.09486515724055211,,,calm_controls,-0.0753804088732487,2013-01-10,2013-06-12,2013-03-18,-0.04590284130071154,106.0,0.8069018149476734,P1
P1 EEM,G_spy,A_bull_2021,-0.5645777646528815,,-0.11154331717069388,,,calm_controls,-0.057933264989779465,2021-02-17,2021-11-29,2021-11-29,-0.11154331717069388,199.0,0.5105868729772618,P1
P1 EEM,G_spy,D_recent_2025plus,1.168077924525104,,-0.06338981589479953,,,calm_controls,0.29549985769329545,2026-02-25,2026-03-30,,-0.06338981589479953,24.0,0.5489855367978491,P1
P1 EEM,buy_hold,FULL,0.37093074651658564,0.43356941376132685,-0.3981282901150305,0.0,,,,,,,,,,P1
P1 EEM,buy_hold,E_bear_2018q4,-0.033243686281488945,,-0.12101026922009439,,,modern_folds,-0.0022234574763749793,2018-09-21,2018-10-29,,-0.12101026922009439,27.0,1.0,P1
P1 EEM,buy_hold,X_2020_covid,0.8531756569596193,,-0.31623493203385455,,,modern_folds,0.24706844832288044,2020-02-12,2020-03-23,,-0.31623493203385455,28.0,1.0,P1
P1 EEM,buy_hold,B_bear_2022,-0.9137893911415201,,-0.32701111837802477,,,modern_folds,-0.20540172492056286,2022-01-12,2022-10-24,,-0.32701111837802477,197.0,1.0,P1
P1 EEM,buy_hold,E2011_eu_us,-0.8420512697455791,,-0.306105380540842,,,market_factor_A0_calendar,-0.22637301366044005,2011-05-02,2011-10-03,,-0.306105380540842,108.0,1.0,P1
P1 EEM,buy_hold,E2015_16_china,-0.6594511867844671,,-0.29722135497970625,,,market_factor_A0_calendar,-0.14798626287855088,2015-06-02,2016-01-20,,-0.29722135497970625,161.0,1.0,P1
P1 EEM,buy_hold,K2013_14_bull,-0.1360442007205569,,-0.18961424332344168,,,calm_controls,-0.0741301059001489,2013-01-02,2013-06-24,,-0.18961424332344168,120.0,1.0,P1
P1 EEM,buy_hold,A_bull_2021,-0.1191127865004521,,-0.16611425229089383,,,calm_controls,-0.036518696698009334,2021-02-17,2021-12-20,,-0.16611425229089383,214.0,1.0,P1
P1 EEM,buy_hold,D_recent_2025plus,1.266373658836765,,-0.1503178928247042,,,calm_controls,0.6614967996061085,2025-03-17,2025-04-08,,-0.1503178928247042,17.0,1.0,P1
P1 TLT,incumbent,FULL,0.13749907226514158,0.21809376141317913,-0.1639494170820518,2.0092370386595944,1.6054481546572936,,,,,,,,,P1
P1 TLT,incumbent,E_bear_2018q4,,,0.0,,,modern_folds,0.012274106120414352,2018-09-04,2018-09-04,,0.0,1.0,0.0,P1
P1 TLT,incumbent,X_2020_covid,0.5102052199189807,,-0.0815969606858098,,,modern_folds,0.04910331225492426,2020-08-04,2020-11-10,,-0.0815969606858098,70.0,0.8556798125839657,P1
P1 TLT,incumbent,B_bear_2022,,,0.0,,,modern_folds,0.012881409782865116,2022-01-03,2022-01-03,,0.0,1.0,0.0,P1
P1 TLT,incumbent,E2011_eu_us,2.0563250288164476,,-0.040355515948584664,,,market_factor_A0_calendar,0.15454531711134933,2011-10-03,2011-10-27,,-0.040355515948584664,19.0,0.32149320399979414,P1
P1 TLT,incumbent,E2015_16_china,0.052158198828762235,,-0.02730357972516828,,,market_factor_A0_calendar,0.0009786052387392719,2015-08-21,2015-09-02,,-0.02730357972516828,9.0,0.6681305791598798,P1
P1 TLT,incumbent,K2013_14_bull,1.0523293567210665,,-0.045488998406405856,,,calm_controls,0.10743120049631338,2014-08-29,2014-09-17,,-0.045488998406405856,13.0,0.9829935453196793,P1
P1 TLT,incumbent,A_bull_2021,-1.8641436816158272,,-0.05806599534125556,,,calm_controls,-0.05900691066456787,2021-01-04,2021-02-08,2021-02-08,-0.05806599534125556,25.0,0.8749860302920607,P1
P1 TLT,incumbent,D_recent_2025plus,-0.5037590333385298,,-0.08910669950557903,,,calm_controls,0.004242040650953349,2026-02-27,2026-08-17,,-0.08910669950557903,118.0,1.0,P1
P1 TLT,E_2s,FULL,0.16740477256098252,0.24553226901269054,-0.1639494170820518,2.074314181088081,1.7161687170474518,,,,,,,,,P1
P1 TLT,E_2s,E_bear_2018q4,,,0.0,,,modern_folds,0.012274106120414352,2018-09-04,2018-09-04,,0.0,1.0,0.0,P1
P1 TLT,E_2s,X_2020_covid,0.5102052199189807,,-0.0815969606858098,,,modern_folds,0.04910331225492426,2020-08-04,2020-11-10,,-0.0815969606858098,70.0,0.8556798125839657,P1
P1 TLT,E_2s,B_bear_2022,,,0.0,,,modern_folds,0.012881409782865116,2022-01-03,2022-01-03,,0.0,1.0,0.0,P1
P1 TLT,E_2s,E2011_eu_us,2.0563250288164476,,-0.040355515948584664,,,market_factor_A0_calendar,0.15454531711134933,2011-10-03,2011-10-27,,-0.040355515948584664,19.0,0.32149320399979414,P1
P1 TLT,E_2s,E2015_16_china,0.052158198828762235,,-0.02730357972516828,,,market_factor_A0_calendar,0.0009786052387392719,2015-08-21,2015-09-02,,-0.02730357972516828,9.0,0.6681305791598798,P1
P1 TLT,E_2s,K2013_14_bull,1.0523293567210665,,-0.045488998406405856,,,calm_controls,0.10743120049631338,2014-08-29,2014-09-17,,-0.045488998406405856,13.0,0.9829935453196793,P1
P1 TLT,E_2s,A_bull_2021,-1.8641436816158272,,-0.05806599534125556,,,calm_controls,-0.05900691066456787,2021-01-04,2021-02-08,2021-02-08,-0.05806599534125556,25.0,0.8749860302920607,P1
P1 TLT,E_2s,D_recent_2025plus,-0.5037590333385298,,-0.08910669950557903,,,calm_controls,0.004242040650953349,2026-02-27,2026-08-17,,-0.08910669950557903,118.0,1.0,P1
P1 TLT,E_3s,FULL,0.13749907226514158,0.21809376141317913,-0.1639494170820518,2.0092370386595944,1.6054481546572936,,,,,,,,,P1
P1 TLT,E_3s,E_bear_2018q4,,,0.0,,,modern_folds,0.012274106120414352,2018-09-04,2018-09-04,,0.0,1.0,0.0,P1
P1 TLT,E_3s,X_2020_covid,0.5102052199189807,,-0.0815969606858098,,,modern_folds,0.04910331225492426,2020-08-04,2020-11-10,,-0.0815969606858098,70.0,0.8556798125839657,P1
P1 TLT,E_3s,B_bear_2022,,,0.0,,,modern_folds,0.012881409782865116,2022-01-03,2022-01-03,,0.0,1.0,0.0,P1
P1 TLT,E_3s,E2011_eu_us,2.0563250288164476,,-0.040355515948584664,,,market_factor_A0_calendar,0.15454531711134933,2011-10-03,2011-10-27,,-0.040355515948584664,19.0,0.32149320399979414,P1
P1 TLT,E_3s,E2015_16_china,0.052158198828762235,,-0.02730357972516828,,,market_factor_A0_calendar,0.0009786052387392719,2015-08-21,2015-09-02,,-0.02730357972516828,9.0,0.6681305791598798,P1
P1 TLT,E_3s,K2013_14_bull,1.0523293567210665,,-0.045488998406405856,,,calm_controls,0.10743120049631338,2014-08-29,2014-09-17,,-0.045488998406405856,13.0,0.9829935453196793,P1
P1 TLT,E_3s,A_bull_2021,-1.8641436816158272,,-0.05806599534125556,,,calm_controls,-0.05900691066456787,2021-01-04,2021-02-08,2021-02-08,-0.05806599534125556,25.0,0.8749860302920607,P1
P1 TLT,E_3s,D_recent_2025plus,-0.5037590333385298,,-0.08910669950557903,,,calm_controls,0.004242040650953349,2026-02-27,2026-08-17,,-0.08910669950557903,118.0,1.0,P1
P1 TLT,F_exit2,FULL,0.09926275652104388,0.18044060138764992,-0.18649845444519686,2.3791717802599868,2.2697715289982425,,,,,,,,,P1
P1 TLT,F_exit2,E_bear_2018q4,,,0.0,,,modern_folds,0.012274106120414352,2018-09-04,2018-09-04,,0.0,1.0,0.0,P1
P1 TLT,F_exit2,X_2020_covid,0.3846170030350093,,-0.09286336243548243,,,modern_folds,0.036233560210546134,2020-08-04,2020-11-10,2020-08-31,-0.05284040895829545,70.0,0.8556798125839657,P1
P1 TLT,F_exit2,B_bear_2022,,,0.0,,,modern_folds,0.012881409782865116,2022-01-03,2022-01-03,,0.0,1.0,0.0,P1
P1 TLT,F_exit2,E2011_eu_us,1.726495472476704,,-0.04619289469388599,,,market_factor_A0_calendar,0.124482182079239,2011-06-01,2011-07-25,2011-07-01,-0.03254916033518429,38.0,0.9820718886780987,P1
P1 TLT,F_exit2,E2015_16_china,-0.26967110975444264,,-0.0268883365922592,,,market_factor_A0_calendar,-0.007254475158999685,2015-08-21,2015-09-01,2015-09-01,-0.0268883365922592,8.0,0.6681305791598798,P1
P1 TLT,F_exit2,K2013_14_bull,1.0523293567210665,,-0.045488998406405856,,,calm_controls,0.10743120049631338,2014-08-29,2014-09-17,,-0.045488998406405856,13.0,0.9829935453196793,P1
P1 TLT,F_exit2,A_bull_2021,-1.212661316089251,,-0.039326904551839514,,,calm_controls,-0.035585702484946524,2021-01-04,2021-01-12,,-0.039326904551839514,7.0,0.8749860302920607,P1
P1 TLT,F_exit2,D_recent_2025plus,-0.5037590333385298,,-0.08910669950557903,,,calm_controls,0.004242040650953349,2026-02-27,2026-08-17,,-0.08910669950557903,118.0,1.0,P1
P1 TLT,F_exit1,FULL,0.12500105983531024,0.212448912190043,-0.16316505699607087,2.5425642507429935,2.3804920913884007,,,,,,,,,P1
P1 TLT,F_exit1,E_bear_2018q4,,,0.0,,,modern_folds,0.012274106120414352,2018-09-04,2018-09-04,,0.0,1.0,0.0,P1
P1 TLT,F_exit1,X_2020_covid,0.18859320947585106,,-0.10948660664351362,,,modern_folds,0.017244619829761998,2020-08-04,2020-11-10,2020-08-28,-0.05223815800434284,70.0,0.8556798125839657,P1
P1 TLT,F_exit1,B_bear_2022,,,0.0,,,modern_folds,0.012881409782865116,2022-01-03,2022-01-03,,0.0,1.0,0.0,P1
P1 TLT,F_exit1,E2011_eu_us,1.9548959651295141,,-0.04035551594858444,,,market_factor_A0_calendar,0.13789702311341379,2011-10-03,2011-10-27,,-0.04035551594858444,19.0,0.32149320399979414,P1
P1 TLT,F_exit1,E2015_16_china,-0.07087525298086927,,-0.023658337405839558,,,market_factor_A0_calendar,-0.0021543368595153822,2015-08-21,2015-08-26,,-0.023658337405839558,4.0,0.6681305791598798,P1
P1 TLT,F_exit1,K2013_14_bull,1.0523293567210665,,-0.045488998406405856,,,calm_controls,0.10743120049631338,2014-08-29,2014-09-17,,-0.045488998406405856,13.0,0.9829935453196793,P1
P1 TLT,F_exit1,A_bull_2021,-0.9941764163094904,,-0.039326904551839514,,,calm_controls,-0.028558762495022316,2021-01-04,2021-01-12,,-0.039326904551839514,7.0,0.8749860302920607,P1
P1 TLT,F_exit1,D_recent_2025plus,-0.46310426241766695,,-0.0891066995055797,,,calm_controls,0.00959796393859036,2026-02-27,2026-08-17,,-0.0891066995055797,118.0,1.0,P1
P1 TLT,G_own,FULL,0.08993124799684597,0.17746649488769362,-0.1745840727197131,3.461464260217075,,,,,,,,,,P1
P1 TLT,G_own,E_bear_2018q4,,,0.0,,,modern_folds,0.012274106120414352,2018-09-04,2018-09-04,,0.0,1.0,0.0,P1
P1 TLT,G_own,X_2020_covid,0.42060132422686486,,-0.08206578325510183,,,modern_folds,0.03619361489054329,2020-08-04,2020-12-04,2020-10-06,-0.06394875299490421,87.0,0.8556798125839657,P1
P1 TLT,G_own,B_bear_2022,,,0.0,,,modern_folds,0.012881409782865116,2022-01-03,2022-01-03,,0.0,1.0,0.0,P1
P1 TLT,G_own,E2011_eu_us,1.9509859539031411,,-0.04039247150689651,,,market_factor_A0_calendar,0.13356770525676764,2011-10-03,2011-10-27,,-0.04039247150689651,19.0,0.32149320399979414,P1
P1 TLT,G_own,E2015_16_china,0.05109016103886804,,-0.027313608351889562,,,market_factor_A0_calendar,0.0009495381874515818,2015-08-21,2015-09-02,,-0.027313608351889562,9.0,0.6681305791598798,P1
P1 TLT,G_own,K2013_14_bull,1.0771972912686638,,-0.04549263543737381,,,calm_controls,0.10657373621293154,2014-08-29,2014-09-17,,-0.04549263543737381,13.0,0.9829935453196793,P1
P1 TLT,G_own,A_bull_2021,-1.8238347747040085,,-0.05654994884951925,,,calm_controls,-0.057492498118777546,2021-01-04,2021-02-08,2021-01-08,-0.036546237037289875,25.0,0.8749860302920607,P1
P1 TLT,G_own,D_recent_2025plus,-0.49087115387051544,,-0.09002160523029412,,,calm_controls,0.006896325352956367,2025-10-22,2026-08-17,2026-03-23,-0.053242447461386844,205.0,1.0,P1
P1 TLT,G_spy,FULL,0.11772547560734412,0.20835774130166465,-0.1592155259724113,3.1502492230883283,,,,,,,,,,P1
P1 TLT,G_spy,E_bear_2018q4,,,0.0,,,modern_folds,0.012274106120414352,2018-09-04,2018-09-04,,0.0,1.0,0.0,P1
P1 TLT,G_spy,X_2020_covid,0.5936344897775737,,-0.07805874782602762,,,modern_folds,0.052380800272001204,2020-08-04,2020-11-10,2020-09-04,-0.052209265384827175,70.0,0.8556798125839657,P1
P1 TLT,G_spy,B_bear_2022,,,0.0,,,modern_folds,0.012881409782865116,2022-01-03,2022-01-03,,0.0,1.0,0.0,P1
P1 TLT,G_spy,E2011_eu_us,2.361505701379591,,-0.040392471506897065,,,market_factor_A0_calendar,0.16736864640435312,2011-10-03,2011-10-27,,-0.040392471506897065,19.0,0.32149320399979414,P1
P1 TLT,G_spy,E2015_16_china,0.6087342302076739,,-0.014704512040632722,,,market_factor_A0_calendar,0.013925014392406787,2015-08-21,2015-09-02,2015-08-26,-0.012130257573471304,9.0,0.6681305791598798,P1
P1 TLT,G_spy,K2013_14_bull,0.9829960130231391,,-0.04549263543737403,,,calm_controls,0.08731225502542528,2014-08-29,2014-09-17,,-0.04549263543737403,13.0,0.9829935453196793,P1
P1 TLT,G_spy,A_bull_2021,-1.7977948897219642,,-0.05476332100954573,,,calm_controls,-0.05570765520081755,2021-01-04,2021-02-08,2021-02-08,-0.05476332100954573,25.0,0.8749860302920607,P1
P1 TLT,G_spy,D_recent_2025plus,-0.676725903102783,,-0.10296635371281271,,,calm_controls,-0.01584459101412783,2025-10-22,2026-08-17,2026-04-01,-0.05942777818682987,205.0,1.0,P1
P1 TLT,buy_hold,FULL,0.14609181684474254,0.11187087003935217,-0.4835396736072036,0.0,,,,,,,,,,P1
P1 TLT,buy_hold,E_bear_2018q4,-0.1041665642179613,,-0.06348873755893181,,,modern_folds,0.005734542800541753,2018-09-06,2018-11-02,,-0.06348873755893181,42.0,1.0,P1
P1 TLT,buy_hold,X_2020_covid,0.5443186467912728,,-0.15728265494256122,,,modern_folds,0.09720250521920559,2020-03-09,2020-03-18,,-0.15728265494256122,8.0,1.0,P1
P1 TLT,buy_hold,B_bear_2022,-1.80862549813732,,-0.3494469479721418,,,modern_folds,-0.3124301898835158,2022-01-03,2022-10-24,,-0.3494469479721418,204.0,1.0,P1
P1 TLT,buy_hold,E2011_eu_us,1.9495429383015401,,-0.10904222952415787,,,market_factor_A0_calendar,0.3286392664155915,2011-10-03,2011-10-27,,-0.10904222952415787,19.0,1.0,P1
P1 TLT,buy_hold,E2015_16_china,0.7654442382299872,,-0.05813829218766664,,,market_factor_A0_calendar,0.08722154494070722,2015-08-21,2015-09-16,,-0.05813829218766664,18.0,1.0,P1
P1 TLT,buy_hold,K2013_14_bull,0.467708430668256,,-0.17062107466852827,,,calm_controls,0.10278578290105189,2013-05-01,2013-08-21,,-0.17062107466852827,79.0,1.0,P1
P1 TLT,buy_hold,A_bull_2021,-0.2710676779010654,,-0.14797317890886896,,,calm_controls,-0.0460461222315226,2021-01-04,2021-03-18,,-0.14797317890886896,52.0,1.0,P1
P1 TLT,buy_hold,D_recent_2025plus,-0.2953631967394589,,-0.09226020349834185,,,calm_controls,0.009087559867373418,2025-04-04,2025-05-21,,-0.09226020349834185,33.0,1.0,P1
P1 GLD,incumbent,FULL,0.450163737186781,0.42737327014659376,-0.2423477213534624,2.64120593815235,2.2216624685138537,,,,,,,,,P1
P1 GLD,incumbent,E_bear_2018q4,1.712371025850209,,-0.021389108129439505,,,modern_folds,0.06297328133538116,2019-02-19,2019-02-28,,-0.021389108129439505,8.0,1.0,P1
P1 GLD,incumbent,X_2020_covid,1.1150200627498903,,-0.08479803704013966,,,modern_folds,0.11557889927797249,2020-08-06,2020-11-30,,-0.08479803704013966,81.0,0.6929451015527576,P1
P1 GLD,incumbent,B_bear_2022,-0.03920028344958769,,-0.04349471753083556,,,modern_folds,0.01035232465980207,2022-03-08,2022-04-25,,-0.04349471753083556,34.0,0.7316456301794463,P1
P1 GLD,incumbent,E2011_eu_us,0.3919867373209344,,-0.07746530105214977,,,market_factor_A0_calendar,0.024897998406294697,2011-08-22,2011-12-30,2011-12-30,-0.07746530105214977,92.0,0.4571359081061112,P1
P1 GLD,incumbent,E2015_16_china,-0.024969412038613813,,-0.020287617743420694,,,market_factor_A0_calendar,-0.0008913680686204462,2016-03-10,2016-03-24,,-0.020287617743420694,11.0,0.4728066150705243,P1
P1 GLD,incumbent,K2013_14_bull,-0.41406329938780634,,-0.02588627611855643,,,calm_controls,-0.01585298099821497,2014-07-11,2014-07-15,,-0.02588627611855643,3.0,0.7840689699962485,P1
P1 GLD,incumbent,A_bull_2021,-1.5234460682984141,,-0.07900082051953294,,,calm_controls,-0.06431804525244422,2021-01-05,2021-06-14,2021-03-01,-0.07107334264144827,111.0,0.6355917316732489,P1
P1 GLD,incumbent,D_recent_2025plus,1.8605573805233169,,-0.09633988367477109,,,calm_controls,0.4618029258771479,2026-01-29,2026-06-10,,-0.09633988367477109,92.0,0.34748195190081277,P1
P1 GLD,E_2s,FULL,0.4336552206152159,0.3940540652694394,-0.25814417813067114,2.7206403939091106,2.348614609571788,,,,,,,,,P1
P1 GLD,E_2s,E_bear_2018q4,1.712371025850209,,-0.021389108129439505,,,modern_folds,0.06297328133538116,2019-02-19,2019-02-28,,-0.021389108129439505,8.0,1.0,P1
P1 GLD,E_2s,X_2020_covid,1.1150200627498903,,-0.08479803704013966,,,modern_folds,0.11557889927797249,2020-08-06,2020-11-30,,-0.08479803704013966,81.0,0.6929451015527576,P1
P1 GLD,E_2s,B_bear_2022,-0.03920028344958769,,-0.04349471753083556,,,modern_folds,0.01035232465980207,2022-03-08,2022-04-25,,-0.04349471753083556,34.0,0.7316456301794463,P1
P1 GLD,E_2s,E2011_eu_us,0.3919867373209344,,-0.07746530105214977,,,market_factor_A0_calendar,0.024897998406294697,2011-08-22,2011-12-30,2011-12-30,-0.07746530105214977,92.0,0.4571359081061112,P1
P1 GLD,E_2s,E2015_16_china,-0.024969412038613813,,-0.020287617743420694,,,market_factor_A0_calendar,-0.0008913680686204462,2016-03-10,2016-03-24,,-0.020287617743420694,11.0,0.4728066150705243,P1
P1 GLD,E_2s,K2013_14_bull,-0.41406329938780634,,-0.02588627611855643,,,calm_controls,-0.01585298099821497,2014-07-11,2014-07-15,,-0.02588627611855643,3.0,0.7840689699962485,P1
P1 GLD,E_2s,A_bull_2021,-1.5234460682984141,,-0.07900082051953294,,,calm_controls,-0.06431804525244422,2021-01-05,2021-06-14,2021-03-01,-0.07107334264144827,111.0,0.6355917316732489,P1
P1 GLD,E_2s,D_recent_2025plus,1.8605573805233169,,-0.09633988367477109,,,calm_controls,0.4618029258771479,2026-01-29,2026-06-10,,-0.09633988367477109,92.0,0.34748195190081277,P1
P1 GLD,E_3s,FULL,0.450163737186781,0.42737327014659376,-0.2423477213534624,2.64120593815235,2.2216624685138537,,,,,,,,,P1
P1 GLD,E_3s,E_bear_2018q4,1.712371025850209,,-0.021389108129439505,,,modern_folds,0.06297328133538116,2019-02-19,2019-02-28,,-0.021389108129439505,8.0,1.0,P1
P1 GLD,E_3s,X_2020_covid,1.1150200627498903,,-0.08479803704013966,,,modern_folds,0.11557889927797249,2020-08-06,2020-11-30,,-0.08479803704013966,81.0,0.6929451015527576,P1
P1 GLD,E_3s,B_bear_2022,-0.03920028344958769,,-0.04349471753083556,,,modern_folds,0.01035232465980207,2022-03-08,2022-04-25,,-0.04349471753083556,34.0,0.7316456301794463,P1
P1 GLD,E_3s,E2011_eu_us,0.3919867373209344,,-0.07746530105214977,,,market_factor_A0_calendar,0.024897998406294697,2011-08-22,2011-12-30,2011-12-30,-0.07746530105214977,92.0,0.4571359081061112,P1
P1 GLD,E_3s,E2015_16_china,-0.024969412038613813,,-0.020287617743420694,,,market_factor_A0_calendar,-0.0008913680686204462,2016-03-10,2016-03-24,,-0.020287617743420694,11.0,0.4728066150705243,P1
P1 GLD,E_3s,K2013_14_bull,-0.41406329938780634,,-0.02588627611855643,,,calm_controls,-0.01585298099821497,2014-07-11,2014-07-15,,-0.02588627611855643,3.0,0.7840689699962485,P1
P1 GLD,E_3s,A_bull_2021,-1.5234460682984141,,-0.07900082051953294,,,calm_controls,-0.06431804525244422,2021-01-05,2021-06-14,2021-03-01,-0.07107334264144827,111.0,0.6355917316732489,P1
P1 GLD,E_3s,D_recent_2025plus,1.8605573805233169,,-0.09633988367477109,,,calm_controls,0.4618029258771479,2026-01-29,2026-06-10,,-0.09633988367477109,92.0,0.34748195190081277,P1
P1 GLD,F_exit2,FULL,0.432174078551209,0.3990816093825821,-0.2620826768537281,2.847576756201123,2.6025188916876574,,,,,,,,,P1
P1 GLD,F_exit2,E_bear_2018q4,1.712371025850209,,-0.021389108129439505,,,modern_folds,0.06297328133538116,2019-02-19,2019-02-28,,-0.021389108129439505,8.0,1.0,P1
P1 GLD,F_exit2,X_2020_covid,1.1150200627498903,,-0.08479803704013966,,,modern_folds,0.11557889927797249,2020-08-06,2020-11-30,,-0.08479803704013966,81.0,0.6929451015527576,P1
P1 GLD,F_exit2,B_bear_2022,0.19049002043234656,,-0.036301771437187935,,,modern_folds,0.019377438830699756,2022-03-08,2022-03-15,,-0.036301771437187935,6.0,0.7316456301794463,P1
P1 GLD,F_exit2,E2011_eu_us,0.6109997447538366,,-0.07227510587773922,,,market_factor_A0_calendar,0.04064389055358486,2011-08-22,2011-12-15,,-0.07227510587773922,82.0,0.4571359081061112,P1
P1 GLD,F_exit2,E2015_16_china,-0.135179188819226,,-0.020287617743420694,,,market_factor_A0_calendar,-0.0034139880290915414,2016-03-10,2016-03-24,,-0.020287617743420694,11.0,0.4728066150705243,P1
P1 GLD,F_exit2,K2013_14_bull,-0.24602935928907058,,-0.02588627611855643,,,calm_controls,-0.009284755349583396,2014-07-11,2014-07-15,,-0.02588627611855643,3.0,0.7840689699962485,P1
P1 GLD,F_exit2,A_bull_2021,-1.0003219629460207,,-0.05619582738609685,,,calm_controls,-0.039466461474617076,2021-01-05,2021-02-18,,-0.05619582738609685,31.0,0.6355917316732489,P1
P1 GLD,F_exit2,D_recent_2025plus,1.6945784502977352,,-0.10679411128670058,,,calm_controls,0.41624316214869195,2026-01-29,2026-06-11,2026-03-26,-0.061377472064691685,93.0,0.34748195190081277,P1
P1 GLD,F_exit1,FULL,0.43290769634433435,0.38229708943099666,-0.2652321380835019,2.9994938436385623,2.7294710327455918,,,,,,,,,P1
P1 GLD,F_exit1,E_bear_2018q4,1.712371025850209,,-0.021389108129439505,,,modern_folds,0.06297328133538116,2019-02-19,2019-02-28,,-0.021389108129439505,8.0,1.0,P1
P1 GLD,F_exit1,X_2020_covid,1.1150200627498903,,-0.08479803704013966,,,modern_folds,0.11557889927797249,2020-08-06,2020-11-30,,-0.08479803704013966,81.0,0.6929451015527576,P1
P1 GLD,F_exit1,B_bear_2022,0.15704895187703255,,-0.036301771437187935,,,modern_folds,0.018108265709314342,2022-03-08,2022-03-15,,-0.036301771437187935,6.0,0.7316456301794463,P1
P1 GLD,F_exit1,E2011_eu_us,0.5185368495380723,,-0.07257482929952319,,,market_factor_A0_calendar,0.03368657992144741,2011-08-22,2011-12-16,2011-12-16,-0.07257482929952319,83.0,0.4571359081061112,P1
P1 GLD,F_exit1,E2015_16_china,-0.30195188488415015,,-0.020652810559218304,,,market_factor_A0_calendar,-0.006476832738830041,2016-03-10,2016-03-28,2016-03-28,-0.020652810559218304,12.0,0.4728066150705243,P1
P1 GLD,F_exit1,K2013_14_bull,-0.22896598987131775,,-0.02588627611855643,,,calm_controls,-0.008664135603255962,2014-07-11,2014-07-15,,-0.02588627611855643,3.0,0.7840689699962485,P1
P1 GLD,F_exit1,A_bull_2021,-1.3090150874350206,,-0.06467330533534832,,,calm_controls,-0.04976211761114546,2021-01-05,2021-06-14,2021-02-19,-0.05662250372125921,111.0,0.6355917316732489,P1
P1 GLD,F_exit1,D_recent_2025plus,1.7665300697523174,,-0.09877264038960298,,,calm_controls,0.42910468619607167,2026-01-29,2026-06-10,2026-03-24,-0.06148112605717582,92.0,0.34748195190081277,P1
P1 GLD,G_own,FULL,0.45095849793715953,0.41028300793541433,-0.2381506527023738,3.797810927574662,,,,,,,,,,P1
P1 GLD,G_own,E_bear_2018q4,1.4809333638319675,,-0.023875886564277415,,,modern_folds,0.05503261039948115,2019-02-19,2019-02-28,,-0.023875886564277415,8.0,1.0,P1
P1 GLD,G_own,X_2020_covid,1.074954441512902,,-0.09556875446036339,,,modern_folds,0.10360486857101203,2020-08-06,2020-11-30,2020-08-12,-0.04592234052171851,81.0,0.6929451015527576,P1
P1 GLD,G_own,B_bear_2022,0.4333358173890977,,-0.026495157158535454,,,modern_folds,0.028699212395568496,2022-04-13,2022-04-25,,-0.026495157158535454,8.0,0.6424362964487991,P1
P1 GLD,G_own,E2011_eu_us,0.2311066023701454,,-0.08456302569866214,,,market_factor_A0_calendar,0.012438627029200289,2011-08-22,2011-12-30,2011-08-25,-0.029708453602438678,92.0,0.4571359081061112,P1
P1 GLD,G_own,E2015_16_china,-0.026609277995327505,,-0.020308877810549908,,,market_factor_A0_calendar,-0.0009292716235232978,2016-03-10,2016-03-24,,-0.020308877810549908,11.0,0.4728066150705243,P1
P1 GLD,G_own,K2013_14_bull,-0.3813167870730943,,-0.025889741705371727,,,calm_controls,-0.014460287095748314,2014-07-11,2014-07-15,,-0.025889741705371727,3.0,0.7840689699962485,P1
P1 GLD,G_own,A_bull_2021,-1.523565830480514,,-0.07897448022263587,,,calm_controls,-0.06429574381973568,2021-01-05,2021-06-14,2021-01-11,-0.03392441336233809,111.0,0.6355917316732489,P1
P1 GLD,G_own,D_recent_2025plus,1.8314055314620743,,-0.09871816932860633,,,calm_controls,0.438478123376538,2026-01-29,2026-06-10,2026-02-02,-0.03958893563128407,92.0,0.34748195190081277,P1
P1 GLD,G_spy,FULL,0.43068752344800115,0.43224520557021606,-0.21641643052390214,3.75529718201077,,,,,,,,,,P1
P1 GLD,G_spy,E_bear_2018q4,1.5107377668876438,,-0.021389108129439616,,,modern_folds,0.05608106970483151,2019-02-19,2019-02-28,,-0.021389108129439616,8.0,1.0,P1
P1 GLD,G_spy,X_2020_covid,1.6040900548991193,,-0.08658191226105882,,,modern_folds,0.15583891958713902,2020-08-06,2020-11-30,2020-09-04,-0.046615684885431996,81.0,0.6929451015527576,P1
P1 GLD,G_spy,B_bear_2022,-0.04045587931170488,,-0.043537007743915224,,,modern_folds,0.01029973942638196,2022-03-08,2022-04-25,,-0.043537007743915224,34.0,0.7316456301794463,P1
P1 GLD,G_spy,E2011_eu_us,0.07438193747122616,,-0.07766313129839664,,,market_factor_A0_calendar,0.0016218240888923319,2011-08-22,2011-12-30,2011-12-30,-0.07766313129839664,92.0,0.4571359081061112,P1
P1 GLD,G_spy,E2015_16_china,-0.026609277995327505,,-0.020308877810549908,,,market_factor_A0_calendar,-0.0009292716235232978,2016-03-10,2016-03-24,,-0.020308877810549908,11.0,0.4728066150705243,P1
P1 GLD,G_spy,K2013_14_bull,-0.4143078973131401,,-0.025889741705371727,,,calm_controls,-0.015862156703931873,2014-07-11,2014-07-15,,-0.025889741705371727,3.0,0.7840689699962485,P1
P1 GLD,G_spy,A_bull_2021,-1.5233046583583052,,-0.07908251473082206,,,calm_controls,-0.06440550011524915,2021-01-05,2021-06-14,2021-02-03,-0.03927311479430484,111.0,0.6355917316732489,P1
P1 GLD,G_spy,D_recent_2025plus,1.7081680248601743,,-0.08778921141894569,,,calm_controls,0.39993566136445,2026-01-29,2026-06-10,2026-02-09,-0.04337616621252438,92.0,0.34748195190081277,P1
P1 GLD,buy_hold,FULL,0.42147844352708264,0.3108091241265913,-0.4555501381439947,0.0,,,,,,,,,,P1
P1 GLD,buy_hold,E_bear_2018q4,1.7405880656861157,,-0.026633553138648902,,,modern_folds,0.0923266672539862,2018-10-26,2018-11-12,,-0.026633553138648902,12.0,1.0,P1
P1 GLD,buy_hold,X_2020_covid,1.0368732846669866,,-0.1403888802929495,,,modern_folds,0.19440166075135856,2020-08-06,2020-11-30,,-0.1403888802929495,81.0,1.0,P1
P1 GLD,buy_hold,B_bear_2022,-0.05901628889196952,,-0.21032844237898762,,,modern_folds,-0.007721104351896324,2022-03-08,2022-09-26,,-0.21032844237898762,140.0,1.0,P1
P1 GLD,buy_hold,E2011_eu_us,0.0992047234354904,,-0.18554634595590191,,,market_factor_A0_calendar,-0.0024939292511635403,2011-08-22,2011-12-29,,-0.18554634595590191,91.0,1.0,P1
P1 GLD,buy_hold,E2015_16_china,0.3132373237561325,,-0.12851196670135323,,,market_factor_A0_calendar,0.03102541630149047,2015-06-18,2015-12-17,,-0.12851196670135323,128.0,1.0,P1
P1 GLD,buy_hold,K2013_14_bull,-0.8647783990103708,,-0.32919899798374774,,,calm_controls,-0.29897543513146563,2013-01-22,2014-11-05,,-0.32919899798374774,453.0,1.0,P1
P1 GLD,buy_hold,A_bull_2021,-0.241280778169253,,-0.13878711653086884,,,calm_controls,-0.04148912312177555,2021-01-05,2021-03-08,,-0.13878711653086884,43.0,1.0,P1
P1 GLD,buy_hold,D_recent_2025plus,1.202703567042244,,-0.2640451703972574,,,calm_controls,0.6942138520629431,2026-01-29,2026-07-16,,-0.2640451703972574,116.0,1.0,P1
P2 UPRO,incumbent,FULL,0.6716283741348641,1.1236871785348888,-0.3274987803631696,2.9591846491731246,1.6901017576318225,,,,,,,,,P2
P2 UPRO,incumbent,E_bear_2018q4,-1.5088391397279333,,-0.18169066554597824,,,modern_folds,-0.1273277773669751,2018-09-20,2018-10-11,,-0.18169066554597824,16.0,1.0,P2
P2 UPRO,incumbent,X_2020_covid,0.7860062511150968,,-0.23672765125931006,,,modern_folds,0.17965944066589712,2020-02-19,2020-06-11,2020-02-28,-0.23415070506495628,80.0,0.8574281590616493,P2
P2 UPRO,incumbent,B_bear_2022,-2.1303062620373954,,-0.20847870232480292,,,modern_folds,-0.19156323933279906,2022-01-03,2022-08-30,2022-01-26,-0.15543605197646126,166.0,0.6085508761504368,P2
P2 UPRO,incumbent,E2011_eu_us,-1.0351888206224447,,-0.3111133546216345,,,market_factor_A0_calendar,-0.23032020766480021,2011-05-02,2011-10-03,2011-08-05,-0.2342548756817685,108.0,0.8805957987982022,P2
P2 UPRO,incumbent,E2015_16_china,,,0.0,,,market_factor_A0_calendar,0.0,2015-06-01,2015-06-01,,0.0,1.0,0.0,P2
P2 UPRO,incumbent,K2013_14_bull,1.2315700593317869,,-0.17904469083915553,,,calm_controls,0.8500124970892808,2014-09-18,2014-10-15,,-0.17904469083915553,20.0,1.0,P2
P2 UPRO,incumbent,A_bull_2021,1.5913643284632366,,-0.14410046124408415,,,calm_controls,0.556098280787007,2021-09-02,2021-10-04,,-0.14410046124408415,22.0,1.0,P2
P2 UPRO,incumbent,D_recent_2025plus,0.5745692608870123,,-0.22314555657592194,,,calm_controls,0.3133554961158558,2026-01-12,2026-03-31,2026-03-31,-0.22314555657592194,55.0,0.9487893293147768,P2
P2 UPRO,E_2s,FULL,0.6716283741348641,1.1236871785348888,-0.3274987803631696,2.9591846491731246,1.6901017576318225,,,,,,,,,P2
P2 UPRO,E_2s,E_bear_2018q4,-1.5088391397279333,,-0.18169066554597824,,,modern_folds,-0.1273277773669751,2018-09-20,2018-10-11,,-0.18169066554597824,16.0,1.0,P2
P2 UPRO,E_2s,X_2020_covid,0.7860062511150968,,-0.23672765125931006,,,modern_folds,0.17965944066589712,2020-02-19,2020-06-11,2020-02-28,-0.23415070506495628,80.0,0.8574281590616493,P2
P2 UPRO,E_2s,B_bear_2022,-2.1303062620373954,,-0.20847870232480292,,,modern_folds,-0.19156323933279906,2022-01-03,2022-08-30,2022-01-26,-0.15543605197646126,166.0,0.6085508761504368,P2
P2 UPRO,E_2s,E2011_eu_us,-1.0351888206224447,,-0.3111133546216345,,,market_factor_A0_calendar,-0.23032020766480021,2011-05-02,2011-10-03,2011-08-05,-0.2342548756817685,108.0,0.8805957987982022,P2
P2 UPRO,E_2s,E2015_16_china,,,0.0,,,market_factor_A0_calendar,0.0,2015-06-01,2015-06-01,,0.0,1.0,0.0,P2
P2 UPRO,E_2s,K2013_14_bull,1.2315700593317869,,-0.17904469083915553,,,calm_controls,0.8500124970892808,2014-09-18,2014-10-15,,-0.17904469083915553,20.0,1.0,P2
P2 UPRO,E_2s,A_bull_2021,1.5913643284632366,,-0.14410046124408415,,,calm_controls,0.556098280787007,2021-09-02,2021-10-04,,-0.14410046124408415,22.0,1.0,P2
P2 UPRO,E_2s,D_recent_2025plus,0.5745692608870123,,-0.22314555657592194,,,calm_controls,0.3133554961158558,2026-01-12,2026-03-31,2026-03-31,-0.22314555657592194,55.0,0.9487893293147768,P2
P2 UPRO,E_3s,FULL,0.6716283741348641,1.1236871785348888,-0.3274987803631696,2.9591846491731246,1.6901017576318225,,,,,,,,,P2
P2 UPRO,E_3s,E_bear_2018q4,-1.5088391397279333,,-0.18169066554597824,,,modern_folds,-0.1273277773669751,2018-09-20,2018-10-11,,-0.18169066554597824,16.0,1.0,P2
P2 UPRO,E_3s,X_2020_covid,0.7860062511150968,,-0.23672765125931006,,,modern_folds,0.17965944066589712,2020-02-19,2020-06-11,2020-02-28,-0.23415070506495628,80.0,0.8574281590616493,P2
P2 UPRO,E_3s,B_bear_2022,-2.1303062620373954,,-0.20847870232480292,,,modern_folds,-0.19156323933279906,2022-01-03,2022-08-30,2022-01-26,-0.15543605197646126,166.0,0.6085508761504368,P2
P2 UPRO,E_3s,E2011_eu_us,-1.0351888206224447,,-0.3111133546216345,,,market_factor_A0_calendar,-0.23032020766480021,2011-05-02,2011-10-03,2011-08-05,-0.2342548756817685,108.0,0.8805957987982022,P2
P2 UPRO,E_3s,E2015_16_china,,,0.0,,,market_factor_A0_calendar,0.0,2015-06-01,2015-06-01,,0.0,1.0,0.0,P2
P2 UPRO,E_3s,K2013_14_bull,1.2315700593317869,,-0.17904469083915553,,,calm_controls,0.8500124970892808,2014-09-18,2014-10-15,,-0.17904469083915553,20.0,1.0,P2
P2 UPRO,E_3s,A_bull_2021,1.5913643284632366,,-0.14410046124408415,,,calm_controls,0.556098280787007,2021-09-02,2021-10-04,,-0.14410046124408415,22.0,1.0,P2
P2 UPRO,E_3s,D_recent_2025plus,0.5745692608870123,,-0.22314555657592194,,,calm_controls,0.3133554961158558,2026-01-12,2026-03-31,2026-03-31,-0.22314555657592194,55.0,0.9487893293147768,P2
P2 UPRO,F_exit2,FULL,0.6828385042673873,1.100209780056163,-0.33876659415969357,2.949081176906933,1.6901017576318225,,,,,,,,,P2
P2 UPRO,F_exit2,E_bear_2018q4,-1.6283622748409237,,-0.18169066554597824,,,modern_folds,-0.12562050878727093,2018-09-20,2018-10-11,,-0.18169066554597824,16.0,1.0,P2
P2 UPRO,F_exit2,X_2020_covid,0.7674765694438314,,-0.24482090284704916,,,modern_folds,0.16715108679075308,2020-02-19,2020-06-11,2020-02-28,-0.23415070506495628,80.0,0.8574281590616493,P2
P2 UPRO,F_exit2,B_bear_2022,-1.9566735882618371,,-0.19004640501443237,,,modern_folds,-0.172654302328486,2022-01-03,2022-08-29,2022-01-24,-0.14356123207216054,165.0,0.6085508761504368,P2
P2 UPRO,F_exit2,E2011_eu_us,-1.0351888206224447,,-0.3111133546216345,,,market_factor_A0_calendar,-0.23032020766480021,2011-05-02,2011-10-03,2011-08-05,-0.2342548756817685,108.0,0.8805957987982022,P2
P2 UPRO,F_exit2,E2015_16_china,,,0.0,,,market_factor_A0_calendar,0.0,2015-06-01,2015-06-01,,0.0,1.0,0.0,P2
P2 UPRO,F_exit2,K2013_14_bull,1.1900099668220316,,-0.16840896136036687,,,calm_controls,0.8040274344074072,2014-09-18,2014-10-13,,-0.16840896136036687,18.0,1.0,P2
P2 UPRO,F_exit2,A_bull_2021,1.5913643284632366,,-0.14410046124408415,,,calm_controls,0.556098280787007,2021-09-02,2021-10-04,,-0.14410046124408415,22.0,1.0,P2
P2 UPRO,F_exit2,D_recent_2025plus,0.6652193384644806,,-0.19973127875431307,,,calm_controls,0.36571506342363524,2025-02-19,2025-03-11,,-0.19973127875431307,15.0,0.8434341390145987,P2
P2 UPRO,F_exit1,FULL,0.7074762590367077,1.2041848541279603,-0.31645028147590126,3.035037204861848,1.8066604995374653,,,,,,,,,P2
P2 UPRO,F_exit1,E_bear_2018q4,-2.007205685590529,,-0.18205447264687957,,,modern_folds,-0.14897678550827997,2018-09-20,2018-10-12,2018-10-12,-0.18205447264687957,17.0,1.0,P2
P2 UPRO,F_exit1,X_2020_covid,0.778506680179292,,-0.24286109451320448,,,modern_folds,0.1701800271247378,2020-02-19,2020-06-11,2020-02-28,-0.23238696511963453,80.0,0.8574281590616493,P2
P2 UPRO,F_exit1,B_bear_2022,-1.505982196879286,,-0.12241193155422436,,,modern_folds,-0.09988930518760275,2022-01-03,2022-08-23,2022-01-20,-0.09704469617117539,161.0,0.6085508761504368,P2
P2 UPRO,F_exit1,E2011_eu_us,-1.0351888206224447,,-0.3111133546216345,,,market_factor_A0_calendar,-0.23032020766480021,2011-05-02,2011-10-03,2011-08-05,-0.2342548756817685,108.0,0.8805957987982022,P2
P2 UPRO,F_exit1,E2015_16_china,,,0.0,,,market_factor_A0_calendar,0.0,2015-06-01,2015-06-01,,0.0,1.0,0.0,P2
P2 UPRO,F_exit1,K2013_14_bull,1.1843393883659032,,-0.16882960446125295,,,calm_controls,0.7982793015721732,2014-09-18,2014-10-14,2014-10-14,-0.16882960446125295,19.0,1.0,P2
P2 UPRO,F_exit1,A_bull_2021,1.5913643284632366,,-0.14410046124408415,,,calm_controls,0.556098280787007,2021-09-02,2021-10-04,,-0.14410046124408415,22.0,1.0,P2
P2 UPRO,F_exit1,D_recent_2025plus,0.5151894247676334,,-0.24768611996162515,,,calm_controls,0.27375000972779695,2025-10-29,2026-03-20,2025-11-21,-0.12060854202653759,98.0,0.7887032799185743,P2
P2 UPRO,G_own,FULL,0.6968213038939247,1.2153395134998537,-0.33310606026249356,4.640429288783791,,,,,,,,,,P2
P2 UPRO,G_own,E_bear_2018q4,-1.7866099431891003,,-0.16574466507203267,,,modern_folds,-0.13261476176108566,2018-09-20,2018-10-23,2018-10-11,-0.16262531116693935,24.0,1.0,P2
P2 UPRO,G_own,X_2020_covid,1.1929950638401872,,-0.19024967389724168,,,modern_folds,0.27230266999896924,2020-02-19,2020-06-11,2020-02-25,-0.14264473322634674,80.0,0.8574281590616493,P2
P2 UPRO,G_own,B_bear_2022,-2.1315944807854246,,-0.2086038789081307,,,modern_folds,-0.19169230914615631,2022-01-03,2022-08-30,2022-01-26,-0.1555033713299745,166.0,0.6085508761504368,P2
P2 UPRO,G_own,E2011_eu_us,-0.9799686739237162,,-0.29155551338600083,,,market_factor_A0_calendar,-0.20875250672988432,2011-05-02,2011-10-03,2011-06-02,-0.08590847987687422,108.0,0.8805957987982022,P2
P2 UPRO,G_own,E2015_16_china,,,0.0,,,market_factor_A0_calendar,0.0,2015-06-01,2015-06-01,,0.0,1.0,0.0,P2
P2 UPRO,G_own,K2013_14_bull,1.3274924443022609,,-0.15031769184978094,,,calm_controls,0.9160804769117528,2013-12-31,2014-02-03,2014-01-27,-0.10196512749117703,23.0,1.0,P2
P2 UPRO,G_own,A_bull_2021,1.668995006297421,,-0.14411019267366443,,,calm_controls,0.5793853101389934,2021-09-02,2021-10-04,,-0.14411019267366443,22.0,1.0,P2
P2 UPRO,G_own,D_recent_2025plus,0.47692315498253135,,-0.2543270496677421,,,calm_controls,0.25361792499144875,2026-01-12,2026-03-31,2026-01-22,-0.07667595804916827,55.0,0.9487893293147768,P2
P2 UPRO,G_spy,FULL,0.6968213038939247,1.2153395134998537,-0.33310606026249356,4.640429288783791,,,,,,,,,,P2
P2 UPRO,G_spy,E_bear_2018q4,-1.7866099431891003,,-0.16574466507203267,,,modern_folds,-0.13261476176108566,2018-09-20,2018-10-23,2018-10-11,-0.16262531116693935,24.0,1.0,P2
P2 UPRO,G_spy,X_2020_covid,1.1929950638401872,,-0.19024967389724168,,,modern_folds,0.27230266999896924,2020-02-19,2020-06-11,2020-02-25,-0.14264473322634674,80.0,0.8574281590616493,P2
P2 UPRO,G_spy,B_bear_2022,-2.1315944807854246,,-0.2086038789081307,,,modern_folds,-0.19169230914615631,2022-01-03,2022-08-30,2022-01-26,-0.1555033713299745,166.0,0.6085508761504368,P2
P2 UPRO,G_spy,E2011_eu_us,-0.9799686739237162,,-0.29155551338600083,,,market_factor_A0_calendar,-0.20875250672988432,2011-05-02,2011-10-03,2011-06-02,-0.08590847987687422,108.0,0.8805957987982022,P2
P2 UPRO,G_spy,E2015_16_china,,,0.0,,,market_factor_A0_calendar,0.0,2015-06-01,2015-06-01,,0.0,1.0,0.0,P2
P2 UPRO,G_spy,K2013_14_bull,1.3274924443022609,,-0.15031769184978094,,,calm_controls,0.9160804769117528,2013-12-31,2014-02-03,2014-01-27,-0.10196512749117703,23.0,1.0,P2
P2 UPRO,G_spy,A_bull_2021,1.668995006297421,,-0.14411019267366443,,,calm_controls,0.5793853101389934,2021-09-02,2021-10-04,,-0.14411019267366443,22.0,1.0,P2
P2 UPRO,G_spy,D_recent_2025plus,0.47692315498253135,,-0.2543270496677421,,,calm_controls,0.25361792499144875,2026-01-12,2026-03-31,2026-01-22,-0.07667595804916827,55.0,0.9487893293147768,P2
P2 UPRO,buy_hold,FULL,0.7914113787075456,1.532822329877317,-0.7681535269709543,0.0,,,,,,,,,,P2
P2 UPRO,buy_hold,E_bear_2018q4,-0.4043387482028374,,-0.5030608570399715,,,modern_folds,-0.16518188567186431,2018-09-20,2018-12-24,,-0.5030608570399715,66.0,1.0,P2
P2 UPRO,buy_hold,X_2020_covid,0.657387393000236,,-0.7681535269709545,,,modern_folds,0.11114448783418629,2020-02-19,2020-03-23,,-0.7681535269709545,24.0,1.0,P2
P2 UPRO,buy_hold,B_bear_2022,-0.8205755249937124,,-0.6394648829431437,,,modern_folds,-0.5685313733496664,2022-01-03,2022-10-12,,-0.6394648829431437,196.0,1.0,P2
P2 UPRO,buy_hold,E2011_eu_us,-0.2647987361145016,,-0.5147928994082842,,,market_factor_A0_calendar,-0.3049853372434016,2011-05-02,2011-10-03,,-0.5147928994082842,108.0,1.0,P2
P2 UPRO,buy_hold,E2015_16_china,0.014868225123984535,,-0.38850174216027944,,,market_factor_A0_calendar,-0.10384959713518405,2015-07-20,2016-02-11,,-0.38850174216027944,144.0,1.0,P2
P2 UPRO,buy_hold,K2013_14_bull,1.8146967694233689,,-0.21079429735234212,,,calm_controls,2.0115273775216136,2014-09-18,2014-10-15,,-0.21079429735234212,20.0,1.0,P2
P2 UPRO,buy_hold,A_bull_2021,1.9689018154553841,,-0.15195391561575622,,,calm_controls,0.9862124898621225,2021-09-02,2021-10-04,,-0.15195391561575622,22.0,1.0,P2
P2 UPRO,buy_hold,D_recent_2025plus,0.8413005077700079,,-0.4886595831630566,,,calm_controls,0.7623025864042132,2025-02-19,2025-04-08,,-0.4886595831630566,35.0,1.0,P2
P2 TQQQ,incumbent,FULL,0.8640145313316812,1.8003476112354473,-0.29413157041171745,3.090070270524009,1.7546218487394958,,,,,,,,,P2
P2 TQQQ,incumbent,E_bear_2018q4,-2.0909914357800057,,-0.22989405862795564,,,modern_folds,-0.23079137937925065,2018-10-01,2018-10-25,2018-10-17,-0.2135585971569257,19.0,0.8980970806742681,P2
P2 TQQQ,incumbent,X_2020_covid,1.1576350006318037,,-0.2504701574761433,,,modern_folds,0.3164933835383965,2020-02-19,2020-04-21,2020-02-28,-0.2145746307336811,44.0,0.6984262309251991,P2
P2 TQQQ,incumbent,B_bear_2022,,,0.0,,,modern_folds,0.012881409782865116,2022-01-03,2022-01-03,,0.0,1.0,0.0,P2
P2 TQQQ,incumbent,E2011_eu_us,-0.6497176747372677,,-0.22598882208662396,,,market_factor_A0_calendar,-0.16036413145629425,2011-05-10,2011-10-03,2011-08-05,-0.18930618854629522,102.0,0.7491553846635995,P2
P2 TQQQ,incumbent,E2015_16_china,0.07649962792432871,,-0.04762791008274636,,,market_factor_A0_calendar,0.0024813247643939995,2015-06-01,2015-06-09,,-0.04762791008274636,7.0,0.6826644886812967,P2
P2 TQQQ,incumbent,K2013_14_bull,1.779432125739563,,-0.15338588058988656,,,calm_controls,1.3621045828791671,2014-03-05,2014-04-11,,-0.15338588058988656,28.0,0.6625750200856001,P2
P2 TQQQ,incumbent,A_bull_2021,0.6389568553057487,,-0.18843515496792496,,,calm_controls,0.1596070071947424,2021-09-07,2021-10-04,,-0.18843515496792496,20.0,1.0,P2
P2 TQQQ,incumbent,D_recent_2025plus,0.5880312107210439,,-0.2504024180839878,,,calm_controls,0.33174824687058657,2025-10-29,2026-03-30,,-0.2504024180839878,104.0,0.6273828392067624,P2
P2 TQQQ,E_2s,FULL,0.8640145313316812,1.8003476112354473,-0.29413157041171745,3.090070270524009,1.7546218487394958,,,,,,,,,P2
P2 TQQQ,E_2s,E_bear_2018q4,-2.0909914357800057,,-0.22989405862795564,,,modern_folds,-0.23079137937925065,2018-10-01,2018-10-25,2018-10-17,-0.2135585971569257,19.0,0.8980970806742681,P2
P2 TQQQ,E_2s,X_2020_covid,1.1576350006318037,,-0.2504701574761433,,,modern_folds,0.3164933835383965,2020-02-19,2020-04-21,2020-02-28,-0.2145746307336811,44.0,0.6984262309251991,P2
P2 TQQQ,E_2s,B_bear_2022,,,0.0,,,modern_folds,0.012881409782865116,2022-01-03,2022-01-03,,0.0,1.0,0.0,P2
P2 TQQQ,E_2s,E2011_eu_us,-0.6497176747372677,,-0.22598882208662396,,,market_factor_A0_calendar,-0.16036413145629425,2011-05-10,2011-10-03,2011-08-05,-0.18930618854629522,102.0,0.7491553846635995,P2
P2 TQQQ,E_2s,E2015_16_china,0.07649962792432871,,-0.04762791008274636,,,market_factor_A0_calendar,0.0024813247643939995,2015-06-01,2015-06-09,,-0.04762791008274636,7.0,0.6826644886812967,P2
P2 TQQQ,E_2s,K2013_14_bull,1.779432125739563,,-0.15338588058988656,,,calm_controls,1.3621045828791671,2014-03-05,2014-04-11,,-0.15338588058988656,28.0,0.6625750200856001,P2
P2 TQQQ,E_2s,A_bull_2021,0.6389568553057487,,-0.18843515496792496,,,calm_controls,0.1596070071947424,2021-09-07,2021-10-04,,-0.18843515496792496,20.0,1.0,P2
P2 TQQQ,E_2s,D_recent_2025plus,0.5880312107210439,,-0.2504024180839878,,,calm_controls,0.33174824687058657,2025-10-29,2026-03-30,,-0.2504024180839878,104.0,0.6273828392067624,P2
P2 TQQQ,E_3s,FULL,0.8640145313316812,1.8003476112354473,-0.29413157041171745,3.090070270524009,1.7546218487394958,,,,,,,,,P2
P2 TQQQ,E_3s,E_bear_2018q4,-2.0909914357800057,,-0.22989405862795564,,,modern_folds,-0.23079137937925065,2018-10-01,2018-10-25,2018-10-17,-0.2135585971569257,19.0,0.8980970806742681,P2
P2 TQQQ,E_3s,X_2020_covid,1.1576350006318037,,-0.2504701574761433,,,modern_folds,0.3164933835383965,2020-02-19,2020-04-21,2020-02-28,-0.2145746307336811,44.0,0.6984262309251991,P2
P2 TQQQ,E_3s,B_bear_2022,,,0.0,,,modern_folds,0.012881409782865116,2022-01-03,2022-01-03,,0.0,1.0,0.0,P2
P2 TQQQ,E_3s,E2011_eu_us,-0.6497176747372677,,-0.22598882208662396,,,market_factor_A0_calendar,-0.16036413145629425,2011-05-10,2011-10-03,2011-08-05,-0.18930618854629522,102.0,0.7491553846635995,P2
P2 TQQQ,E_3s,E2015_16_china,0.07649962792432871,,-0.04762791008274636,,,market_factor_A0_calendar,0.0024813247643939995,2015-06-01,2015-06-09,,-0.04762791008274636,7.0,0.6826644886812967,P2
P2 TQQQ,E_3s,K2013_14_bull,1.779432125739563,,-0.15338588058988656,,,calm_controls,1.3621045828791671,2014-03-05,2014-04-11,,-0.15338588058988656,28.0,0.6625750200856001,P2
P2 TQQQ,E_3s,A_bull_2021,0.6389568553057487,,-0.18843515496792496,,,calm_controls,0.1596070071947424,2021-09-07,2021-10-04,,-0.18843515496792496,20.0,1.0,P2
P2 TQQQ,E_3s,D_recent_2025plus,0.5880312107210439,,-0.2504024180839878,,,calm_controls,0.33174824687058657,2025-10-29,2026-03-30,,-0.2504024180839878,104.0,0.6273828392067624,P2
P2 TQQQ,F_exit2,FULL,0.8565619341484784,1.7427465342235158,-0.2864719442122613,3.1282419731653683,1.8756302521008403,,,,,,,,,P2
P2 TQQQ,F_exit2,E_bear_2018q4,-2.166509565502362,,-0.22147871535587504,,,modern_folds,-0.2220747492687053,2018-10-01,2018-10-19,2018-10-16,-0.2135585971569257,15.0,0.8980970806742681,P2
P2 TQQQ,F_exit2,X_2020_covid,1.138004882994083,,-0.2565501665591311,,,modern_folds,0.3058143000976963,2020-02-19,2020-04-21,2020-02-28,-0.2145746307336811,44.0,0.6984262309251991,P2
P2 TQQQ,F_exit2,B_bear_2022,,,0.0,,,modern_folds,0.012881409782865116,2022-01-03,2022-01-03,,0.0,1.0,0.0,P2
P2 TQQQ,F_exit2,E2011_eu_us,-0.6497176747372677,,-0.22598882208662396,,,market_factor_A0_calendar,-0.16036413145629425,2011-05-10,2011-10-03,2011-08-05,-0.18930618854629522,102.0,0.7491553846635995,P2
P2 TQQQ,F_exit2,E2015_16_china,-0.6101337263996452,,-0.04762791008274636,,,market_factor_A0_calendar,-0.02741930352060651,2015-06-01,2015-06-09,,-0.04762791008274636,7.0,0.6826644886812967,P2
P2 TQQQ,F_exit2,K2013_14_bull,1.779432125739563,,-0.15338588058988656,,,calm_controls,1.3621045828791671,2014-03-05,2014-04-11,,-0.15338588058988656,28.0,0.6625750200856001,P2
P2 TQQQ,F_exit2,A_bull_2021,0.6408137553503234,,-0.17838706100967738,,,calm_controls,0.15440903479245383,2021-09-07,2021-12-03,2021-10-01,-0.16643165617567146,63.0,1.0,P2
P2 TQQQ,F_exit2,D_recent_2025plus,0.692377751799853,,-0.25040241808398733,,,calm_controls,0.3978253112365502,2025-10-29,2026-03-30,,-0.25040241808398733,104.0,0.6273828392067624,P2
P2 TQQQ,F_exit1,FULL,0.8466749054911856,1.7294582516449035,-0.2885253693077924,3.353681782059652,2.3596638655462185,,,,,,,,,P2
P2 TQQQ,F_exit1,E_bear_2018q4,-2.197943751494999,,-0.2137631384100589,,,modern_folds,-0.21397218331727452,2018-10-01,2018-10-12,2018-10-12,-0.2137631384100589,10.0,0.8980970806742681,P2
P2 TQQQ,F_exit1,X_2020_covid,0.9804588629055885,,-0.2885253693077924,,,modern_folds,0.24965223627090394,2020-02-19,2020-04-21,2020-02-28,-0.2145746307336811,44.0,0.6984262309251991,P2
P2 TQQQ,F_exit1,B_bear_2022,,,0.0,,,modern_folds,0.012881409782865116,2022-01-03,2022-01-03,,0.0,1.0,0.0,P2
P2 TQQQ,F_exit1,E2011_eu_us,-0.818973112350013,,-0.25241217510801006,,,market_factor_A0_calendar,-0.18902779368370382,2011-05-10,2011-10-03,2011-08-05,-0.18930618854629522,102.0,0.7491553846635995,P2
P2 TQQQ,F_exit1,E2015_16_china,-1.5389527129486495,,-0.048249493436098856,,,market_factor_A0_calendar,-0.04236961766310687,2015-06-01,2015-06-10,2015-06-10,-0.048249493436098856,8.0,0.6826644886812967,P2
P2 TQQQ,F_exit1,K2013_14_bull,1.7322965267659343,,-0.15338588058988656,,,calm_controls,1.3053125731566517,2014-03-05,2014-04-11,,-0.15338588058988656,28.0,0.6625750200856001,P2
P2 TQQQ,F_exit1,A_bull_2021,0.6180337831504288,,-0.1730870171076121,,,calm_controls,0.14666969789385997,2021-09-07,2021-12-06,2021-09-30,-0.16065944541865862,64.0,1.0,P2
P2 TQQQ,F_exit1,D_recent_2025plus,0.6301672169201035,,-0.25066228047693295,,,calm_controls,0.3528049110055218,2025-10-29,2026-03-31,2026-03-31,-0.25066228047693295,105.0,0.6273828392067624,P2
P2 TQQQ,G_own,FULL,0.8465270009594629,1.7009891597461295,-0.30840558897348613,4.371466580578259,,,,,,,,,,P2
P2 TQQQ,G_own,E_bear_2018q4,-2.380080420967969,,-0.24541653627458793,,,modern_folds,-0.2463145769864199,2018-10-01,2018-10-25,2018-10-11,-0.20623274564917915,19.0,0.8980970806742681,P2
P2 TQQQ,G_own,X_2020_covid,1.492048558194776,,-0.22069108298310325,,,modern_folds,0.4029012858903751,2020-02-19,2020-03-09,2020-02-25,-0.14938986688874345,14.0,0.6984262309251991,P2
P2 TQQQ,G_own,B_bear_2022,,,0.0,,,modern_folds,0.012881409782865116,2022-01-03,2022-01-03,,0.0,1.0,0.0,P2
P2 TQQQ,G_own,E2011_eu_us,-0.6606460190614312,,-0.22000976784625415,,,market_factor_A0_calendar,-0.15420566092674304,2011-05-10,2011-10-03,2011-08-05,-0.18939647789759206,102.0,0.7491553846635995,P2
P2 TQQQ,G_own,E2015_16_china,0.07587268473779984,,-0.04763778800719387,,,market_factor_A0_calendar,0.002441451161841579,2015-06-01,2015-06-09,,-0.04763778800719387,7.0,0.6826644886812967,P2
P2 TQQQ,G_own,K2013_14_bull,1.8217899729173375,,-0.1341680281576958,,,calm_controls,1.3460683219485463,2013-05-21,2013-06-24,,-0.1341680281576958,24.0,0.8234749638849524,P2
P2 TQQQ,G_own,A_bull_2021,0.6340783469516356,,-0.19161577899561744,,,calm_controls,0.15742183507396423,2021-09-07,2021-12-03,2021-09-24,-0.12194428652643541,63.0,1.0,P2
P2 TQQQ,G_own,D_recent_2025plus,0.42774026844848406,,-0.2563799495698824,,,calm_controls,0.23121956806727817,2025-10-29,2026-03-30,,-0.2563799495698824,104.0,0.6273828392067624,P2
P2 TQQQ,G_spy,FULL,0.8641621148441604,1.7407560387642322,-0.30840558897348536,4.279755336720179,,,,,,,,,,P2
P2 TQQQ,G_spy,E_bear_2018q4,-2.380080420967969,,-0.24541653627458793,,,modern_folds,-0.2463145769864199,2018-10-01,2018-10-25,2018-10-11,-0.20623274564917915,19.0,0.8980970806742681,P2
P2 TQQQ,G_spy,X_2020_covid,1.4307390508230946,,-0.2252805385975094,,,modern_folds,0.37916189162649294,2020-02-19,2020-04-21,2020-02-25,-0.14938986688874345,44.0,0.6984262309251991,P2
P2 TQQQ,G_spy,B_bear_2022,,,0.0,,,modern_folds,0.012881409782865116,2022-01-03,2022-01-03,,0.0,1.0,0.0,P2
P2 TQQQ,G_spy,E2011_eu_us,-0.6250787139781254,,-0.2140172411001442,,,market_factor_A0_calendar,-0.14770757288708947,2011-05-10,2011-10-03,2011-06-02,-0.09770527628154313,102.0,0.7491553846635995,P2
P2 TQQQ,G_spy,E2015_16_china,0.07587268473779984,,-0.04763778800719387,,,market_factor_A0_calendar,0.002441451161841579,2015-06-01,2015-06-09,,-0.04763778800719387,7.0,0.6826644886812967,P2
P2 TQQQ,G_spy,K2013_14_bull,1.783988518771676,,-0.1479652180276948,,,calm_controls,1.3175020610418104,2014-03-05,2014-04-11,2014-04-11,-0.1479652180276948,28.0,0.6625750200856001,P2
P2 TQQQ,G_spy,A_bull_2021,0.7181133798086949,,-0.1884593901231647,,,calm_controls,0.18472551309619023,2021-09-07,2021-10-04,,-0.1884593901231647,20.0,1.0,P2
P2 TQQQ,G_spy,D_recent_2025plus,0.45281056397864045,,-0.286368111434569,,,calm_controls,0.24541165250285268,2025-10-29,2026-03-30,,-0.286368111434569,104.0,0.6273828392067624,P2
P2 TQQQ,buy_hold,FULL,0.8670293869900999,1.5759644993636583,-0.8155197657393846,0.0,,,,,,,,,,P2
P2 TQQQ,buy_hold,E_bear_2018q4,-0.5435489397353831,,-0.5752427184466021,,,modern_folds,-0.2929171668667474,2018-10-01,2018-12-24,,-0.5752427184466021,59.0,1.0,P2
P2 TQQQ,buy_hold,X_2020_covid,1.2249809128579205,,-0.6989010989010989,,,modern_folds,0.9418282548476424,2020-02-19,2020-03-20,,-0.6989010989010989,23.0,1.0,P2
P2 TQQQ,buy_hold,B_bear_2022,-1.1681812285994175,,-0.8090426875473601,,,modern_folds,-0.7897609147609144,2022-01-03,2022-12-28,,-0.8090426875473601,249.0,1.0,P2
P2 TQQQ,buy_hold,E2011_eu_us,-0.1699032560461159,,-0.4391461601615374,,,market_factor_A0_calendar,-0.264254164704828,2011-07-22,2011-08-19,,-0.4391461601615374,21.0,1.0,P2
P2 TQQQ,buy_hold,E2015_16_china,0.08119533149071011,,-0.44897959183673475,,,market_factor_A0_calendar,-0.11312217194570151,2015-07-20,2016-02-09,,-0.44897959183673475,142.0,1.0,P2
P2 TQQQ,buy_hold,K2013_14_bull,1.8701503139266757,,-0.23563218390804608,,,calm_controls,2.737010391686658,2014-09-18,2014-10-16,,-0.23563218390804608,21.0,1.0,P2
P2 TQQQ,buy_hold,A_bull_2021,1.3893580864544572,,-0.30427954456223005,,,calm_controls,0.8297669995244887,2021-02-12,2021-03-08,,-0.30427954456223005,16.0,1.0,P2
P2 TQQQ,buy_hold,D_recent_2025plus,0.813333732392088,,-0.5684210526315789,,,calm_controls,0.8444614991046244,2025-02-18,2025-04-08,,-0.5684210526315789,36.0,1.0,P2
P2 TECL,incumbent,FULL,0.7938927329560135,1.6369540606817796,-0.3233111941204041,3.088363622274729,2.0933991917377637,,,,,,,,,P2
P2 TECL,incumbent,E_bear_2018q4,-1.6844548362840646,,-0.23949446493487836,,,modern_folds,-0.198410221483726,2018-10-03,2018-10-25,2018-10-11,-0.2273497427081288,17.0,0.904365606932433,P2
P2 TECL,incumbent,X_2020_covid,0.8631893219205529,,-0.25318994636989367,,,modern_folds,0.21154221903837156,2020-02-19,2020-04-21,2020-03-04,-0.19095903629579425,44.0,0.4979463362350657,P2
P2 TECL,incumbent,B_bear_2022,-1.1742685760983316,,-0.0733067178311223,,,modern_folds,-0.051224977511724834,2022-01-03,2022-01-14,2022-01-14,-0.0733067178311223,10.0,0.37994295110612186,P2
P2 TECL,incumbent,E2011_eu_us,-0.6814802548454382,,-0.23389416396410334,,,market_factor_A0_calendar,-0.16637780181700745,2011-05-10,2011-08-19,2011-08-05,-0.1821295423563537,72.0,0.7701667065239713,P2
P2 TECL,incumbent,E2015_16_china,-0.9189360785359639,,-0.09455350689355146,,,market_factor_A0_calendar,-0.06514968900896267,2015-06-01,2015-11-13,2015-06-18,-0.05408996238399466,118.0,0.7195137774279077,P2
P2 TECL,incumbent,K2013_14_bull,1.0624615209275932,,-0.13867597599659232,,,calm_controls,0.5876527916141878,2013-05-17,2013-06-24,,-0.13867597599659232,26.0,0.7345456090471453,P2
P2 TECL,incumbent,A_bull_2021,1.070569769057768,,-0.166545315786906,,,calm_controls,0.32696654220453714,2021-08-30,2021-11-01,2021-10-05,-0.16583740910258404,45.0,0.878210926862432,P2
P2 TECL,incumbent,D_recent_2025plus,1.015435660340768,,-0.24625611418707172,,,calm_controls,0.6413885352064972,2025-10-29,2026-03-30,,-0.24625611418707172,104.0,0.5277804308821377,P2
P2 TECL,E_2s,FULL,0.7733082466702577,1.5179792544885466,-0.32331119412040343,3.14080064099333,2.20655590480467,,,,,,,,,P2
P2 TECL,E_2s,E_bear_2018q4,-1.6844548362840646,,-0.23949446493487836,,,modern_folds,-0.198410221483726,2018-10-03,2018-10-25,2018-10-11,-0.2273497427081288,17.0,0.904365606932433,P2
P2 TECL,E_2s,X_2020_covid,0.8631893219205529,,-0.25318994636989367,,,modern_folds,0.21154221903837156,2020-02-19,2020-04-21,2020-03-04,-0.19095903629579425,44.0,0.4979463362350657,P2
P2 TECL,E_2s,B_bear_2022,-1.1742685760983316,,-0.0733067178311223,,,modern_folds,-0.051224977511724834,2022-01-03,2022-01-14,2022-01-14,-0.0733067178311223,10.0,0.37994295110612186,P2
P2 TECL,E_2s,E2011_eu_us,-0.6814802548454382,,-0.23389416396410334,,,market_factor_A0_calendar,-0.16637780181700745,2011-05-10,2011-08-19,2011-08-05,-0.1821295423563537,72.0,0.7701667065239713,P2
P2 TECL,E_2s,E2015_16_china,-0.9189360785359639,,-0.09455350689355146,,,market_factor_A0_calendar,-0.06514968900896267,2015-06-01,2015-11-13,2015-06-18,-0.05408996238399466,118.0,0.7195137774279077,P2
P2 TECL,E_2s,K2013_14_bull,1.058616519046754,,-0.13867597599659232,,,calm_controls,0.5838410258426896,2013-05-17,2013-06-24,,-0.13867597599659232,26.0,0.7345456090471453,P2
P2 TECL,E_2s,A_bull_2021,1.070569769057768,,-0.166545315786906,,,calm_controls,0.32696654220453714,2021-08-30,2021-11-01,2021-10-05,-0.16583740910258404,45.0,0.878210926862432,P2
P2 TECL,E_2s,D_recent_2025plus,1.015435660340768,,-0.24625611418707172,,,calm_controls,0.6413885352064972,2025-10-29,2026-03-30,,-0.24625611418707172,104.0,0.5277804308821377,P2
P2 TECL,E_3s,FULL,0.7938927329560135,1.6369540606817796,-0.3233111941204041,3.088363622274729,2.0933991917377637,,,,,,,,,P2
P2 TECL,E_3s,E_bear_2018q4,-1.6844548362840646,,-0.23949446493487836,,,modern_folds,-0.198410221483726,2018-10-03,2018-10-25,2018-10-11,-0.2273497427081288,17.0,0.904365606932433,P2
P2 TECL,E_3s,X_2020_covid,0.8631893219205529,,-0.25318994636989367,,,modern_folds,0.21154221903837156,2020-02-19,2020-04-21,2020-03-04,-0.19095903629579425,44.0,0.4979463362350657,P2
P2 TECL,E_3s,B_bear_2022,-1.1742685760983316,,-0.0733067178311223,,,modern_folds,-0.051224977511724834,2022-01-03,2022-01-14,2022-01-14,-0.0733067178311223,10.0,0.37994295110612186,P2
P2 TECL,E_3s,E2011_eu_us,-0.6814802548454382,,-0.23389416396410334,,,market_factor_A0_calendar,-0.16637780181700745,2011-05-10,2011-08-19,2011-08-05,-0.1821295423563537,72.0,0.7701667065239713,P2
P2 TECL,E_3s,E2015_16_china,-0.9189360785359639,,-0.09455350689355146,,,market_factor_A0_calendar,-0.06514968900896267,2015-06-01,2015-11-13,2015-06-18,-0.05408996238399466,118.0,0.7195137774279077,P2
P2 TECL,E_3s,K2013_14_bull,1.0624615209275932,,-0.13867597599659232,,,calm_controls,0.5876527916141878,2013-05-17,2013-06-24,,-0.13867597599659232,26.0,0.7345456090471453,P2
P2 TECL,E_3s,A_bull_2021,1.070569769057768,,-0.166545315786906,,,calm_controls,0.32696654220453714,2021-08-30,2021-11-01,2021-10-05,-0.16583740910258404,45.0,0.878210926862432,P2
P2 TECL,E_3s,D_recent_2025plus,1.015435660340768,,-0.24625611418707172,,,calm_controls,0.6413885352064972,2025-10-29,2026-03-30,,-0.24625611418707172,104.0,0.5277804308821377,P2
P2 TECL,F_exit2,FULL,0.7870576027953636,1.6275639715530472,-0.34633551937925156,3.182684897198825,2.4328693309384826,,,,,,,,,P2
P2 TECL,F_exit2,E_bear_2018q4,-1.7659302978975036,,-0.2361265354807648,,,modern_folds,-0.19453824462735314,2018-10-03,2018-10-19,2018-10-11,-0.2273497427081288,13.0,0.904365606932433,P2
P2 TECL,F_exit2,X_2020_covid,0.9574590591823575,,-0.25583832012840135,,,modern_folds,0.23262071197108103,2020-02-19,2020-03-09,2020-03-02,-0.19095903629579425,14.0,0.4979463362350657,P2
P2 TECL,F_exit2,B_bear_2022,-1.2925159078391495,,-0.06184599749005393,,,modern_folds,-0.039110414413589645,2022-01-03,2022-01-07,,-0.06184599749005393,5.0,0.37994295110612186,P2
P2 TECL,F_exit2,E2011_eu_us,-0.6814802548454382,,-0.23389416396410334,,,market_factor_A0_calendar,-0.16637780181700745,2011-05-10,2011-08-19,2011-08-05,-0.1821295423563537,72.0,0.7701667065239713,P2
P2 TECL,F_exit2,E2015_16_china,-0.8413767762601683,,-0.052793867994942456,,,market_factor_A0_calendar,-0.044767727006840174,2015-06-01,2015-06-09,,-0.052793867994942456,7.0,0.7021711804453795,P2
P2 TECL,F_exit2,K2013_14_bull,1.0624615209275932,,-0.13867597599659232,,,calm_controls,0.5876527916141878,2013-05-17,2013-06-24,,-0.13867597599659232,26.0,0.7345456090471453,P2
P2 TECL,F_exit2,A_bull_2021,1.1707039406255515,,-0.14313465524999347,,,calm_controls,0.3642393104207491,2021-08-30,2021-11-01,2021-09-30,-0.14240686438553263,45.0,0.878210926862432,P2
P2 TECL,F_exit2,D_recent_2025plus,1.0200809305916756,,-0.24625611418707127,,,calm_controls,0.6379108248206955,2025-10-29,2026-03-30,,-0.24625611418707127,104.0,0.5277804308821377,P2
P2 TECL,F_exit1,FULL,0.7245614511707422,1.341394382022858,-0.3386532460308411,3.2729218920082634,2.772339470139201,,,,,,,,,P2
P2 TECL,F_exit1,E_bear_2018q4,-1.7569794405256178,,-0.22753532689206102,,,modern_folds,-0.18507195487181027,2018-10-03,2018-10-12,2018-10-11,-0.2273497427081288,8.0,0.904365606932433,P2
P2 TECL,F_exit1,X_2020_covid,0.7887426112925,,-0.2724426486397924,,,modern_folds,0.18030875944958136,2020-02-19,2020-04-21,2020-02-28,-0.19108636541932333,44.0,0.4979463362350657,P2
P2 TECL,F_exit1,B_bear_2022,-1.310264931237553,,-0.0658489242458673,,,modern_folds,-0.04296606622474963,2022-01-03,2022-01-10,2022-01-10,-0.0658489242458673,6.0,0.40310487782302606,P2
P2 TECL,F_exit1,E2011_eu_us,-0.879553453954018,,-0.26209957178502385,,,market_factor_A0_calendar,-0.19931683067131323,2011-05-10,2011-10-03,2011-08-05,-0.1821295423563537,102.0,0.7701667065239713,P2
P2 TECL,F_exit1,E2015_16_china,-1.3446073106615712,,-0.06398426881011898,,,market_factor_A0_calendar,-0.05774463450784417,2015-06-01,2015-10-27,2015-06-10,-0.05570117205564129,105.0,0.7337946369097443,P2
P2 TECL,F_exit1,K2013_14_bull,1.0624615209275932,,-0.13867597599659232,,,calm_controls,0.5876527916141878,2013-05-17,2013-06-24,,-0.13867597599659232,26.0,0.7345456090471453,P2
P2 TECL,F_exit1,A_bull_2021,0.979241460444955,,-0.14313465524999347,,,calm_controls,0.2849568014586388,2021-08-30,2021-11-01,2021-09-30,-0.14240686438553263,45.0,0.878210926862432,P2
P2 TECL,F_exit1,D_recent_2025plus,0.7313228265040639,,-0.24625611418707238,,,calm_controls,0.4181811545313401,2025-10-29,2026-03-30,,-0.24625611418707238,104.0,0.5277804308821377,P2
P2 TECL,G_own,FULL,0.811230914161441,1.6653666636405793,-0.3466048806139127,4.3752705391824565,,,,,,,,,,P2
P2 TECL,G_own,E_bear_2018q4,-1.90605250856132,,-0.2511590122451859,,,modern_folds,-0.21073822842969026,2018-10-03,2018-10-25,2018-10-11,-0.22001145320443105,17.0,0.904365606932433,P2
P2 TECL,G_own,X_2020_covid,1.1138466449281943,,-0.228692284400017,,,modern_folds,0.2717843990514772,2020-02-19,2020-04-21,2020-02-25,-0.12487238757609298,44.0,0.4979463362350657,P2
P2 TECL,G_own,B_bear_2022,-1.1751179334139747,,-0.07335552984877114,,,modern_folds,-0.05127764141613533,2022-01-03,2022-01-14,2022-01-14,-0.07335552984877114,10.0,0.37994295110612186,P2
P2 TECL,G_own,E2011_eu_us,-0.6989219663324621,,-0.22961921472625013,,,market_factor_A0_calendar,-0.1622869264946698,2011-05-10,2011-08-19,2011-08-05,-0.18222111144837416,72.0,0.7701667065239713,P2
P2 TECL,G_own,E2015_16_china,-0.9200949997625318,,-0.09462030666908272,,,market_factor_A0_calendar,-0.06522436687788424,2015-06-01,2015-11-13,2015-06-18,-0.05410457332491725,118.0,0.7195137774279077,P2
P2 TECL,G_own,K2013_14_bull,1.1641314352411596,,-0.13597966831968333,,,calm_controls,0.6575080684976946,2014-01-15,2014-02-03,2014-01-16,-0.0004616232312449897,13.0,1.0,P2
P2 TECL,G_own,A_bull_2021,1.1118039411402894,,-0.16603924105455392,,,calm_controls,0.3430743136438299,2021-08-30,2021-11-01,2021-09-29,-0.14129555420041895,45.0,0.878210926862432,P2
P2 TECL,G_own,D_recent_2025plus,0.9663562873011176,,-0.24230168165445887,,,calm_controls,0.5946437601284233,2025-10-29,2026-03-30,2026-02-05,-0.1773361318607105,104.0,0.5277804308821377,P2
P2 TECL,G_spy,FULL,0.7853208834613311,1.5325480901067436,-0.34660488061391315,4.2167929105729725,,,,,,,,,,P2
P2 TECL,G_spy,E_bear_2018q4,-1.90605250856132,,-0.2511590122451859,,,modern_folds,-0.21073822842969026,2018-10-03,2018-10-25,2018-10-11,-0.22001145320443105,17.0,0.904365606932433,P2
P2 TECL,G_spy,X_2020_covid,1.2186508960591562,,-0.213681612389663,,,modern_folds,0.29689105208381217,2020-02-19,2020-04-21,2020-02-25,-0.12487238757609298,44.0,0.4979463362350657,P2
P2 TECL,G_spy,B_bear_2022,-1.1751179334139747,,-0.07335552984877114,,,modern_folds,-0.05127764141613533,2022-01-03,2022-01-14,2022-01-14,-0.07335552984877114,10.0,0.37994295110612186,P2
P2 TECL,G_spy,E2011_eu_us,-0.6626430749995781,,-0.22368772906970324,,,market_factor_A0_calendar,-0.15583702123381504,2011-05-10,2011-08-19,2011-06-02,-0.10001911359623306,72.0,0.7701667065239713,P2
P2 TECL,G_spy,E2015_16_china,-0.9200949997625318,,-0.09462030666908272,,,market_factor_A0_calendar,-0.06522436687788424,2015-06-01,2015-11-13,2015-06-18,-0.05410457332491725,118.0,0.7195137774279077,P2
P2 TECL,G_spy,K2013_14_bull,1.1229227718991563,,-0.1387176553925572,,,calm_controls,0.6174019321999014,2013-05-17,2013-06-24,,-0.1387176553925572,26.0,0.7345456090471453,P2
P2 TECL,G_spy,A_bull_2021,1.0852514859336788,,-0.16661348674552723,,,calm_controls,0.3275767402107659,2021-08-30,2021-11-01,2021-10-05,-0.16590563796318625,45.0,0.878210926862432,P2
P2 TECL,G_spy,D_recent_2025plus,0.8635251453824323,,-0.27748475540221396,,,calm_controls,0.5190003828745662,2025-10-29,2026-03-30,2026-01-21,-0.15686458724334584,104.0,0.5277804308821377,P2
P2 TECL,buy_hold,FULL,0.8776473890016596,1.7344917823553616,-0.7795820895522384,0.0,,,,,,,,,,P2
P2 TECL,buy_hold,E_bear_2018q4,-0.407003453094156,,-0.5964125560538114,,,modern_folds,-0.27449707981829896,2018-10-03,2018-12-24,,-0.5964125560538114,57.0,1.0,P2
P2 TECL,buy_hold,X_2020_covid,0.9954295874538015,,-0.7510631337912987,,,modern_folds,0.525630593978843,2020-02-19,2020-03-23,,-0.7510631337912987,24.0,1.0,P2
P2 TECL,buy_hold,B_bear_2022,-0.9128743626931253,,-0.7750700621420735,,,modern_folds,-0.7431077694235586,2022-01-03,2022-10-12,,-0.7750700621420735,196.0,1.0,P2
P2 TECL,buy_hold,E2011_eu_us,-0.203726909057841,,-0.47733620689655165,,,market_factor_A0_calendar,-0.28567241379310393,2011-05-10,2011-08-19,,-0.47733620689655165,72.0,1.0,P2
P2 TECL,buy_hold,E2015_16_china,0.2998461617246612,,-0.36438356164383556,,,market_factor_A0_calendar,0.0028011204481774854,2015-07-20,2015-08-25,,-0.36438356164383556,27.0,1.0,P2
P2 TECL,buy_hold,K2013_14_bull,1.6249995683479115,,-0.22999999999999965,,,calm_controls,1.846846846846847,2014-09-18,2014-10-16,,-0.22999999999999965,21.0,1.0,P2
P2 TECL,buy_hold,A_bull_2021,1.6006925527742544,,-0.2645407590388502,,,calm_controls,1.1280000000000046,2021-02-12,2021-03-08,,-0.2645407590388502,16.0,1.0,P2
P2 TECL,buy_hold,D_recent_2025plus,0.9854723128393231,,-0.6270391299712124,,,calm_controls,1.3778959810874696,2025-01-23,2025-04-08,,-0.6270391299712124,53.0,1.0,P2
P2 TNA,incumbent,FULL,0.41366359155250376,0.5111212350714855,-0.41913887727629817,2.315941092591896,1.6301583760874412,,,,,,,,,P2
P2 TNA,incumbent,E_bear_2018q4,-2.2331540938716836,,-0.1766269401817232,,,modern_folds,-0.14704877879027334,2018-09-04,2018-10-10,2018-10-10,-0.1766269401817232,27.0,0.9976627127256008,P2
P2 TNA,incumbent,X_2020_covid,0.7840753590566114,,-0.2850491746891416,,,modern_folds,0.1575540325000626,2020-02-20,2020-09-23,2020-02-28,-0.19881896693691614,151.0,0.6872651634719729,P2
P2 TNA,incumbent,B_bear_2022,,,0.0,,,modern_folds,0.012881409782865116,2022-01-03,2022-01-03,,0.0,1.0,0.0,P2
P2 TNA,incumbent,E2011_eu_us,-1.1356109997681232,,-0.32063821107532653,,,market_factor_A0_calendar,-0.24524114775019445,2011-05-10,2011-10-03,2011-08-05,-0.234752304529117,102.0,0.6534997093321329,P2
P2 TNA,incumbent,E2015_16_china,,,0.0,,,market_factor_A0_calendar,0.0,2015-06-01,2015-06-01,,0.0,1.0,0.0,P2
P2 TNA,incumbent,K2013_14_bull,0.8798272301760788,,-0.18084894600139867,,,calm_controls,0.5027509411888924,2014-01-22,2014-05-15,,-0.18084894600139867,80.0,0.855062235405155,P2
P2 TNA,incumbent,A_bull_2021,0.5372976958594865,,-0.19040892247336838,,,calm_controls,0.12338861204169627,2021-11-08,2021-12-01,,-0.19040892247336838,17.0,0.5502676715000104,P2
P2 TNA,incumbent,D_recent_2025plus,0.7077196441821177,,-0.16804688418091873,,,calm_controls,0.358385497142816,2026-01-22,2026-03-31,2026-03-31,-0.16804688418091873,48.0,0.6269875709322084,P2
P2 TNA,E_2s,FULL,0.41366359155250376,0.5111212350714855,-0.41913887727629817,2.315941092591896,1.6301583760874412,,,,,,,,,P2
P2 TNA,E_2s,E_bear_2018q4,-2.2331540938716836,,-0.1766269401817232,,,modern_folds,-0.14704877879027334,2018-09-04,2018-10-10,2018-10-10,-0.1766269401817232,27.0,0.9976627127256008,P2
P2 TNA,E_2s,X_2020_covid,0.7840753590566114,,-0.2850491746891416,,,modern_folds,0.1575540325000626,2020-02-20,2020-09-23,2020-02-28,-0.19881896693691614,151.0,0.6872651634719729,P2
P2 TNA,E_2s,B_bear_2022,,,0.0,,,modern_folds,0.012881409782865116,2022-01-03,2022-01-03,,0.0,1.0,0.0,P2
P2 TNA,E_2s,E2011_eu_us,-1.1356109997681232,,-0.32063821107532653,,,market_factor_A0_calendar,-0.24524114775019445,2011-05-10,2011-10-03,2011-08-05,-0.234752304529117,102.0,0.6534997093321329,P2
P2 TNA,E_2s,E2015_16_china,,,0.0,,,market_factor_A0_calendar,0.0,2015-06-01,2015-06-01,,0.0,1.0,0.0,P2
P2 TNA,E_2s,K2013_14_bull,0.8798272301760788,,-0.18084894600139867,,,calm_controls,0.5027509411888924,2014-01-22,2014-05-15,,-0.18084894600139867,80.0,0.855062235405155,P2
P2 TNA,E_2s,A_bull_2021,0.5372976958594865,,-0.19040892247336838,,,calm_controls,0.12338861204169627,2021-11-08,2021-12-01,,-0.19040892247336838,17.0,0.5502676715000104,P2
P2 TNA,E_2s,D_recent_2025plus,0.7077196441821177,,-0.16804688418091873,,,calm_controls,0.358385497142816,2026-01-22,2026-03-31,2026-03-31,-0.16804688418091873,48.0,0.6269875709322084,P2
P2 TNA,E_3s,FULL,0.41366359155250376,0.5111212350714855,-0.41913887727629817,2.315941092591896,1.6301583760874412,,,,,,,,,P2
P2 TNA,E_3s,E_bear_2018q4,-2.2331540938716836,,-0.1766269401817232,,,modern_folds,-0.14704877879027334,2018-09-04,2018-10-10,2018-10-10,-0.1766269401817232,27.0,0.9976627127256008,P2
P2 TNA,E_3s,X_2020_covid,0.7840753590566114,,-0.2850491746891416,,,modern_folds,0.1575540325000626,2020-02-20,2020-09-23,2020-02-28,-0.19881896693691614,151.0,0.6872651634719729,P2
P2 TNA,E_3s,B_bear_2022,,,0.0,,,modern_folds,0.012881409782865116,2022-01-03,2022-01-03,,0.0,1.0,0.0,P2
P2 TNA,E_3s,E2011_eu_us,-1.1356109997681232,,-0.32063821107532653,,,market_factor_A0_calendar,-0.24524114775019445,2011-05-10,2011-10-03,2011-08-05,-0.234752304529117,102.0,0.6534997093321329,P2
P2 TNA,E_3s,E2015_16_china,,,0.0,,,market_factor_A0_calendar,0.0,2015-06-01,2015-06-01,,0.0,1.0,0.0,P2
P2 TNA,E_3s,K2013_14_bull,0.8798272301760788,,-0.18084894600139867,,,calm_controls,0.5027509411888924,2014-01-22,2014-05-15,,-0.18084894600139867,80.0,0.855062235405155,P2
P2 TNA,E_3s,A_bull_2021,0.5372976958594865,,-0.19040892247336838,,,calm_controls,0.12338861204169627,2021-11-08,2021-12-01,,-0.19040892247336838,17.0,0.5502676715000104,P2
P2 TNA,E_3s,D_recent_2025plus,0.7077196441821177,,-0.16804688418091873,,,calm_controls,0.358385497142816,2026-01-22,2026-03-31,2026-03-31,-0.16804688418091873,48.0,0.6269875709322084,P2
P2 TNA,F_exit2,FULL,0.3692264360265603,0.4171063093520317,-0.3909372383599157,2.423517826399232,2.0798572384563907,,,,,,,,,P2
P2 TNA,F_exit2,E_bear_2018q4,-1.7423395144212583,,-0.14279598379269853,,,modern_folds,-0.11173608168528149,2018-09-04,2018-10-05,2018-10-05,-0.14279598379269853,24.0,0.9976627127256008,P2
P2 TNA,F_exit2,X_2020_covid,0.7353537891709184,,-0.24835579334792202,,,modern_folds,0.1357645238359806,2020-02-20,2020-10-30,2020-02-26,-0.14573887786551631,178.0,0.6872651634719729,P2
P2 TNA,F_exit2,B_bear_2022,,,0.0,,,modern_folds,0.012881409782865116,2022-01-03,2022-01-03,,0.0,1.0,0.0,P2
P2 TNA,F_exit2,E2011_eu_us,-1.596191398763859,,-0.32775011337960724,,,market_factor_A0_calendar,-0.30693022075018017,2011-05-10,2011-11-25,2011-08-05,-0.234752304529117,140.0,0.6534997093321329,P2
P2 TNA,F_exit2,E2015_16_china,,,0.0,,,market_factor_A0_calendar,0.0,2015-06-01,2015-06-01,,0.0,1.0,0.0,P2
P2 TNA,F_exit2,K2013_14_bull,0.8798272301760788,,-0.18084894600139867,,,calm_controls,0.5027509411888924,2014-01-22,2014-05-15,,-0.18084894600139867,80.0,0.855062235405155,P2
P2 TNA,F_exit2,A_bull_2021,0.33857196439991727,,-0.1906971209660262,,,calm_controls,0.058079443248078455,2021-11-08,2021-12-02,2021-12-02,-0.1906971209660262,18.0,0.5502676715000104,P2
P2 TNA,F_exit2,D_recent_2025plus,0.6412604161627513,,-0.15493613648438787,,,calm_controls,0.3149834773676141,2026-01-22,2026-03-23,2026-03-23,-0.15493613648438787,42.0,0.6269875709322084,P2
P2 TNA,F_exit1,FULL,0.3744616322995193,0.4339096397926513,-0.43508905541674825,2.655253354315896,2.6419808164175773,,,,,,,,,P2
P2 TNA,F_exit1,E_bear_2018q4,-1.7293522957692715,,-0.12827083229855696,,,modern_folds,-0.09650395422212465,2018-09-04,2018-10-03,2018-10-03,-0.12827083229855696,22.0,0.9976627127256008,P2
P2 TNA,F_exit1,X_2020_covid,0.8882642262706405,,-0.22810321066293504,,,modern_folds,0.1607210112855093,2020-02-20,2020-10-30,2020-02-26,-0.14573887786551631,178.0,0.6872651634719729,P2
P2 TNA,F_exit1,B_bear_2022,,,0.0,,,modern_folds,0.012881409782865116,2022-01-03,2022-01-03,,0.0,1.0,0.0,P2
P2 TNA,F_exit1,E2011_eu_us,-2.3481068934541622,,-0.3725334031350962,,,market_factor_A0_calendar,-0.3863330540542219,2011-05-10,2011-12-13,2011-08-05,-0.234752304529117,152.0,0.6534997093321329,P2
P2 TNA,F_exit1,E2015_16_china,,,0.0,,,market_factor_A0_calendar,0.0,2015-06-01,2015-06-01,,0.0,1.0,0.0,P2
P2 TNA,F_exit1,K2013_14_bull,0.9820472746862619,,-0.18084894600139867,,,calm_controls,0.5827782059192552,2014-01-22,2014-05-15,,-0.18084894600139867,80.0,0.855062235405155,P2
P2 TNA,F_exit1,A_bull_2021,0.5480469164059706,,-0.15281422457403526,,,calm_controls,0.12437998143949369,2021-06-08,2021-08-19,,-0.15281422457403526,52.0,0.49841325353755317,P2
P2 TNA,F_exit1,D_recent_2025plus,0.717042030278778,,-0.1500274566211357,,,calm_controls,0.3504080114159416,2026-01-22,2026-03-19,2026-03-16,-0.13641189736715453,40.0,0.6269875709322084,P2
P2 TNA,G_own,FULL,0.4575924849473806,0.6049457124926398,-0.38095377157295984,3.530735374734695,,,,,,,,,,P2
P2 TNA,G_own,E_bear_2018q4,-2.08298492107659,,-0.1647352224422649,,,modern_folds,-0.13475511093368664,2018-09-04,2018-10-10,2018-10-05,-0.153092951207506,27.0,0.9976627127256008,P2
P2 TNA,G_own,X_2020_covid,1.098956645346839,,-0.23435802975046804,,,modern_folds,0.21978638394539995,2020-02-20,2020-09-23,2020-02-25,-0.11412788532707807,151.0,0.6872651634719729,P2
P2 TNA,G_own,B_bear_2022,,,0.0,,,modern_folds,0.012881409782865116,2022-01-03,2022-01-03,,0.0,1.0,0.0,P2
P2 TNA,G_own,E2011_eu_us,-1.1779256699971037,,-0.31194005196103025,,,market_factor_A0_calendar,-0.23920243962242138,2011-05-10,2011-10-03,2011-06-02,-0.10218621996791333,102.0,0.6534997093321329,P2
P2 TNA,G_own,E2015_16_china,,,0.0,,,market_factor_A0_calendar,0.0,2015-06-01,2015-06-01,,0.0,1.0,0.0,P2
P2 TNA,G_own,K2013_14_bull,0.9110155035668198,,-0.15757883615197,,,calm_controls,0.5123596110558346,2014-07-03,2014-08-04,2014-08-04,-0.15757883615197,22.0,0.6828406155137008,P2
P2 TNA,G_own,A_bull_2021,0.698944943456982,,-0.1641853383766958,,,calm_controls,0.1763298496544805,2021-11-08,2021-12-01,2021-11-29,-0.13857905722569142,17.0,0.5502676715000104,P2
P2 TNA,G_own,D_recent_2025plus,0.7185167055903301,,-0.16264459391676245,,,calm_controls,0.36077204624623826,2026-01-22,2026-03-31,2026-02-09,-0.09610222243850519,48.0,0.6269875709322084,P2
P2 TNA,G_spy,FULL,0.46563843079152184,0.6821798636849129,-0.31692500645695176,3.19278363133481,,,,,,,,,,P2
P2 TNA,G_spy,E_bear_2018q4,-2.2336466232150145,,-0.1766311787034629,,,modern_folds,-0.14707804808141822,2018-09-04,2018-10-10,2018-10-10,-0.1766311787034629,27.0,0.9976627127256008,P2
P2 TNA,G_spy,X_2020_covid,1.2239574905629231,,-0.21771406958720374,,,modern_folds,0.2508828517189161,2020-02-20,2020-09-23,2020-02-25,-0.11412788532707818,151.0,0.6872651634719729,P2
P2 TNA,G_spy,B_bear_2022,,,0.0,,,modern_folds,0.012881409782865116,2022-01-03,2022-01-03,,0.0,1.0,0.0,P2
P2 TNA,G_spy,E2011_eu_us,-1.0862406617425349,,-0.30154118356698045,,,market_factor_A0_calendar,-0.22427400629293215,2011-05-10,2011-10-03,2011-06-02,-0.10218621996791333,102.0,0.6534997093321329,P2
P2 TNA,G_spy,E2015_16_china,,,0.0,,,market_factor_A0_calendar,0.0,2015-06-01,2015-06-01,,0.0,1.0,0.0,P2
P2 TNA,G_spy,K2013_14_bull,0.8560623069150285,,-0.16353136425010206,,,calm_controls,0.47441529312523234,2014-01-22,2014-05-15,2014-01-27,-0.09386485975333436,80.0,0.855062235405155,P2
P2 TNA,G_spy,A_bull_2021,0.6277307544440687,,-0.16418533837669602,,,calm_controls,0.15232298087749507,2021-11-08,2021-12-01,2021-11-29,-0.13857905722569175,17.0,0.5502676715000104,P2
P2 TNA,G_spy,D_recent_2025plus,0.5775526972390976,,-0.18465166794673937,,,calm_controls,0.2836323174923632,2025-10-06,2026-03-31,2025-10-13,-0.07461888368298553,122.0,0.5786560641354058,P2
P2 TNA,buy_hold,FULL,0.49468535443424017,0.2705283557505206,-0.8808746736292428,0.0,,,,,,,,,,P2
P2 TNA,buy_hold,E_bear_2018q4,-0.9468419252297239,,-0.6283858181017392,,,modern_folds,-0.3135335073977359,2018-09-04,2018-12-24,,-0.6283858181017392,78.0,1.0,P2
P2 TNA,buy_hold,X_2020_covid,0.6726803792203456,,-0.8480432972522898,,,modern_folds,0.02033626901521224,2020-02-20,2020-03-23,,-0.8480432972522898,23.0,1.0,P2
P2 TNA,buy_hold,B_bear_2022,-0.7653522393924548,,-0.6751184834123222,,,modern_folds,-0.6248159057437407,2022-01-03,2022-09-26,,-0.6751184834123222,184.0,1.0,P2
P2 TNA,buy_hold,E2011_eu_us,-0.4404083974345905,,-0.6956726246472249,,,market_factor_A0_calendar,-0.5268425841674249,2011-05-10,2011-10-03,,-0.6956726246472249,102.0,1.0,P2
P2 TNA,buy_hold,E2015_16_china,-0.5541254491275289,,-0.6264649477945878,,,market_factor_A0_calendar,-0.3395593869731801,2015-06-23,2016-02-11,,-0.6264649477945878,162.0,1.0,P2
P2 TNA,buy_hold,K2013_14_bull,1.2717398088405922,,-0.35796019900497467,,,calm_controls,1.5936657681940756,2014-03-04,2014-10-13,,-0.35796019900497467,156.0,1.0,P2
P2 TNA,buy_hold,A_bull_2021,0.7020249924302705,,-0.34146114471847344,,,calm_controls,0.2787193973634652,2021-11-08,2021-12-20,,-0.34146114471847344,30.0,1.0,P2
P2 TNA,buy_hold,D_recent_2025plus,0.7339154831692152,,-0.5880947208342384,,,calm_controls,0.6729468599033803,2025-01-21,2025-04-08,,-0.5880947208342384,55.0,1.0,P2
P2 EDC,incumbent,FULL,0.23844279520958758,0.13574251382199207,-0.5228348350389247,2.682102077626871,1.9012345679012346,,,,,,,,,P2
P2 EDC,incumbent,E_bear_2018q4,,,0.0,,,modern_folds,0.012274106120414352,2018-09-04,2018-09-04,,0.0,1.0,0.0,P2
P2 EDC,incumbent,X_2020_covid,1.5444925207571887,,-0.1731881723312716,,,modern_folds,0.35913958056960116,2020-02-12,2020-06-11,2020-03-02,-0.13345291440824336,84.0,0.49764782900355903,P2
P2 EDC,incumbent,B_bear_2022,,,0.0,,,modern_folds,0.012881409782865116,2022-01-03,2022-01-03,,0.0,1.0,0.0,P2
P2 EDC,incumbent,E2011_eu_us,-2.0260666390063786,,-0.337142106608306,,,market_factor_A0_calendar,-0.32684517018651305,2011-05-02,2011-09-22,2011-08-09,-0.2756196440424198,101.0,0.5109390665519562,P2
P2 EDC,incumbent,E2015_16_china,0.2862924255387102,,-0.047305074981789264,,,market_factor_A0_calendar,0.012615313351384216,2015-06-01,2016-03-15,,-0.047305074981789264,200.0,0.0,P2
P2 EDC,incumbent,K2013_14_bull,-1.0104220922416225,,-0.26755105872915463,,,calm_controls,-0.22474960515214693,2013-01-02,2013-06-12,2013-03-18,-0.1414282326295332,112.0,0.8637093151852135,P2
P2 EDC,incumbent,A_bull_2021,-0.47461517424340915,,-0.3040629623221782,,,calm_controls,-0.1639540134092583,2021-02-17,2021-11-29,2021-11-29,-0.3040629623221782,199.0,0.4566302884392336,P2
P2 EDC,incumbent,D_recent_2025plus,1.2039728408297206,,-0.22607587804660656,,,calm_controls,0.8735590984462716,2025-02-20,2025-04-08,2025-04-08,-0.22607587804660656,34.0,0.6793319057717853,P2
P2 EDC,E_2s,FULL,0.23844279520958758,0.13574251382199207,-0.5228348350389247,2.682102077626871,1.9012345679012346,,,,,,,,,P2
P2 EDC,E_2s,E_bear_2018q4,,,0.0,,,modern_folds,0.012274106120414352,2018-09-04,2018-09-04,,0.0,1.0,0.0,P2
P2 EDC,E_2s,X_2020_covid,1.5444925207571887,,-0.1731881723312716,,,modern_folds,0.35913958056960116,2020-02-12,2020-06-11,2020-03-02,-0.13345291440824336,84.0,0.49764782900355903,P2
P2 EDC,E_2s,B_bear_2022,,,0.0,,,modern_folds,0.012881409782865116,2022-01-03,2022-01-03,,0.0,1.0,0.0,P2
P2 EDC,E_2s,E2011_eu_us,-2.0260666390063786,,-0.337142106608306,,,market_factor_A0_calendar,-0.32684517018651305,2011-05-02,2011-09-22,2011-08-09,-0.2756196440424198,101.0,0.5109390665519562,P2
P2 EDC,E_2s,E2015_16_china,0.2862924255387102,,-0.047305074981789264,,,market_factor_A0_calendar,0.012615313351384216,2015-06-01,2016-03-15,,-0.047305074981789264,200.0,0.0,P2
P2 EDC,E_2s,K2013_14_bull,-1.0104220922416225,,-0.26755105872915463,,,calm_controls,-0.22474960515214693,2013-01-02,2013-06-12,2013-03-18,-0.1414282326295332,112.0,0.8637093151852135,P2
P2 EDC,E_2s,A_bull_2021,-0.47461517424340915,,-0.3040629623221782,,,calm_controls,-0.1639540134092583,2021-02-17,2021-11-29,2021-11-29,-0.3040629623221782,199.0,0.4566302884392336,P2
P2 EDC,E_2s,D_recent_2025plus,1.2039728408297206,,-0.22607587804660656,,,calm_controls,0.8735590984462716,2025-02-20,2025-04-08,2025-04-08,-0.22607587804660656,34.0,0.6793319057717853,P2
P2 EDC,E_3s,FULL,0.23844279520958758,0.13574251382199207,-0.5228348350389247,2.682102077626871,1.9012345679012346,,,,,,,,,P2
P2 EDC,E_3s,E_bear_2018q4,,,0.0,,,modern_folds,0.012274106120414352,2018-09-04,2018-09-04,,0.0,1.0,0.0,P2
P2 EDC,E_3s,X_2020_covid,1.5444925207571887,,-0.1731881723312716,,,modern_folds,0.35913958056960116,2020-02-12,2020-06-11,2020-03-02,-0.13345291440824336,84.0,0.49764782900355903,P2
P2 EDC,E_3s,B_bear_2022,,,0.0,,,modern_folds,0.012881409782865116,2022-01-03,2022-01-03,,0.0,1.0,0.0,P2
P2 EDC,E_3s,E2011_eu_us,-2.0260666390063786,,-0.337142106608306,,,market_factor_A0_calendar,-0.32684517018651305,2011-05-02,2011-09-22,2011-08-09,-0.2756196440424198,101.0,0.5109390665519562,P2
P2 EDC,E_3s,E2015_16_china,0.2862924255387102,,-0.047305074981789264,,,market_factor_A0_calendar,0.012615313351384216,2015-06-01,2016-03-15,,-0.047305074981789264,200.0,0.0,P2
P2 EDC,E_3s,K2013_14_bull,-1.0104220922416225,,-0.26755105872915463,,,calm_controls,-0.22474960515214693,2013-01-02,2013-06-12,2013-03-18,-0.1414282326295332,112.0,0.8637093151852135,P2
P2 EDC,E_3s,A_bull_2021,-0.47461517424340915,,-0.3040629623221782,,,calm_controls,-0.1639540134092583,2021-02-17,2021-11-29,2021-11-29,-0.3040629623221782,199.0,0.4566302884392336,P2
P2 EDC,E_3s,D_recent_2025plus,1.2039728408297206,,-0.22607587804660656,,,calm_controls,0.8735590984462716,2025-02-20,2025-04-08,2025-04-08,-0.22607587804660656,34.0,0.6793319057717853,P2
P2 EDC,F_exit2,FULL,0.2577137571856494,0.1590273419174418,-0.5274938853385129,2.7277898938151903,2.1316872427983538,,,,,,,,,P2
P2 EDC,F_exit2,E_bear_2018q4,,,0.0,,,modern_folds,0.012274106120414352,2018-09-04,2018-09-04,,0.0,1.0,0.0,P2
P2 EDC,F_exit2,X_2020_covid,1.684572074049139,,-0.15133034657705624,,,modern_folds,0.39507016977212017,2020-02-12,2020-06-11,2020-02-26,-0.11081141965555008,84.0,0.49764782900355903,P2
P2 EDC,F_exit2,B_bear_2022,,,0.0,,,modern_folds,0.012881409782865116,2022-01-03,2022-01-03,,0.0,1.0,0.0,P2
P2 EDC,F_exit2,E2011_eu_us,-2.0902692714214473,,-0.337142106608306,,,market_factor_A0_calendar,-0.33213950813813053,2011-05-02,2011-09-22,2011-08-09,-0.2756196440424198,101.0,0.5109390665519562,P2
P2 EDC,F_exit2,E2015_16_china,0.2862924255387102,,-0.047305074981789264,,,market_factor_A0_calendar,0.012615313351384216,2015-06-01,2016-03-15,,-0.047305074981789264,200.0,0.0,P2
P2 EDC,F_exit2,K2013_14_bull,-1.0849939016971137,,-0.2498732199541137,,,calm_controls,-0.20603874256747512,2013-01-02,2013-06-12,2013-02-22,-0.12022041386746274,112.0,0.8637093151852135,P2
P2 EDC,F_exit2,A_bull_2021,-0.23280717353165467,,-0.2670240139384258,,,calm_controls,-0.09976711554653717,2021-02-17,2021-10-04,,-0.2670240139384258,160.0,0.4566302884392336,P2
P2 EDC,F_exit2,D_recent_2025plus,1.0338954006044914,,-0.22687732614598277,,,calm_controls,0.6980718351372632,2025-02-20,2025-04-25,2025-04-08,-0.22607587804660656,46.0,0.6793319057717853,P2
P2 EDC,F_exit1,FULL,0.18853733462475847,0.09901331543135039,-0.5322128478307668,3.03224169664826,2.707818930041152,,,,,,,,,P2
P2 EDC,F_exit1,E_bear_2018q4,,,0.0,,,modern_folds,0.012274106120414352,2018-09-04,2018-09-04,,0.0,1.0,0.0,P2
P2 EDC,F_exit1,X_2020_covid,1.3899000483512463,,-0.13726212370611057,,,modern_folds,0.30020280198246474,2020-02-12,2020-06-11,,-0.13726212370611057,84.0,0.0,P2
P2 EDC,F_exit1,B_bear_2022,,,0.0,,,modern_folds,0.012881409782865116,2022-01-03,2022-01-03,,0.0,1.0,0.0,P2
P2 EDC,F_exit1,E2011_eu_us,-2.177449544342162,,-0.3372420744083674,,,market_factor_A0_calendar,-0.3417745455283414,2011-05-02,2011-09-23,2011-08-09,-0.2756196440424198,102.0,0.5109390665519562,P2
P2 EDC,F_exit1,E2015_16_china,0.2862924255387102,,-0.047305074981789264,,,market_factor_A0_calendar,0.012615313351384216,2015-06-01,2016-03-15,,-0.047305074981789264,200.0,0.0,P2
P2 EDC,F_exit1,K2013_14_bull,-1.0145055488672015,,-0.21382772165735342,,,calm_controls,-0.17502096123696131,2013-01-02,2013-06-13,2013-02-12,-0.09144867011836,113.0,0.8275799312618571,P2
P2 EDC,F_exit1,A_bull_2021,-0.44550958360600923,,-0.2939376134320576,,,calm_controls,-0.14921315006282676,2021-02-17,2021-11-02,2021-10-07,-0.2670240139384258,181.0,0.4566302884392336,P2
P2 EDC,F_exit1,D_recent_2025plus,1.023889943111009,,-0.21552448802413038,,,calm_controls,0.6903125209428445,2025-02-20,2025-04-08,2025-04-08,-0.21552448802413038,34.0,0.6793319057717853,P2
P2 EDC,G_own,FULL,0.23444273911337063,0.13612665795446666,-0.48763151246126346,3.6780868006733978,,,,,,,,,,P2
P2 EDC,G_own,E_bear_2018q4,,,0.0,,,modern_folds,0.012274106120414352,2018-09-04,2018-09-04,,0.0,1.0,0.0,P2
P2 EDC,G_own,X_2020_covid,1.50865756439614,,-0.17326470146946427,,,modern_folds,0.34833731765301934,2020-02-12,2020-06-11,2020-03-02,-0.13352697585170292,84.0,0.49764782900355903,P2
P2 EDC,G_own,B_bear_2022,,,0.0,,,modern_folds,0.012881409782865116,2022-01-03,2022-01-03,,0.0,1.0,0.0,P2
P2 EDC,G_own,E2011_eu_us,-2.104921419555227,,-0.32299829384774403,,,market_factor_A0_calendar,-0.3155259740371603,2011-05-02,2011-09-22,2011-08-05,-0.2130271858239694,101.0,0.5109390665519562,P2
P2 EDC,G_own,E2015_16_china,0.2847280415840026,,-0.04731898268500867,,,market_factor_A0_calendar,0.012536221240589951,2015-06-01,2016-03-15,,-0.04731898268500867,200.0,0.0,P2
P2 EDC,G_own,K2013_14_bull,-1.0015058225419704,,-0.26576798421354575,,,calm_controls,-0.2228854335236402,2013-01-02,2013-06-12,2013-01-04,-0.013251566267424297,112.0,0.8637093151852135,P2
P2 EDC,G_own,A_bull_2021,-0.4772370296467237,,-0.3042949660122639,,,calm_controls,-0.16432900580379883,2021-02-17,2021-11-29,2021-11-29,-0.3042949660122639,199.0,0.4566302884392336,P2
P2 EDC,G_own,D_recent_2025plus,1.0688292167204236,,-0.2129446956080746,,,calm_controls,0.7224140268057935,2025-02-20,2025-04-08,2025-03-06,-0.09853143432472078,34.0,0.6793319057717853,P2
P2 EDC,G_spy,FULL,0.24967970600929743,0.15077525175349568,-0.4775872420009325,3.664845273414623,,,,,,,,,,P2
P2 EDC,G_spy,E_bear_2018q4,,,0.0,,,modern_folds,0.012274106120414352,2018-09-04,2018-09-04,,0.0,1.0,0.0,P2
P2 EDC,G_spy,X_2020_covid,1.6643479953604898,,-0.15789881170401177,,,modern_folds,0.38392952396350477,2020-02-12,2020-06-11,2020-02-25,-0.10613882936419283,84.0,0.49764782900355903,P2
P2 EDC,G_spy,B_bear_2022,,,0.0,,,modern_folds,0.012881409782865116,2022-01-03,2022-01-03,,0.0,1.0,0.0,P2
P2 EDC,G_spy,E2011_eu_us,-2.095478908446471,,-0.3232574707359124,,,market_factor_A0_calendar,-0.31279676791273325,2011-05-02,2011-09-22,2011-06-02,-0.11204074866760161,101.0,0.5109390665519562,P2
P2 EDC,G_spy,E2015_16_china,0.2847280415840026,,-0.04731898268500867,,,market_factor_A0_calendar,0.012536221240589951,2015-06-01,2016-03-15,,-0.04731898268500867,200.0,0.0,P2
P2 EDC,G_spy,K2013_14_bull,-1.0112503004249263,,-0.26462732250281207,,,calm_controls,-0.21896032494279993,2013-01-10,2013-06-12,2013-03-18,-0.13746675407220466,106.0,0.7141397030006891,P2
P2 EDC,G_spy,A_bull_2021,-0.49110540706869893,,-0.30467713813631725,,,calm_controls,-0.16788215477667223,2021-02-17,2021-11-29,2021-11-29,-0.30467713813631725,199.0,0.4566302884392336,P2
P2 EDC,G_spy,D_recent_2025plus,1.1454710940315127,,-0.206557613206246,,,calm_controls,0.771705678093394,2026-02-25,2026-03-30,,-0.206557613206246,24.0,0.6381067210925164,P2
P2 EDC,buy_hold,FULL,0.32622254574002024,0.01574754211776493,-0.9253989466236929,0.0,,,,,,,,,,P2
P2 EDC,buy_hold,E_bear_2018q4,-0.0640530803088728,,-0.3364287609445479,,,modern_folds,-0.09914417379855278,2018-09-21,2018-10-29,,-0.3364287609445479,27.0,1.0,P2
P2 EDC,buy_hold,X_2020_covid,0.8218414915763659,,-0.7453335073750164,,,modern_folds,0.3065875741492321,2020-02-12,2020-03-23,,-0.7453335073750164,28.0,1.0,P2
P2 EDC,buy_hold,B_bear_2022,-0.9846437018978847,,-0.7444803446418957,,,modern_folds,-0.6023841859061418,2022-01-12,2022-10-24,,-0.7444803446418957,197.0,1.0,P2
P2 EDC,buy_hold,E2011_eu_us,-0.9209058282630997,,-0.7199744633309392,,,market_factor_A0_calendar,-0.6619163845366505,2011-05-02,2011-10-03,,-0.7199744633309392,108.0,1.0,P2
P2 EDC,buy_hold,E2015_16_china,-0.6886104360706382,,-0.6946556093066112,,,market_factor_A0_calendar,-0.47824581650317377,2015-06-02,2016-01-20,,-0.6946556093066112,161.0,1.0,P2
P2 EDC,buy_hold,K2013_14_bull,-0.19082090823724582,,-0.4937790436216457,,,calm_controls,-0.37026447462473167,2013-01-02,2014-12-16,,-0.4937790436216457,494.0,1.0,P2
P2 EDC,buy_hold,A_bull_2021,-0.16880120897565618,,-0.47720207253886016,,,calm_controls,-0.20824372759856602,2021-02-17,2021-12-20,,-0.47720207253886016,214.0,1.0,P2
P2 EDC,buy_hold,D_recent_2025plus,1.2227496146388086,,-0.4015981059485053,,,calm_controls,1.899819819819827,2025-03-17,2025-04-08,,-0.4015981059485053,17.0,1.0,P2
P2 TMF,incumbent,FULL,0.12044223259903723,0.06864044591478008,-0.5688658211613138,1.9825028420087452,1.6711639606677338,,,,,,,,,P2
P2 TMF,incumbent,E_bear_2018q4,,,0.0,,,modern_folds,0.012274106120414352,2018-09-04,2018-09-04,,0.0,1.0,0.0,P2
P2 TMF,incumbent,X_2020_covid,0.49073520364880857,,-0.24216805917614426,,,modern_folds,0.1055963949570673,2020-03-09,2020-12-04,2020-03-20,-0.1576097291225046,190.0,0.4035548162545647,P2
P2 TMF,incumbent,B_bear_2022,,,0.0,,,modern_folds,0.012881409782865116,2022-01-03,2022-01-03,,0.0,1.0,0.0,P2
P2 TMF,incumbent,E2011_eu_us,2.0427728656157442,,-0.11962689430352047,,,market_factor_A0_calendar,0.505864526005235,2011-10-03,2011-10-27,,-0.11962689430352047,19.0,0.3199387438951615,P2
P2 TMF,incumbent,E2015_16_china,0.04227686157046822,,-0.08243285300357195,,,market_factor_A0_calendar,-0.0004927738263292847,2015-08-24,2015-09-02,,-0.08243285300357195,8.0,0.6859656228573374,P2
P2 TMF,incumbent,K2013_14_bull,1.0154190259196,,-0.13415425258803748,,,calm_controls,0.32137281144671515,2014-08-29,2014-09-17,,-0.13415425258803748,13.0,1.0,P2
P2 TMF,incumbent,A_bull_2021,-1.8825731498890166,,-0.15781032708521392,,,calm_controls,-0.16068343808395913,2021-01-04,2021-02-08,2021-02-08,-0.15781032708521392,25.0,0.9237622325216953,P2
P2 TMF,incumbent,D_recent_2025plus,-0.5385809855492532,,-0.3076235466934585,,,calm_controls,-0.15810872865904313,2025-10-22,2026-08-17,,-0.3076235466934585,205.0,1.0,P2
P2 TMF,E_2s,FULL,0.1566771321495599,0.09842175150245344,-0.5134298708633354,2.040360375241944,1.786416647610336,,,,,,,,,P2
P2 TMF,E_2s,E_bear_2018q4,,,0.0,,,modern_folds,0.012274106120414352,2018-09-04,2018-09-04,,0.0,1.0,0.0,P2
P2 TMF,E_2s,X_2020_covid,0.49073520364880857,,-0.24216805917614426,,,modern_folds,0.1055963949570673,2020-03-09,2020-12-04,2020-03-20,-0.1576097291225046,190.0,0.4035548162545647,P2
P2 TMF,E_2s,B_bear_2022,,,0.0,,,modern_folds,0.012881409782865116,2022-01-03,2022-01-03,,0.0,1.0,0.0,P2
P2 TMF,E_2s,E2011_eu_us,2.0427728656157442,,-0.11962689430352047,,,market_factor_A0_calendar,0.505864526005235,2011-10-03,2011-10-27,,-0.11962689430352047,19.0,0.3199387438951615,P2
P2 TMF,E_2s,E2015_16_china,0.04227686157046822,,-0.08243285300357195,,,market_factor_A0_calendar,-0.0004927738263292847,2015-08-24,2015-09-02,,-0.08243285300357195,8.0,0.6859656228573374,P2
P2 TMF,E_2s,K2013_14_bull,1.0154190259196,,-0.13415425258803748,,,calm_controls,0.32137281144671515,2014-08-29,2014-09-17,,-0.13415425258803748,13.0,1.0,P2
P2 TMF,E_2s,A_bull_2021,-1.8825731498890166,,-0.15781032708521392,,,calm_controls,-0.16068343808395913,2021-01-04,2021-02-08,2021-02-08,-0.15781032708521392,25.0,0.9237622325216953,P2
P2 TMF,E_2s,D_recent_2025plus,-0.5385809855492532,,-0.3076235466934585,,,calm_controls,-0.15810872865904313,2025-10-22,2026-08-17,,-0.3076235466934585,205.0,1.0,P2
P2 TMF,E_3s,FULL,0.12044223259903723,0.06864044591478008,-0.5688658211613138,1.9825028420087452,1.6711639606677338,,,,,,,,,P2
P2 TMF,E_3s,E_bear_2018q4,,,0.0,,,modern_folds,0.012274106120414352,2018-09-04,2018-09-04,,0.0,1.0,0.0,P2
P2 TMF,E_3s,X_2020_covid,0.49073520364880857,,-0.24216805917614426,,,modern_folds,0.1055963949570673,2020-03-09,2020-12-04,2020-03-20,-0.1576097291225046,190.0,0.4035548162545647,P2
P2 TMF,E_3s,B_bear_2022,,,0.0,,,modern_folds,0.012881409782865116,2022-01-03,2022-01-03,,0.0,1.0,0.0,P2
P2 TMF,E_3s,E2011_eu_us,2.0427728656157442,,-0.11962689430352047,,,market_factor_A0_calendar,0.505864526005235,2011-10-03,2011-10-27,,-0.11962689430352047,19.0,0.3199387438951615,P2
P2 TMF,E_3s,E2015_16_china,0.04227686157046822,,-0.08243285300357195,,,market_factor_A0_calendar,-0.0004927738263292847,2015-08-24,2015-09-02,,-0.08243285300357195,8.0,0.6859656228573374,P2
P2 TMF,E_3s,K2013_14_bull,1.0154190259196,,-0.13415425258803748,,,calm_controls,0.32137281144671515,2014-08-29,2014-09-17,,-0.13415425258803748,13.0,1.0,P2
P2 TMF,E_3s,A_bull_2021,-1.8825731498890166,,-0.15781032708521392,,,calm_controls,-0.16068343808395913,2021-01-04,2021-02-08,2021-02-08,-0.15781032708521392,25.0,0.9237622325216953,P2
P2 TMF,E_3s,D_recent_2025plus,-0.5385809855492532,,-0.3076235466934585,,,calm_controls,-0.15810872865904313,2025-10-22,2026-08-17,,-0.3076235466934585,205.0,1.0,P2
P2 TMF,F_exit2,FULL,0.0837186157790594,0.0441737548926982,-0.5264280880602288,2.408232890324398,2.362680082323348,,,,,,,,,P2
P2 TMF,F_exit2,E_bear_2018q4,,,0.0,,,modern_folds,0.012274106120414352,2018-09-04,2018-09-04,,0.0,1.0,0.0,P2
P2 TMF,F_exit2,X_2020_covid,0.34113879109286877,,-0.27399187522586455,,,modern_folds,0.05916882387831568,2020-03-09,2020-12-04,2020-03-20,-0.1576097291225046,190.0,0.4035548162545647,P2
P2 TMF,F_exit2,B_bear_2022,,,0.0,,,modern_folds,0.012881409782865116,2022-01-03,2022-01-03,,0.0,1.0,0.0,P2
P2 TMF,F_exit2,E2011_eu_us,1.7095816480877666,,-0.12117778189746897,,,market_factor_A0_calendar,0.3884139084425795,2011-06-01,2011-07-25,2011-07-01,-0.08283822892253112,38.0,0.8704586622298572,P2
P2 TMF,F_exit2,E2015_16_china,-0.2666766479658298,,-0.07946583528025208,,,market_factor_A0_calendar,-0.023612557661311873,2015-08-24,2015-09-01,2015-09-01,-0.07946583528025208,7.0,0.6859656228573374,P2
P2 TMF,F_exit2,K2013_14_bull,1.0154190259196,,-0.13415425258803748,,,calm_controls,0.32137281144671515,2014-08-29,2014-09-17,,-0.13415425258803748,13.0,1.0,P2
P2 TMF,F_exit2,A_bull_2021,-1.2061686085126315,,-0.10635828097371447,,,calm_controls,-0.09738372454011102,2021-01-04,2021-01-12,,-0.10635828097371447,7.0,0.9237622325216953,P2
P2 TMF,F_exit2,D_recent_2025plus,-0.5385809855492532,,-0.3076235466934585,,,calm_controls,-0.15810872865904313,2025-10-22,2026-08-17,,-0.3076235466934585,205.0,1.0,P2
P2 TMF,F_exit1,FULL,0.11639684507261956,0.06907839168296079,-0.5302009030663707,2.5644088669726037,2.362680082323348,,,,,,,,,P2
P2 TMF,F_exit1,E_bear_2018q4,,,0.0,,,modern_folds,0.012274106120414352,2018-09-04,2018-09-04,,0.0,1.0,0.0,P2
P2 TMF,F_exit1,X_2020_covid,0.18010982414596502,,-0.3065596469546945,,,modern_folds,0.011655900398163332,2020-03-09,2020-12-04,2020-03-20,-0.1576097291225046,190.0,0.4035548162545647,P2
P2 TMF,F_exit1,B_bear_2022,,,0.0,,,modern_folds,0.012881409782865116,2022-01-03,2022-01-03,,0.0,1.0,0.0,P2
P2 TMF,F_exit1,E2011_eu_us,1.9358891952500918,,-0.11962689430352058,,,market_factor_A0_calendar,0.4405165792893837,2011-10-03,2011-10-27,,-0.11962689430352058,19.0,0.3199387438951615,P2
P2 TMF,F_exit1,E2015_16_china,-0.08721543759620343,,-0.07191785795123617,,,market_factor_A0_calendar,-0.00993196614744618,2015-08-24,2015-08-26,,-0.07191785795123617,3.0,0.6859656228573374,P2
P2 TMF,F_exit1,K2013_14_bull,1.0154190259196,,-0.13415425258803748,,,calm_controls,0.32137281144671515,2014-08-29,2014-09-17,,-0.13415425258803748,13.0,1.0,P2
P2 TMF,F_exit1,A_bull_2021,-0.9837660194164787,,-0.10635828097371447,,,calm_controls,-0.0786086785428386,2021-01-04,2021-01-12,,-0.10635828097371447,7.0,0.9237622325216953,P2
P2 TMF,F_exit1,D_recent_2025plus,-0.4883283604132685,,-0.30762354669345693,,,calm_controls,-0.14137360725606474,2025-10-22,2026-08-17,,-0.30762354669345693,205.0,1.0,P2
P2 TMF,G_own,FULL,0.08603780190575368,0.04718258799769887,-0.563748679024369,3.3846775082171336,,,,,,,,,,P2
P2 TMF,G_own,E_bear_2018q4,,,0.0,,,modern_folds,0.012274106120414352,2018-09-04,2018-09-04,,0.0,1.0,0.0,P2
P2 TMF,G_own,X_2020_covid,0.4133155050009181,,-0.23493131082140006,,,modern_folds,0.07593266937990317,2020-08-04,2020-12-04,2020-11-05,-0.2147217814168455,87.0,0.7850884269587101,P2
P2 TMF,G_own,B_bear_2022,,,0.0,,,modern_folds,0.012881409782865116,2022-01-03,2022-01-03,,0.0,1.0,0.0,P2
P2 TMF,G_own,E2011_eu_us,1.9776694555808647,,-0.1197100123697632,,,market_factor_A0_calendar,0.4412425943507743,2011-10-03,2011-10-27,,-0.1197100123697632,19.0,0.3199387438951615,P2
P2 TMF,G_own,E2015_16_china,0.041239903464617096,,-0.08245926280955362,,,market_factor_A0_calendar,-0.0005766947412668699,2015-08-24,2015-09-02,,-0.08245926280955362,8.0,0.6859656228573374,P2
P2 TMF,G_own,K2013_14_bull,1.0840335347800736,,-0.13416288259571618,,,calm_controls,0.33527325171888434,2014-08-29,2014-09-17,,-0.13416288259571618,13.0,1.0,P2
P2 TMF,G_own,A_bull_2021,-1.8307759628818212,,-0.15335579202361782,,,calm_controls,-0.15624431681300788,2021-01-04,2021-02-08,2021-01-08,-0.09866798879769989,25.0,0.9237622325216953,P2
P2 TMF,G_own,D_recent_2025plus,-0.5145028512798013,,-0.31149881959065084,,,calm_controls,-0.14716465869344186,2025-10-22,2026-08-17,2026-03-23,-0.19393279338378488,205.0,1.0,P2
P2 TMF,G_spy,FULL,0.10351533012202015,0.06190516083420518,-0.5764444608465854,3.04433606180974,,,,,,,,,,P2
P2 TMF,G_spy,E_bear_2018q4,,,0.0,,,modern_folds,0.012274106120414352,2018-09-04,2018-09-04,,0.0,1.0,0.0,P2
P2 TMF,G_spy,X_2020_covid,0.617261800221471,,-0.22348317553044938,,,modern_folds,0.13563077517383904,2020-08-04,2020-12-04,2020-09-04,-0.14032098916461044,87.0,0.7850884269587101,P2
P2 TMF,G_spy,B_bear_2022,,,0.0,,,modern_folds,0.012881409782865116,2022-01-03,2022-01-03,,0.0,1.0,0.0,P2
P2 TMF,G_spy,E2011_eu_us,2.351238248971817,,-0.11971001236976309,,,market_factor_A0_calendar,0.5645581069605972,2011-10-03,2011-10-27,,-0.11971001236976309,19.0,0.3199387438951615,P2
P2 TMF,G_spy,E2015_16_china,0.6277081782309291,,-0.043910396275826824,,,market_factor_A0_calendar,0.04108700424989786,2015-08-21,2015-09-02,2015-08-26,-0.036407853110983046,9.0,0.6840934489160437,P2
P2 TMF,G_spy,K2013_14_bull,0.9723064372736142,,-0.13416288259571618,,,calm_controls,0.26580034084040105,2014-08-29,2014-09-17,,-0.13416288259571618,13.0,1.0,P2
P2 TMF,G_spy,A_bull_2021,-1.8005073620060836,,-0.14712044897837517,,,calm_controls,-0.15003024709933344,2021-01-04,2021-02-08,2021-02-03,-0.11974327861932588,25.0,0.9237622325216953,P2
P2 TMF,G_spy,D_recent_2025plus,-0.6851185057178857,,-0.3341550650804542,,,calm_controls,-0.19803860662752337,2025-10-22,2026-08-17,2026-04-01,-0.21006405731264566,205.0,1.0,P2
P2 TMF,buy_hold,FULL,0.04320097139053444,-0.12413149065473139,-0.9313210848643918,0.0,,,,,,,,,,P2
P2 TMF,buy_hold,E_bear_2018q4,-0.10199720994813087,,-0.18831628385768528,,,modern_folds,-0.017948880573350534,2018-09-06,2018-11-02,,-0.18831628385768528,42.0,1.0,P2
P2 TMF,buy_hold,X_2020_covid,0.5452712418027986,,-0.4382281162223143,,,modern_folds,0.1457150280221191,2020-03-09,2020-03-18,,-0.4382281162223143,8.0,1.0,P2
P2 TMF,buy_hold,B_bear_2022,-1.8686051717473617,,-0.7570117955439057,,,modern_folds,-0.7259947485356495,2022-01-03,2022-10-24,,-0.7570117955439057,204.0,1.0,P2
P2 TMF,buy_hold,E2011_eu_us,1.9403199353570852,,-0.301763095920056,,,market_factor_A0_calendar,1.0849842090152193,2011-10-03,2011-10-27,,-0.301763095920056,19.0,1.0,P2
P2 TMF,buy_hold,E2015_16_china,0.7334725228940319,,-0.1754546494338326,,,market_factor_A0_calendar,0.20345537329258367,2015-08-24,2015-11-09,,-0.1754546494338326,55.0,1.0,P2
P2 TMF,buy_hold,K2013_14_bull,0.44002539486641545,,-0.4445289235253127,,,calm_controls,0.20361371569365327,2013-05-01,2013-08-21,,-0.4445289235253127,79.0,1.0,P2
P2 TMF,buy_hold,A_bull_2021,-0.3384108458836188,,-0.3918712404487076,,,calm_controls,-0.19806278143120826,2021-01-04,2021-03-18,,-0.3918712404487076,52.0,1.0,P2
P2 TMF,buy_hold,D_recent_2025plus,-0.3471796328919096,,-0.33607834409080783,,,calm_controls,-0.18460724676011675,2025-04-04,2026-08-17,,-0.33607834409080783,343.0,1.0,P2
P2 UGL,incumbent,FULL,0.4071945312057296,0.2425613641994198,-0.5547280760728177,2.8627972721340877,2.2216624685138537,,,,,,,,,P2
P2 UGL,incumbent,E_bear_2018q4,1.5839148906365945,,-0.043564356435643714,,,modern_folds,0.10764975378308916,2019-02-19,2019-02-28,,-0.043564356435643714,8.0,1.0,P2
P2 UGL,incumbent,X_2020_covid,0.713643851840149,,-0.2648099455577243,,,modern_folds,0.17850573015207916,2020-08-06,2020-11-30,,-0.2648099455577243,81.0,1.0,P2
P2 UGL,incumbent,B_bear_2022,-0.1312162170828214,,-0.13260234908759838,,,modern_folds,-0.010788204791340017,2022-03-08,2022-04-25,,-0.13260234908759838,34.0,1.0,P2
P2 UGL,incumbent,E2011_eu_us,0.3554465881426645,,-0.23398966105929542,,,market_factor_A0_calendar,0.042769306463013246,2011-08-22,2011-12-30,2011-12-30,-0.23398966105929542,92.0,0.7087277341606484,P2
P2 UGL,incumbent,E2015_16_china,-0.006074013616106875,,-0.060361037680447316,,,market_factor_A0_calendar,-0.0033869373307615636,2016-03-10,2016-03-24,,-0.060361037680447316,11.0,0.7101892746101937,P2
P2 UGL,incumbent,K2013_14_bull,-0.44237074411948163,,-0.06949000799360494,,,calm_controls,-0.04504435107137095,2014-07-11,2014-07-25,2014-07-25,-0.06949000799360494,11.0,1.0,P2
P2 UGL,incumbent,A_bull_2021,-1.517634246595804,,-0.22020895104631077,,,calm_controls,-0.18312586600793257,2021-01-05,2021-06-14,2021-03-01,-0.20444896790571487,111.0,0.9246000888156897,P2
P2 UGL,incumbent,D_recent_2025plus,1.7424804040691402,,-0.28948700229823543,,,calm_controls,1.4021094326511525,2026-01-29,2026-06-10,,-0.28948700229823543,92.0,0.5270895583375933,P2
P2 UGL,E_2s,FULL,0.3924795792270888,0.22032195294020587,-0.577028837011295,2.9895456961423656,2.348614609571788,,,,,,,,,P2
P2 UGL,E_2s,E_bear_2018q4,1.5839148906365945,,-0.043564356435643714,,,modern_folds,0.10764975378308916,2019-02-19,2019-02-28,,-0.043564356435643714,8.0,1.0,P2
P2 UGL,E_2s,X_2020_covid,0.713643851840149,,-0.2648099455577243,,,modern_folds,0.17850573015207916,2020-08-06,2020-11-30,,-0.2648099455577243,81.0,1.0,P2
P2 UGL,E_2s,B_bear_2022,-0.1312162170828214,,-0.13260234908759838,,,modern_folds,-0.010788204791340017,2022-03-08,2022-04-25,,-0.13260234908759838,34.0,1.0,P2
P2 UGL,E_2s,E2011_eu_us,0.3554465881426645,,-0.23398966105929542,,,market_factor_A0_calendar,0.042769306463013246,2011-08-22,2011-12-30,2011-12-30,-0.23398966105929542,92.0,0.7087277341606484,P2
P2 UGL,E_2s,E2015_16_china,-0.006074013616106875,,-0.060361037680447316,,,market_factor_A0_calendar,-0.0033869373307615636,2016-03-10,2016-03-24,,-0.060361037680447316,11.0,0.7101892746101937,P2
P2 UGL,E_2s,K2013_14_bull,-0.44237074411948163,,-0.06949000799360494,,,calm_controls,-0.04504435107137095,2014-07-11,2014-07-25,2014-07-25,-0.06949000799360494,11.0,1.0,P2
P2 UGL,E_2s,A_bull_2021,-1.517634246595804,,-0.22020895104631077,,,calm_controls,-0.18312586600793257,2021-01-05,2021-06-14,2021-03-01,-0.20444896790571487,111.0,0.9246000888156897,P2
P2 UGL,E_2s,D_recent_2025plus,1.7424804040691402,,-0.28948700229823543,,,calm_controls,1.4021094326511525,2026-01-29,2026-06-10,,-0.28948700229823543,92.0,0.5270895583375933,P2
P2 UGL,E_3s,FULL,0.4071945312057296,0.2425613641994198,-0.5547280760728177,2.8627972721340877,2.2216624685138537,,,,,,,,,P2
P2 UGL,E_3s,E_bear_2018q4,1.5839148906365945,,-0.043564356435643714,,,modern_folds,0.10764975378308916,2019-02-19,2019-02-28,,-0.043564356435643714,8.0,1.0,P2
P2 UGL,E_3s,X_2020_covid,0.713643851840149,,-0.2648099455577243,,,modern_folds,0.17850573015207916,2020-08-06,2020-11-30,,-0.2648099455577243,81.0,1.0,P2
P2 UGL,E_3s,B_bear_2022,-0.1312162170828214,,-0.13260234908759838,,,modern_folds,-0.010788204791340017,2022-03-08,2022-04-25,,-0.13260234908759838,34.0,1.0,P2
P2 UGL,E_3s,E2011_eu_us,0.3554465881426645,,-0.23398966105929542,,,market_factor_A0_calendar,0.042769306463013246,2011-08-22,2011-12-30,2011-12-30,-0.23398966105929542,92.0,0.7087277341606484,P2
P2 UGL,E_3s,E2015_16_china,-0.006074013616106875,,-0.060361037680447316,,,market_factor_A0_calendar,-0.0033869373307615636,2016-03-10,2016-03-24,,-0.060361037680447316,11.0,0.7101892746101937,P2
P2 UGL,E_3s,K2013_14_bull,-0.44237074411948163,,-0.06949000799360494,,,calm_controls,-0.04504435107137095,2014-07-11,2014-07-25,2014-07-25,-0.06949000799360494,11.0,1.0,P2
P2 UGL,E_3s,A_bull_2021,-1.517634246595804,,-0.22020895104631077,,,calm_controls,-0.18312586600793257,2021-01-05,2021-06-14,2021-03-01,-0.20444896790571487,111.0,0.9246000888156897,P2
P2 UGL,E_3s,D_recent_2025plus,1.7424804040691402,,-0.28948700229823543,,,calm_controls,1.4021094326511525,2026-01-29,2026-06-10,,-0.28948700229823543,92.0,0.5270895583375933,P2
P2 UGL,F_exit2,FULL,0.38470611045934305,0.2255626953130009,-0.5812385525155307,3.150453810670544,2.6025188916876574,,,,,,,,,P2
P2 UGL,F_exit2,E_bear_2018q4,1.5839148906365945,,-0.043564356435643714,,,modern_folds,0.10764975378308916,2019-02-19,2019-02-28,,-0.043564356435643714,8.0,1.0,P2
P2 UGL,F_exit2,X_2020_covid,0.713643851840149,,-0.2648099455577243,,,modern_folds,0.17850573015207916,2020-08-06,2020-11-30,,-0.2648099455577243,81.0,1.0,P2
P2 UGL,F_exit2,B_bear_2022,0.12497499136874875,,-0.10670437198342253,,,modern_folds,0.02071925489294757,2022-03-08,2022-04-05,,-0.10670437198342253,21.0,1.0,P2
P2 UGL,F_exit2,E2011_eu_us,0.542825523183787,,-0.21964039906653665,,,market_factor_A0_calendar,0.08306487482073899,2011-08-22,2011-12-15,,-0.21964039906653665,82.0,0.7087277341606484,P2
P2 UGL,F_exit2,E2015_16_china,-0.1364045033768017,,-0.060361037680447316,,,market_factor_A0_calendar,-0.012426350830708088,2016-03-10,2016-03-24,,-0.060361037680447316,11.0,0.7101892746101937,P2
P2 UGL,F_exit2,K2013_14_bull,-0.24829883516391443,,-0.06634692246203033,,,calm_controls,-0.025371444999021553,2014-07-11,2014-07-15,,-0.06634692246203033,3.0,1.0,P2
P2 UGL,F_exit2,A_bull_2021,-0.9998324297343522,,-0.16601643265809252,,,calm_controls,-0.11700681258842593,2021-01-05,2021-02-18,,-0.16601643265809252,31.0,0.9246000888156897,P2
P2 UGL,F_exit2,D_recent_2025plus,1.5819041848939341,,-0.31809781361362244,,,calm_controls,1.1957580131683536,2026-01-29,2026-09-01,2026-03-26,-0.18771298281138926,149.0,0.5270895583375933,P2
P2 UGL,F_exit1,FULL,0.3820188372699199,0.21577517703812316,-0.5861698350317994,3.274018452358714,2.7294710327455918,,,,,,,,,P2
P2 UGL,F_exit1,E_bear_2018q4,1.5839148906365945,,-0.043564356435643714,,,modern_folds,0.10764975378308916,2019-02-19,2019-02-28,,-0.043564356435643714,8.0,1.0,P2
P2 UGL,F_exit1,X_2020_covid,0.713643851840149,,-0.2648099455577243,,,modern_folds,0.17850573015207916,2020-08-06,2020-11-30,,-0.2648099455577243,81.0,1.0,P2
P2 UGL,F_exit1,B_bear_2022,0.08138304480680206,,-0.10725732816366007,,,modern_folds,0.015874008578239396,2022-03-08,2022-04-06,2022-04-06,-0.10725732816366007,22.0,1.0,P2
P2 UGL,F_exit1,E2011_eu_us,0.44577105862212874,,-0.2200180760863374,,,market_factor_A0_calendar,0.061788814727859576,2011-08-22,2011-12-16,2011-12-16,-0.2200180760863374,83.0,0.7087277341606484,P2
P2 UGL,F_exit1,E2015_16_china,-0.2904480630455713,,-0.060886246529657795,,,market_factor_A0_calendar,-0.020904619262322233,2016-03-10,2016-03-28,2016-03-28,-0.060886246529657795,12.0,0.7101892746101937,P2
P2 UGL,F_exit1,K2013_14_bull,-0.23941688526949395,,-0.06634692246203033,,,calm_controls,-0.024551740579340287,2014-07-11,2014-07-15,,-0.06634692246203033,3.0,1.0,P2
P2 UGL,F_exit1,A_bull_2021,-1.301605188217807,,-0.18308101500449436,,,calm_controls,-0.14423230517292884,2021-01-05,2021-06-14,2021-02-19,-0.16657065694378448,111.0,0.9246000888156897,P2
P2 UGL,F_exit1,D_recent_2025plus,1.6546749579105908,,-0.29765921285590213,,,calm_controls,1.2615712959054823,2026-01-29,2026-09-01,2026-03-24,-0.18786975312152243,149.0,0.5270895583375933,P2
P2 UGL,G_own,FULL,0.40840209440202324,0.2354769256761031,-0.5486744108679689,4.441962889698468,,,,,,,,,,P2
P2 UGL,G_own,E_bear_2018q4,1.3803453881352372,,-0.047177037311619374,,,modern_folds,0.09326688720290499,2019-02-19,2019-02-28,,-0.047177037311619374,8.0,1.0,P2
P2 UGL,G_own,X_2020_covid,0.6071231629071081,,-0.2883425553720723,,,modern_folds,0.13733190106371684,2020-08-06,2020-11-30,2020-08-12,-0.14168887251420703,81.0,1.0,P2
P2 UGL,G_own,B_bear_2022,0.33950801436116157,,-0.08357417325941796,,,modern_folds,0.04512357633840991,2022-03-08,2022-04-25,2022-03-09,-0.024774827594549742,34.0,1.0,P2
P2 UGL,G_own,E2011_eu_us,0.170028139587431,,-0.2502879251792024,,,market_factor_A0_calendar,0.005252494010278941,2011-08-22,2011-12-30,2011-08-25,-0.09058698564834278,92.0,0.7087277341606484,P2
P2 UGL,G_own,E2015_16_china,-0.006957813377356001,,-0.06039672306668187,,,market_factor_A0_calendar,-0.003449540937750961,2016-03-10,2016-03-24,,-0.06039672306668187,11.0,0.7101892746101937,P2
P2 UGL,G_own,K2013_14_bull,-0.3979327944652717,,-0.06634692246203033,,,calm_controls,-0.04024943995664099,2014-07-11,2014-07-15,,-0.06634692246203033,3.0,1.0,P2
P2 UGL,G_own,A_bull_2021,-1.5176579257992262,,-0.22018379575400515,,,calm_controls,-0.1831019029909441,2021-01-05,2021-06-14,2021-01-11,-0.1005676214699347,111.0,0.9246000888156897,P2
P2 UGL,G_own,D_recent_2025plus,1.7162436987536231,,-0.2938512185009102,,,calm_controls,1.3098109593917,2026-01-29,2026-06-10,2026-02-02,-0.11938584122576146,92.0,0.5270895583375933,P2
P2 UGL,G_spy,FULL,0.37881529558744104,0.23630070795864966,-0.5184821921801694,4.364563455152189,,,,,,,,,,P2
P2 UGL,G_spy,E_bear_2018q4,1.4134930092391744,,-0.04356435643564349,,,modern_folds,0.09555736802400139,2019-02-19,2019-02-28,,-0.04356435643564349,8.0,1.0,P2
P2 UGL,G_spy,X_2020_covid,1.0955288263156435,,-0.2686292859436411,,,modern_folds,0.29304846525399797,2020-08-06,2020-11-30,2020-09-04,-0.14285299731097056,81.0,1.0,P2
P2 UGL,G_spy,B_bear_2022,-0.13172181517158763,,-0.1326548269351031,,,modern_folds,-0.010849691548418305,2022-03-08,2022-04-25,,-0.1326548269351031,34.0,1.0,P2
P2 UGL,G_spy,E2011_eu_us,0.03291231428179974,,-0.23433783513429174,,,market_factor_A0_calendar,-0.021378976488597545,2011-08-22,2011-12-30,2011-12-30,-0.23433783513429174,92.0,0.7087277341606484,P2
P2 UGL,G_spy,E2015_16_china,-0.006957813377356001,,-0.06039672306668187,,,market_factor_A0_calendar,-0.003449540937750961,2016-03-10,2016-03-24,,-0.06039672306668187,11.0,0.7101892746101937,P2
P2 UGL,G_spy,K2013_14_bull,-0.44237074411948163,,-0.06949000799360494,,,calm_controls,-0.04504435107137095,2014-07-11,2014-07-25,2014-07-25,-0.06949000799360494,11.0,1.0,P2
P2 UGL,G_spy,A_bull_2021,-1.5119663261447367,,-0.219751013663103,,,calm_controls,-0.18264854120575347,2021-01-05,2021-06-14,2021-02-03,-0.11547689043905818,111.0,0.9246000888156897,P2
P2 UGL,G_spy,D_recent_2025plus,1.572020084895984,,-0.26821461685918113,,,calm_controls,1.1153099790171637,2026-01-29,2026-06-10,2026-02-09,-0.12906236799453152,92.0,0.5270895583375933,P2
P2 UGL,buy_hold,FULL,0.34943583236469034,0.15051191192253202,-0.7592105263157896,0.0,,,,,,,,,,P2
P2 UGL,buy_hold,E_bear_2018q4,1.6167135524039677,,-0.05383734249713645,,,modern_folds,0.16245487364621036,2018-10-26,2018-11-12,,-0.05383734249713645,12.0,1.0,P2
P2 UGL,buy_hold,X_2020_covid,0.8353008709663565,,-0.28207592503604095,,,modern_folds,0.2809917355371878,2020-08-06,2020-11-30,,-0.28207592503604095,81.0,1.0,P2
P2 UGL,buy_hold,B_bear_2022,-0.13785236100080972,,-0.40224358974359,,,modern_folds,-0.07558528428093614,2022-03-08,2022-10-20,,-0.40224358974359,158.0,1.0,P2
P2 UGL,buy_hold,E2011_eu_us,0.029686887061799352,,-0.36414473684210547,,,market_factor_A0_calendar,-0.06086543033761371,2011-08-22,2011-12-29,,-0.36414473684210547,91.0,1.0,P2
P2 UGL,buy_hold,E2015_16_china,0.28384333931386546,,-0.24923076923076914,,,market_factor_A0_calendar,0.034410844629823245,2015-06-18,2015-12-17,,-0.24923076923076914,128.0,1.0,P2
P2 UGL,buy_hold,K2013_14_bull,-0.8884060832238491,,-0.5853658536585369,,,calm_controls,-0.5499296765119551,2013-01-22,2014-11-05,,-0.5853658536585369,453.0,1.0,P2
P2 UGL,buy_hold,A_bull_2021,-0.33156194342222184,,-0.27216954824316797,,,calm_controls,-0.12316715542521961,2021-01-05,2021-03-08,,-0.27216954824316797,43.0,1.0,P2
P2 UGL,buy_hold,D_recent_2025plus,1.1500383845141688,,-0.5002335902826447,,,calm_controls,1.2845528455284576,2026-01-29,2026-07-16,,-0.5002335902826447,116.0,1.0,P2
