vehicle,arm,episode,Sharpe,Martin,MaxDD,Turnover/yr,TrackRMSE,group,Return,peak,trough,react_day,DD_before_reaction,days_peak_to_trough,w_at_peak,panel
P0 MKT,incumbent,FULL,0.6000682581147649,1.184939619974874,-0.30925589783833873,2.2723784277420433,0.018605359239959766,,,,,,,,,P0
P0 MKT,incumbent,E_bear_2018q4,-1.6344304427900773,,-0.06802206002059918,,,modern_folds,-0.04015215952754003,2018-09-20,2018-10-11,,-0.06802206002059918,16.0,1.0,P0
P0 MKT,incumbent,X_2020_covid,1.1987557680219754,,-0.08222259128229248,,,modern_folds,0.10146292371989252,2020-02-19,2020-02-28,2020-02-28,-0.08222259128229248,8.0,0.8557398502655108,P0
P0 MKT,incumbent,B_bear_2022,-2.1679328200035846,,-0.05494146463440286,,,modern_folds,-0.04066054472919389,2022-01-03,2022-08-24,2022-01-20,-0.03593083037600775,162.0,0.5565109065486581,P0
P0 MKT,incumbent,E1973_oil_bear,-1.9165370400446016,,-0.11580341132620231,,,market_factor_A0_calendar,-0.018293164040985244,1973-01-11,1973-11-07,1973-03-23,-0.11253756667842119,209.0,1.0,P0
P0 MKT,incumbent,E1987_crash,-0.6242441629408162,,-0.06139283765887882,,,market_factor_A0_calendar,0.004397020580227284,1987-08-25,1987-10-13,1987-09-21,-0.05341560040762228,35.0,0.8620315890779868,P0
P0 MKT,incumbent,E1990_recession,0.09764324854939462,,-0.03576539262682721,,,market_factor_A0_calendar,0.06371655242543595,1990-07-16,1990-07-27,,-0.03576539262682721,10.0,0.8494312885800077,P0
P0 MKT,incumbent,E1997_asia,0.423927167733965,,-0.0704397198003236,,,market_factor_A0_calendar,0.05507963516606429,1997-10-07,1997-10-27,,-0.0704397198003236,15.0,0.6988347731516081,P0
P0 MKT,incumbent,E1998_ltcm,-0.11258085685269793,,-0.07870826999375069,,,market_factor_A0_calendar,0.01782558795722422,1998-07-17,1998-08-05,1998-08-05,-0.07870826999375069,14.0,0.7306490263121221,P0
P0 MKT,incumbent,E2000_02_dotcom,-0.7073626800980651,,-0.03010624145117835,,,market_factor_A0_calendar,0.07930241579013408,2000-07-03,2000-07-27,2000-07-07,-0.006800686721731286,18.0,0.42455999175653913,P0
P0 MKT,incumbent,E2007_09_gfc,-0.32074741500009324,,-0.0855485734775463,,,market_factor_A0_calendar,-0.0066214996659770264,2007-10-09,2008-01-22,,-0.0855485734775463,72.0,0.6139776556004788,P0
P0 MKT,incumbent,E2011_eu_us,-1.0856867979269482,,-0.11759029282910527,,,market_factor_A0_calendar,-0.08131235501170064,2011-05-02,2011-10-03,2011-08-05,-0.0869103455452741,108.0,0.9096460222973562,P0
P0 MKT,incumbent,E2015_16_china,,,0.0,,,market_factor_A0_calendar,0.0,2015-06-01,2015-06-01,,0.0,1.0,0.0,P0
P0 MKT,incumbent,K1995_99_bull,1.0757924613613357,,-0.10321033558536352,,,calm_controls,1.0222650735715235,1999-07-16,1999-10-15,1999-08-10,-0.061904514262706045,65.0,0.6785500668650531,P0
P0 MKT,incumbent,K2013_14_bull,1.2560083382339036,,-0.05282843058320319,,,calm_controls,0.2558956324864945,2014-01-15,2014-02-03,,-0.05282843058320319,13.0,1.0,P0
P0 MKT,incumbent,A_bull_2021,1.2621937619180383,,-0.04841861911750178,,,calm_controls,0.13283476056786836,2021-11-08,2021-12-01,,-0.04841861911750178,17.0,0.8683414935778978,P0
P0 MKT,incumbent,D_recent_2025plus,0.6196015458565328,,-0.07297460621852914,,,calm_controls,0.15497194002973536,2025-02-19,2025-03-14,2025-03-14,-0.07297460621852914,18.0,0.7565083526360216,P0
P0 MKT,C_85,FULL,0.5923055319152174,1.249281111324534,-0.2772343286021711,3.260791488312062,0.01770508202435584,,,,,,,,,P0
P0 MKT,C_85,E_bear_2018q4,-1.8044474006176678,,-0.06412940643309273,,,modern_folds,-0.041092800894169446,2018-09-20,2018-10-11,2018-10-11,-0.06412940643309273,16.0,1.0,P0
P0 MKT,C_85,X_2020_covid,1.2025227830698837,,-0.07058874852422126,,,modern_folds,0.09487602358626468,2020-02-19,2020-02-28,2020-02-26,-0.055010274679961224,8.0,0.8481193328227359,P0
P0 MKT,C_85,B_bear_2022,-2.1731441987937425,,-0.059300107292978854,,,modern_folds,-0.04528760245287555,2022-01-03,2022-08-24,2022-01-20,-0.040377150737439416,162.0,0.5269325647070318,P0
P0 MKT,C_85,E1973_oil_bear,-1.9051923083122186,,-0.11095526390289712,,,market_factor_A0_calendar,-0.012910357176352916,1973-01-11,1973-11-07,1973-03-23,-0.10644209381648395,209.0,1.0,P0
P0 MKT,C_85,E1987_crash,-0.5275445592032071,,-0.053114458234513995,,,market_factor_A0_calendar,0.009589167428436296,1987-08-25,1987-10-13,1987-09-21,-0.04365450153702366,35.0,0.7087696076262086,P0
P0 MKT,C_85,E1990_recession,0.04570194449583074,,-0.040216161551961616,,,market_factor_A0_calendar,0.0611192905574347,1990-07-16,1990-07-27,,-0.040216161551961616,10.0,0.953044882623601,P0
P0 MKT,C_85,E1997_asia,0.42831193941984147,,-0.06396578198217451,,,market_factor_A0_calendar,0.0540097856147328,1997-10-07,1997-10-27,,-0.06396578198217451,15.0,0.7957997377552427,P0
P0 MKT,C_85,E1998_ltcm,0.08320175787292534,,-0.07200136380455546,,,market_factor_A0_calendar,0.025441722584003124,1998-07-17,1998-08-05,1998-08-05,-0.07200136380455546,14.0,0.7356449324429927,P0
P0 MKT,C_85,E2000_02_dotcom,-0.6550356751365843,,-0.03010624145117835,,,market_factor_A0_calendar,0.0818543445725628,2000-07-03,2000-07-27,2000-07-07,-0.006800686721731286,18.0,0.42455999175653913,P0
P0 MKT,C_85,E2007_09_gfc,-0.34846194914702733,,-0.08198471952455,,,market_factor_A0_calendar,-0.006957646722915989,2007-10-09,2008-01-22,,-0.08198471952455,72.0,0.5979782737903084,P0
P0 MKT,C_85,E2011_eu_us,-0.8839487239387469,,-0.09806784417396897,,,market_factor_A0_calendar,-0.061442886846515776,2011-05-02,2011-10-03,2011-08-05,-0.07337835464388631,108.0,0.7895826036825456,P0
P0 MKT,C_85,E2015_16_china,,,0.0,,,market_factor_A0_calendar,0.0,2015-06-01,2015-06-01,,0.0,1.0,0.0,P0
P0 MKT,C_85,K1995_99_bull,1.0568938749634242,,-0.09688972852780708,,,calm_controls,0.9747632186512609,1999-07-16,1999-10-15,1999-08-10,-0.058818268863724876,65.0,0.6463854748877794,P0
P0 MKT,C_85,K2013_14_bull,1.246266596226657,,-0.047914669554247724,,,calm_controls,0.2367474375797256,2014-01-22,2014-02-03,,-0.047914669554247724,9.0,0.9983295779715031,P0
P0 MKT,C_85,A_bull_2021,1.1397031373436202,,-0.046710238407542626,,,calm_controls,0.11068963095159523,2021-09-02,2021-10-04,,-0.046710238407542626,22.0,1.0,P0
P0 MKT,C_85,D_recent_2025plus,0.55216702084173,,-0.07500132869639597,,,calm_controls,0.14109568068532852,2026-01-12,2026-03-30,,-0.07500132869639597,54.0,0.9612647846374331,P0
P0 MKT,C_80,FULL,0.5800743252409719,1.275898108430856,-0.2686541723580572,3.995367696393741,0.017858623791437066,,,,,,,,,P0
P0 MKT,C_80,E_bear_2018q4,-1.830318006712279,,-0.06311395637374584,,,modern_folds,-0.04082024216513791,2018-09-20,2018-10-11,2018-10-11,-0.06311395637374584,16.0,1.0,P0
P0 MKT,C_80,X_2020_covid,1.1333402005347795,,-0.07092883719876808,,,modern_folds,0.08910525987476148,2020-02-19,2020-02-28,2020-02-25,-0.05554722233284792,8.0,0.7868473900150067,P0
P0 MKT,C_80,B_bear_2022,-2.105029218282248,,-0.05770062606975357,,,modern_folds,-0.04312759075744832,2022-01-03,2022-08-24,2022-01-20,-0.03874549462620469,162.0,0.6166058147529548,P0
P0 MKT,C_80,E1973_oil_bear,-1.9680079558981813,,-0.11249063063161047,,,market_factor_A0_calendar,-0.014615045966820173,1973-01-11,1973-11-07,1973-03-23,-0.11059320509497184,209.0,1.0,P0
P0 MKT,C_80,E1987_crash,-0.5038584117446043,,-0.04925917021457238,,,market_factor_A0_calendar,0.010594398894357537,1987-08-25,1987-10-13,1987-09-21,-0.04203110398219312,35.0,0.7371581333240672,P0
P0 MKT,C_80,E1990_recession,0.033499366243593426,,-0.0378460425791356,,,market_factor_A0_calendar,0.06052030091316407,1990-07-16,1990-07-27,,-0.0378460425791356,10.0,0.8967460535258945,P0
P0 MKT,C_80,E1997_asia,0.4409881119904441,,-0.06120058540592843,,,market_factor_A0_calendar,0.054341769221306846,1997-10-07,1997-10-27,,-0.06120058540592843,15.0,0.740095990625788,P0
P0 MKT,C_80,E1998_ltcm,0.23464191148233907,,-0.06677443440066244,,,market_factor_A0_calendar,0.03089765772645392,1998-07-17,1998-08-05,1998-08-05,-0.06677443440066244,14.0,0.8537673994712349,P0
P0 MKT,C_80,E2000_02_dotcom,-0.7069642805313677,,-0.030106241451178684,,,market_factor_A0_calendar,0.07938270769085554,2000-07-03,2000-07-27,2000-07-07,-0.006800686721731397,18.0,0.42455999175653913,P0
P0 MKT,C_80,E2007_09_gfc,-0.3340916275218741,,-0.07906323740822196,,,market_factor_A0_calendar,-0.005074307147918011,2007-10-09,2008-01-22,,-0.07906323740822196,72.0,0.6139776556004788,P0
P0 MKT,C_80,E2011_eu_us,-0.9164645640687664,,-0.10379376229580162,,,market_factor_A0_calendar,-0.06360404795751917,2011-05-02,2011-10-03,2011-08-05,-0.07345544474642585,108.0,0.8480565900238234,P0
P0 MKT,C_80,E2015_16_china,,,0.0,,,market_factor_A0_calendar,0.0,2015-06-01,2015-06-01,,0.0,1.0,0.0,P0
P0 MKT,C_80,K1995_99_bull,1.0879934794011157,,-0.09614188058109974,,,calm_controls,0.9905934276980743,1999-07-16,1999-10-15,1999-08-10,-0.05782947276578154,65.0,0.6463854748877794,P0
P0 MKT,C_80,K2013_14_bull,1.2608947655248068,,-0.044339672095887406,,,calm_controls,0.23531818569392504,2014-01-15,2014-02-03,,-0.044339672095887406,13.0,0.7830538532057125,P0
P0 MKT,C_80,A_bull_2021,1.006047849219967,,-0.04961891887093661,,,calm_controls,0.09472315435268008,2021-09-02,2021-10-04,,-0.04961891887093661,22.0,1.0,P0
P0 MKT,C_80,D_recent_2025plus,0.5494927367979465,,-0.07494527665935025,,,calm_controls,0.1400048610788962,2026-01-12,2026-03-30,,-0.07494527665935025,54.0,0.9612647846374331,P0
P0 MKT,buy_hold,FULL,0.4864860478078328,0.6651653976718863,-0.6547891063332446,0.0,,,,,,,,,,P0
P0 MKT,buy_hold,E_bear_2018q4,-0.39886980097777225,,-0.20446131952210556,,,modern_folds,-0.03520894824313259,2018-09-20,2018-12-24,,-0.20446131952210556,66.0,1.0,P0
P0 MKT,buy_hold,X_2020_covid,0.8217686448013993,,-0.34216280934892906,,,modern_folds,0.24075629356217743,2020-02-19,2020-03-23,,-0.34216280934892906,24.0,1.0,P0
P0 MKT,buy_hold,B_bear_2022,-0.8072701695819832,,-0.25449072389442295,,,modern_folds,-0.19955554850414636,2022-01-03,2022-10-14,,-0.25449072389442295,198.0,1.0,P0
P0 MKT,buy_hold,E1973_oil_bear,-1.7657518863347808,,-0.4815948240000787,,,market_factor_A0_calendar,-0.4161731093790002,1973-01-11,1974-10-03,,-0.4815948240000787,437.0,1.0,P0
P0 MKT,buy_hold,E1987_crash,-0.964906054069896,,-0.3311424555262713,,,market_factor_A0_calendar,-0.18292992676970443,1987-08-25,1987-12-04,,-0.3311424555262713,72.0,1.0,P0
P0 MKT,buy_hold,E1990_recession,0.14117432221966128,,-0.20795377547096017,,,market_factor_A0_calendar,0.0688323213357327,1990-07-16,1990-10-11,,-0.20795377547096017,63.0,1.0,P0
P0 MKT,buy_hold,E1997_asia,0.8938657774443861,,-0.09915415450873999,,,market_factor_A0_calendar,0.12179254574211273,1997-10-07,1997-10-27,,-0.09915415450873999,15.0,1.0,P0
P0 MKT,buy_hold,E1998_ltcm,0.5031816365443541,,-0.21919900622835453,,,market_factor_A0_calendar,0.07357763613715718,1998-07-17,1998-10-08,,-0.21919900622835453,59.0,1.0,P0
P0 MKT,buy_hold,E2000_02_dotcom,-0.7094852166109467,,-0.49225604938802137,,,market_factor_A0_calendar,-0.36617091507350064,2000-03-24,2002-10-09,,-0.49225604938802137,638.0,1.0,P0
P0 MKT,buy_hold,E2007_09_gfc,-0.5536591843744181,,-0.5456553593385387,,,market_factor_A0_calendar,-0.3549696209582007,2007-10-09,2009-03-09,,-0.5456553593385387,356.0,1.0,P0
P0 MKT,buy_hold,E2011_eu_us,-0.29184440622734364,,-0.20084582901465742,,,market_factor_A0_calendar,-0.07880665551722632,2011-05-02,2011-10-03,,-0.20084582901465742,108.0,1.0,P0
P0 MKT,buy_hold,E2015_16_china,-0.08760615346229954,,-0.15527445300139786,,,market_factor_A0_calendar,-0.025770844832090134,2015-06-23,2016-02-11,,-0.15527445300139786,162.0,1.0,P0
P0 MKT,buy_hold,K1995_99_bull,1.3657583114057847,,-0.2191990062283551,,,calm_controls,2.398112202880352,1998-07-17,1998-10-08,,-0.2191990062283551,59.0,1.0,P0
P0 MKT,buy_hold,K2013_14_bull,1.8252436123021951,,-0.07750780468545981,,,calm_controls,0.5087578237008581,2014-09-18,2014-10-15,,-0.07750780468545981,20.0,1.0,P0
P0 MKT,buy_hold,A_bull_2021,1.598235839603187,,-0.054922582069259374,,,calm_controls,0.2384275475481441,2021-02-12,2021-03-04,,-0.054922582069259374,14.0,1.0,P0
P0 MKT,buy_hold,D_recent_2025plus,0.8356674544123726,,-0.19557597035866303,,,calm_controls,0.30194626995606244,2025-02-19,2025-04-08,,-0.19557597035866303,35.0,1.0,P0
P0 MKT,D_shock,FULL,0.6090087571601369,1.322543322096201,-0.2653906559935364,3.248814411829653,,,,,,,,,,P0
P0 MKT,D_shock,E_bear_2018q4,-2.0039441584945688,,-0.06197453399581865,,,modern_folds,-0.04517661891047264,2018-09-20,2018-10-11,2018-10-11,-0.06197453399581865,16.0,1.0,P0
P0 MKT,D_shock,X_2020_covid,1.2548147965011562,,-0.06170368307117868,,,modern_folds,0.09592583034802038,2020-02-19,2020-02-28,2020-02-25,-0.049370265532895696,8.0,0.8472473970186437,P0
P0 MKT,D_shock,B_bear_2022,-2.1536260324606302,,-0.060229648353214094,,,modern_folds,-0.046142601908555236,2022-01-03,2022-08-24,2022-01-20,-0.04132539028508375,162.0,0.5398525380613541,P0
P0 MKT,D_shock,E1973_oil_bear,-1.9165370400446016,,-0.11580341132620231,,,market_factor_A0_calendar,-0.018293164040985244,1973-01-11,1973-11-07,1973-03-23,-0.11253756667842119,209.0,1.0,P0
P0 MKT,D_shock,E1987_crash,-0.6242441629408162,,-0.06139283765887882,,,market_factor_A0_calendar,0.004397020580227284,1987-08-25,1987-10-13,1987-09-21,-0.05341560040762228,35.0,0.8620315890779868,P0
P0 MKT,D_shock,E1990_recession,0.09764324854939462,,-0.03576539262682721,,,market_factor_A0_calendar,0.06371655242543595,1990-07-16,1990-07-27,,-0.03576539262682721,10.0,0.8494312885800077,P0
P0 MKT,D_shock,E1997_asia,0.11333287698020272,,-0.07137005571178223,,,market_factor_A0_calendar,0.03391457630938066,1997-10-07,1997-11-12,1997-10-28,-0.0704397198003236,27.0,0.6988347731516081,P0
P0 MKT,D_shock,E1998_ltcm,-0.11258085685269793,,-0.07870826999375069,,,market_factor_A0_calendar,0.01782558795722422,1998-07-17,1998-08-05,1998-08-05,-0.07870826999375069,14.0,0.7306490263121221,P0
P0 MKT,D_shock,E2000_02_dotcom,-0.7073626800980651,,-0.03010624145117835,,,market_factor_A0_calendar,0.07930241579013408,2000-07-03,2000-07-27,2000-07-07,-0.006800686721731286,18.0,0.42455999175653913,P0
P0 MKT,D_shock,E2007_09_gfc,-0.32074741500009324,,-0.0855485734775463,,,market_factor_A0_calendar,-0.0066214996659770264,2007-10-09,2008-01-22,,-0.0855485734775463,72.0,0.6139776556004788,P0
P0 MKT,D_shock,E2011_eu_us,-0.888141508526642,,-0.10464843122621281,,,market_factor_A0_calendar,-0.06417031138864049,2011-07-07,2011-10-03,2011-08-05,-0.07873699799231981,62.0,0.7330766782351138,P0
P0 MKT,D_shock,E2015_16_china,,,0.0,,,market_factor_A0_calendar,0.0,2015-06-01,2015-06-01,,0.0,1.0,0.0,P0
P0 MKT,D_shock,K1995_99_bull,0.9908392921730877,,-0.10321033558536297,,,calm_controls,0.9414311166953753,1999-07-16,1999-10-15,1999-08-10,-0.061904514262705934,65.0,0.6785500668650531,P0
P0 MKT,D_shock,K2013_14_bull,1.3301211984608203,,-0.051034953781127324,,,calm_controls,0.2656223905855315,2014-01-15,2014-02-03,2014-01-27,-0.03328083796047698,13.0,1.0,P0
P0 MKT,D_shock,A_bull_2021,1.2208339508385966,,-0.053991020451896854,,,calm_controls,0.11773511015510696,2021-09-02,2021-10-04,2021-09-21,-0.039934460091731405,22.0,0.9699880082166998,P0
P0 MKT,D_shock,D_recent_2025plus,0.4746090696753619,,-0.08251570930282115,,,calm_controls,0.13168917291718918,2026-01-12,2026-03-30,2026-01-21,-0.024842891369829645,54.0,0.925975637615611,P0
P0 MKT,D_shock_on_C_85,FULL,0.6013345257231205,1.3602792973186404,-0.24794802328455845,3.976284878718257,,,,,,,,,,P0
P0 MKT,D_shock_on_C_85,E_bear_2018q4,-2.0015242366061345,,-0.06002820720206559,,,modern_folds,-0.043619183973343856,2018-09-20,2018-10-11,2018-10-11,-0.06002820720206559,16.0,1.0,P0
P0 MKT,D_shock_on_C_85,X_2020_covid,1.2452156916845158,,-0.05632966164249775,,,modern_folds,0.09270005955032912,2020-02-19,2020-02-28,2020-02-25,-0.04720517165365645,8.0,0.8481193328227359,P0
P0 MKT,D_shock_on_C_85,B_bear_2022,-2.1478930089159083,,-0.057602675523303004,,,modern_folds,-0.04307227067554453,2022-01-03,2022-08-24,2022-01-20,-0.03864557372348043,162.0,0.5987391862427112,P0
P0 MKT,D_shock_on_C_85,E1973_oil_bear,-1.9051923083122186,,-0.11095526390289712,,,market_factor_A0_calendar,-0.012910357176352916,1973-01-11,1973-11-07,1973-03-23,-0.10644209381648395,209.0,1.0,P0
P0 MKT,D_shock_on_C_85,E1987_crash,-0.5275445592032071,,-0.053114458234513995,,,market_factor_A0_calendar,0.009589167428436296,1987-08-25,1987-10-13,1987-09-21,-0.04365450153702366,35.0,0.7087696076262086,P0
P0 MKT,D_shock_on_C_85,E1990_recession,0.04570194449583074,,-0.040216161551961616,,,market_factor_A0_calendar,0.0611192905574347,1990-07-16,1990-07-27,,-0.040216161551961616,10.0,0.953044882623601,P0
P0 MKT,D_shock_on_C_85,E1997_asia,0.2501954968156041,,-0.0666602870108377,,,market_factor_A0_calendar,0.0424155521445686,1997-10-07,1997-11-12,1997-10-28,-0.06396578198217451,27.0,0.7957997377552427,P0
P0 MKT,D_shock_on_C_85,E1998_ltcm,0.08320175787292534,,-0.07200136380455546,,,market_factor_A0_calendar,0.025441722584003124,1998-07-17,1998-08-05,1998-08-05,-0.07200136380455546,14.0,0.7356449324429927,P0
P0 MKT,D_shock_on_C_85,E2000_02_dotcom,-0.6550356751365843,,-0.03010624145117835,,,market_factor_A0_calendar,0.0818543445725628,2000-07-03,2000-07-27,2000-07-07,-0.006800686721731286,18.0,0.42455999175653913,P0
P0 MKT,D_shock_on_C_85,E2007_09_gfc,-0.34846194914702733,,-0.08198471952455,,,market_factor_A0_calendar,-0.006957646722915989,2007-10-09,2008-01-22,,-0.08198471952455,72.0,0.5979782737903084,P0
P0 MKT,D_shock_on_C_85,E2011_eu_us,-0.758729487707022,,-0.09714235376937785,,,market_factor_A0_calendar,-0.05198035935627854,2011-07-07,2011-10-03,2011-08-05,-0.06707112014608652,62.0,0.5952377078292457,P0
P0 MKT,D_shock_on_C_85,E2015_16_china,,,0.0,,,market_factor_A0_calendar,0.0,2015-06-01,2015-06-01,,0.0,1.0,0.0,P0
P0 MKT,D_shock_on_C_85,K1995_99_bull,1.0239434058886139,,-0.0968897285278072,,,calm_controls,0.939799207264064,1999-07-16,1999-10-15,1999-08-10,-0.0588182688637251,65.0,0.6463854748877794,P0
P0 MKT,D_shock_on_C_85,K2013_14_bull,1.2531972568032554,,-0.04802343433038647,,,calm_controls,0.23616402596775754,2014-01-22,2014-02-03,2014-01-27,-0.0326420848940252,9.0,0.9983295779715031,P0
P0 MKT,D_shock_on_C_85,A_bull_2021,1.071015209405909,,-0.056464050765688834,,,calm_controls,0.09944939575294232,2021-09-02,2021-10-04,2021-09-21,-0.040287834666376754,22.0,1.0,P0
P0 MKT,D_shock_on_C_85,D_recent_2025plus,0.4257511176992503,,-0.08331764623560467,,,calm_controls,0.12202105419132825,2026-01-12,2026-03-30,2026-01-21,-0.024190795418409516,54.0,0.9612647846374331,P0
P0 MKT,D_shock_on_C_80,FULL,0.590013144378456,1.3835654649158415,-0.24343446678714742,4.642863909178467,,,,,,,,,,P0
P0 MKT,D_shock_on_C_80,E_bear_2018q4,-1.9997199710255271,,-0.05972285080622419,,,modern_folds,-0.043327689524169544,2018-09-20,2018-10-19,2018-10-11,-0.05952048217239203,22.0,1.0,P0
P0 MKT,D_shock_on_C_80,X_2020_covid,1.1592845267117464,,-0.058407127511574064,,,modern_folds,0.08657469336642754,2020-02-19,2020-02-28,2020-02-25,-0.05007934078615883,8.0,0.7868473900150067,P0
P0 MKT,D_shock_on_C_80,B_bear_2022,-2.105029218282248,,-0.05770062606975357,,,modern_folds,-0.04312759075744832,2022-01-03,2022-08-24,2022-01-20,-0.03874549462620469,162.0,0.6166058147529548,P0
P0 MKT,D_shock_on_C_80,E1973_oil_bear,-1.9680079558981813,,-0.11249063063161047,,,market_factor_A0_calendar,-0.014615045966820173,1973-01-11,1973-11-07,1973-03-23,-0.11059320509497184,209.0,1.0,P0
P0 MKT,D_shock_on_C_80,E1987_crash,-0.5038584117446043,,-0.04925917021457238,,,market_factor_A0_calendar,0.010594398894357537,1987-08-25,1987-10-13,1987-09-21,-0.04203110398219312,35.0,0.7371581333240672,P0
P0 MKT,D_shock_on_C_80,E1990_recession,0.033499366243593426,,-0.0378460425791356,,,market_factor_A0_calendar,0.06052030091316407,1990-07-16,1990-07-27,,-0.0378460425791356,10.0,0.8967460535258945,P0
P0 MKT,D_shock_on_C_80,E1997_asia,0.20704436663549672,,-0.06529902510004437,,,market_factor_A0_calendar,0.039620404476523596,1997-10-07,1997-11-12,1997-10-28,-0.06120058540592843,27.0,0.740095990625788,P0
P0 MKT,D_shock_on_C_80,E1998_ltcm,0.23464191148233907,,-0.06677443440066244,,,market_factor_A0_calendar,0.03089765772645392,1998-07-17,1998-08-05,1998-08-05,-0.06677443440066244,14.0,0.8537673994712349,P0
P0 MKT,D_shock_on_C_80,E2000_02_dotcom,-0.7069642805313677,,-0.030106241451178684,,,market_factor_A0_calendar,0.07938270769085554,2000-07-03,2000-07-27,2000-07-07,-0.006800686721731397,18.0,0.42455999175653913,P0
P0 MKT,D_shock_on_C_80,E2007_09_gfc,-0.3340916275218741,,-0.07906323740822196,,,market_factor_A0_calendar,-0.005074307147918011,2007-10-09,2008-01-22,,-0.07906323740822196,72.0,0.6139776556004788,P0
P0 MKT,D_shock_on_C_80,E2011_eu_us,-0.7356826378721586,,-0.09055204353541335,,,market_factor_A0_calendar,-0.04983060400239758,2011-07-07,2011-10-03,2011-08-05,-0.06882969581690945,62.0,0.5803319226810982,P0
P0 MKT,D_shock_on_C_80,E2015_16_china,,,0.0,,,market_factor_A0_calendar,0.0,2015-06-01,2015-06-01,,0.0,1.0,0.0,P0
P0 MKT,D_shock_on_C_80,K1995_99_bull,1.0419904469498038,,-0.09614188058109963,,,calm_controls,0.9469384800170115,1999-07-16,1999-10-15,1999-08-10,-0.05782947276578165,65.0,0.6463854748877794,P0
P0 MKT,D_shock_on_C_80,K2013_14_bull,1.23990443463348,,-0.04551574006932657,,,calm_controls,0.2296353881627542,2014-01-15,2014-02-03,2014-01-27,-0.030454390123164976,13.0,0.7830538532057125,P0
P0 MKT,D_shock_on_C_80,A_bull_2021,0.9729251012479838,,-0.05642868771381715,,,calm_controls,0.08800523210806355,2021-09-02,2021-10-04,2021-09-21,-0.04032244091845483,22.0,1.0,P0
P0 MKT,D_shock_on_C_80,D_recent_2025plus,0.4513137323051,,-0.08018439984662462,,,calm_controls,0.12546176024049105,2026-01-12,2026-03-30,2026-01-21,-0.024190795418409627,54.0,0.9612647846374331,P0
P1 SPY,incumbent,FULL,0.5601905849574929,1.5078832448133084,-0.11175579417970649,2.3255470874651722,0.0157489135808187,,,,,,,,,P1
P1 SPY,incumbent,E_bear_2018q4,-1.582510611320116,,-0.06303971690596899,,,modern_folds,-0.03700135378022129,2018-09-20,2018-10-11,,-0.06303971690596899,16.0,1.0,P1
P1 SPY,incumbent,X_2020_covid,0.8345546984543809,,-0.0806917317689062,,,modern_folds,0.0713461927188006,2020-02-19,2020-02-28,2020-02-28,-0.0806917317689062,8.0,0.8426847986603313,P1
P1 SPY,incumbent,B_bear_2022,-2.2532504114152827,,-0.0804431637016031,,,modern_folds,-0.06743775582192502,2022-01-03,2022-08-30,2022-01-26,-0.06228967988497014,166.0,0.5954298883283082,P1
P1 SPY,incumbent,E2000_02_dotcom,-0.6208908493596865,,-0.00709521586685069,,,market_factor_A0_calendar,0.10834649977743105,2000-03-29,2000-03-31,,-0.00709521586685069,3.0,0.0,P1
P1 SPY,incumbent,E2007_09_gfc,-0.6739389629809593,,-0.09347710152734479,,,market_factor_A0_calendar,-0.04266079213280993,2007-10-09,2008-03-10,2008-02-21,-0.09176527983442817,105.0,0.6499506812395854,P1
P1 SPY,incumbent,E2011_eu_us,-0.9464773022516008,,-0.11056782739538507,,,market_factor_A0_calendar,-0.07112501335273014,2011-05-02,2011-10-03,2011-08-05,-0.08039445976079063,108.0,0.8705074715411538,P1
P1 SPY,incumbent,E2015_16_china,,,0.0,,,market_factor_A0_calendar,0.0,2015-06-01,2015-06-01,,0.0,1.0,0.0,P1
P1 SPY,incumbent,K2013_14_bull,1.3151394416700886,,-0.06158010805521208,,,calm_controls,0.2681717162794768,2014-09-18,2014-10-16,,-0.06158010805521208,21.0,1.0,P1
P1 SPY,incumbent,A_bull_2021,1.707965985428044,,-0.045972604264163164,,,calm_controls,0.18276189624528016,2021-09-02,2021-09-30,,-0.045972604264163164,20.0,1.0,P1
P1 SPY,incumbent,D_recent_2025plus,0.5585255386100925,,-0.07659235852376511,,,calm_controls,0.1628261998604814,2026-01-12,2026-03-31,2026-03-31,-0.07659235852376511,55.0,0.9672243493326175,P1
P1 SPY,C_85,FULL,0.5438057359043763,1.565607180194258,-0.10478695641786362,3.433469600242594,0.01406329868042448,,,,,,,,,P1
P1 SPY,C_85,E_bear_2018q4,-1.6029860708746269,,-0.058311603983729365,,,modern_folds,-0.033635193517305706,2018-09-20,2018-10-11,2018-10-11,-0.058311603983729365,16.0,1.0,P1
P1 SPY,C_85,X_2020_covid,0.8106987676450415,,-0.06951187706416873,,,modern_folds,0.06537641107685999,2020-02-19,2020-02-28,2020-02-26,-0.05362471715566697,8.0,0.8398259592151763,P1
P1 SPY,C_85,B_bear_2022,-2.209768699558637,,-0.07921874909022442,,,modern_folds,-0.06632355306607374,2022-01-03,2022-08-30,2022-01-26,-0.061708821143189985,166.0,0.5717832574462721,P1
P1 SPY,C_85,E2000_02_dotcom,-0.6208908493596865,,-0.00709521586685069,,,market_factor_A0_calendar,0.10834649977743105,2000-03-29,2000-03-31,,-0.00709521586685069,3.0,0.0,P1
P1 SPY,C_85,E2007_09_gfc,-0.6367386712379598,,-0.08674308936382491,,,market_factor_A0_calendar,-0.03402006403368496,2007-10-09,2008-03-10,2008-02-21,-0.08474007135407169,105.0,0.6305659733104506,P1
P1 SPY,C_85,E2011_eu_us,-0.8182860457300943,,-0.09813427806098796,,,market_factor_A0_calendar,-0.058290226019672486,2011-05-02,2011-10-03,2011-08-05,-0.07413117674321468,108.0,0.805559253792197,P1
P1 SPY,C_85,E2015_16_china,,,0.0,,,market_factor_A0_calendar,0.0,2015-06-01,2015-06-01,,0.0,1.0,0.0,P1
P1 SPY,C_85,K2013_14_bull,1.2915293245267636,,-0.04922589530837396,,,calm_controls,0.24281173694619618,2014-09-18,2014-10-16,2014-10-10,-0.03855830795576087,21.0,1.0,P1
P1 SPY,C_85,A_bull_2021,1.5480044447319532,,-0.04674249679156872,,,calm_controls,0.1512495867100443,2021-09-02,2021-10-04,,-0.04674249679156872,22.0,0.9878113561462415,P1
P1 SPY,C_85,D_recent_2025plus,0.4740059764268301,,-0.07457079710221681,,,calm_controls,0.144751913188516,2026-01-12,2026-03-31,2026-03-31,-0.07457079710221681,55.0,1.0,P1
P1 SPY,C_80,FULL,0.5278260970620798,1.5166550077005307,-0.10346109554801874,4.220847608305814,0.014174030511746219,,,,,,,,,P1
P1 SPY,C_80,E_bear_2018q4,-1.6438096632497023,,-0.057077148261807764,,,modern_folds,-0.033823957567316154,2018-09-20,2018-10-11,2018-10-11,-0.057077148261807764,16.0,1.0,P1
P1 SPY,C_80,X_2020_covid,0.8370630887318534,,-0.07048021451186037,,,modern_folds,0.06600473863505063,2020-02-19,2020-06-26,2020-02-26,-0.055680917800570606,91.0,0.7758798889338082,P1
P1 SPY,C_80,B_bear_2022,-2.15235609784437,,-0.07524076757541953,,,modern_folds,-0.062253764915740306,2022-01-03,2022-08-30,2022-01-26,-0.05785311719334474,166.0,0.5784475412752718,P1
P1 SPY,C_80,E2000_02_dotcom,-0.6208908493596865,,-0.00709521586685069,,,market_factor_A0_calendar,0.10834649977743105,2000-03-29,2000-03-31,,-0.00709521586685069,3.0,0.0,P1
P1 SPY,C_80,E2007_09_gfc,-0.6767825417711537,,-0.0902523080993961,,,market_factor_A0_calendar,-0.03810542427468544,2007-10-09,2008-03-10,2008-02-21,-0.08597326408249184,105.0,0.6176333619488735,P1
P1 SPY,C_80,E2011_eu_us,-0.8269363419242464,,-0.09919365817897463,,,market_factor_A0_calendar,-0.057610153394131225,2011-05-02,2011-10-03,2011-08-05,-0.07538145717027078,108.0,0.7822424961555386,P1
P1 SPY,C_80,E2015_16_china,,,0.0,,,market_factor_A0_calendar,0.0,2015-06-01,2015-06-01,,0.0,1.0,0.0,P1
P1 SPY,C_80,K2013_14_bull,1.2555677348075025,,-0.04986801684946163,,,calm_controls,0.2336053541656613,2014-09-18,2014-10-16,2014-10-10,-0.03993890670361999,21.0,1.0,P1
P1 SPY,C_80,A_bull_2021,1.3942151327736332,,-0.049239041700818276,,,calm_controls,0.13523636140589446,2021-09-02,2021-10-04,,-0.049239041700818276,22.0,1.0,P1
P1 SPY,C_80,D_recent_2025plus,0.46987297805705364,,-0.07525210867087184,,,calm_controls,0.14365734082596737,2026-01-12,2026-03-31,2026-03-31,-0.07525210867087184,55.0,0.8984237382979339,P1
P1 SPY,buy_hold,FULL,0.4264502835652232,0.5524272738458899,-0.5519076395778839,0.0,,,,,,,,,,P1
P1 SPY,buy_hold,E_bear_2018q4,-0.3632610096842317,,-0.19346772332076612,,,modern_folds,-0.030073140367258167,2018-09-20,2018-12-24,,-0.19346772332076612,66.0,1.0,P1
P1 SPY,buy_hold,X_2020_covid,0.6898896052536962,,-0.33717009273069154,,,modern_folds,0.1837834151663953,2020-02-19,2020-03-23,,-0.33717009273069154,24.0,1.0,P1
P1 SPY,buy_hold,B_bear_2022,-0.7624118230643652,,-0.24496106785317096,,,modern_folds,-0.18173681501868477,2022-01-03,2022-10-12,,-0.24496106785317096,196.0,1.0,P1
P1 SPY,buy_hold,E2000_02_dotcom,-0.6400991577647525,,-0.4751088985687627,,,market_factor_A0_calendar,-0.332481412639406,2000-03-24,2002-10-09,,-0.4751088985687627,638.0,1.0,P1
P1 SPY,buy_hold,E2007_09_gfc,-0.5791117207597521,,-0.5519076395778838,,,market_factor_A0_calendar,-0.3716003700277516,2007-10-09,2009-03-09,,-0.5519076395778838,356.0,1.0,P1
P1 SPY,buy_hold,E2011_eu_us,-0.23910927064804474,,-0.18488282750672236,,,market_factor_A0_calendar,-0.06501726121979157,2011-05-02,2011-10-03,,-0.18488282750672236,108.0,1.0,P1
P1 SPY,buy_hold,E2015_16_china,0.04804444837712448,,-0.13016249153689852,,,market_factor_A0_calendar,-0.005822582486583405,2015-07-20,2016-02-11,,-0.13016249153689852,144.0,1.0,P1
P1 SPY,buy_hold,K2013_14_bull,1.8774175647877422,,-0.07272286528089233,,,calm_controls,0.5012821646476231,2014-09-18,2014-10-16,,-0.07272286528089233,21.0,1.0,P1
P1 SPY,buy_hold,A_bull_2021,2.009568947090926,,-0.051159167099484426,,,calm_controls,0.2872573304913877,2021-09-02,2021-10-04,,-0.051159167099484426,22.0,1.0,P1
P1 SPY,buy_hold,D_recent_2025plus,0.8559322358980365,,-0.18754770834024748,,,calm_controls,0.34268161466106584,2025-02-19,2025-04-08,,-0.18754770834024748,35.0,1.0,P1
P1 SPY,D_shock,FULL,0.5358960787494675,1.4208039233747651,-0.10909507835034282,3.2626795233493087,,,,,,,,,,P1
P1 SPY,D_shock,E_bear_2018q4,-1.863071383951314,,-0.057797719022739336,,,modern_folds,-0.038938235916791575,2018-09-20,2018-10-23,2018-10-11,-0.05572404211075155,24.0,1.0,P1
P1 SPY,D_shock,X_2020_covid,0.9437893214867279,,-0.06738408573084831,,,modern_folds,0.07158729127423036,2020-02-19,2020-06-26,2020-02-25,-0.04851760758378143,91.0,0.8427305621874781,P1
P1 SPY,D_shock,B_bear_2022,-2.2334553589481825,,-0.08103824915448876,,,modern_folds,-0.06812250387315844,2022-01-03,2022-08-30,2022-01-26,-0.06289651325132051,166.0,0.5803352437761021,P1
P1 SPY,D_shock,E2000_02_dotcom,-0.6208908493596865,,-0.00709521586685069,,,market_factor_A0_calendar,0.10834649977743105,2000-03-29,2000-03-31,,-0.00709521586685069,3.0,0.0,P1
P1 SPY,D_shock,E2007_09_gfc,-0.7678794884397072,,-0.10218220445635717,,,market_factor_A0_calendar,-0.051853870825586346,2007-10-09,2008-03-10,2007-10-22,-0.031218208334696795,105.0,0.6499506812395854,P1
P1 SPY,D_shock,E2011_eu_us,-0.8561273682417713,,-0.10376123049901642,,,market_factor_A0_calendar,-0.061013827920171404,2011-05-02,2011-10-03,2011-06-02,-0.029433090811572638,108.0,0.8965934739740071,P1
P1 SPY,D_shock,E2015_16_china,,,0.0,,,market_factor_A0_calendar,0.0,2015-06-01,2015-06-01,,0.0,1.0,0.0,P1
P1 SPY,D_shock,K2013_14_bull,1.3978114635241023,,-0.055583990991471044,,,calm_controls,0.2805043148530517,2014-09-18,2014-10-16,2014-09-26,-0.02260469062481063,21.0,1.0,P1
P1 SPY,D_shock,A_bull_2021,1.7470548766601584,,-0.04597260426416305,,,calm_controls,0.18081968971346707,2021-09-02,2021-09-30,,-0.04597260426416305,20.0,1.0,P1
P1 SPY,D_shock,D_recent_2025plus,0.47990295473805666,,-0.08212110582259124,,,calm_controls,0.14756207818267542,2026-01-12,2026-03-31,2026-01-21,-0.025131550868734642,55.0,0.9672243493326175,P1
P1 SPY,D_shock_on_C_85,FULL,0.5173291781526148,1.4846224872212745,-0.10051630180615678,4.055722377804921,,,,,,,,,,P1
P1 SPY,D_shock_on_C_85,E_bear_2018q4,-1.8265303812381903,,-0.0552695287061683,,,modern_folds,-0.03635944037082639,2018-09-20,2018-10-23,2018-10-11,-0.05335998564963185,24.0,1.0,P1
P1 SPY,D_shock_on_C_85,X_2020_covid,0.8571091354859244,,-0.0658973188471228,,,modern_folds,0.06373194087999479,2020-02-19,2020-06-26,2020-02-25,-0.046218999753324774,91.0,0.8398259592151763,P1
P1 SPY,D_shock_on_C_85,B_bear_2022,-2.209768699558637,,-0.07921874909022442,,,modern_folds,-0.06632355306607374,2022-01-03,2022-08-30,2022-01-26,-0.061708821143189985,166.0,0.5717832574462721,P1
P1 SPY,D_shock_on_C_85,E2000_02_dotcom,-0.6208908493596865,,-0.00709521586685069,,,market_factor_A0_calendar,0.10834649977743105,2000-03-29,2000-03-31,,-0.00709521586685069,3.0,0.0,P1
P1 SPY,D_shock_on_C_85,E2007_09_gfc,-0.7263121422533634,,-0.09403944648935947,,,market_factor_A0_calendar,-0.04173764547963488,2007-10-09,2008-03-10,2007-10-22,-0.030777735819983,105.0,0.6305659733104506,P1
P1 SPY,D_shock_on_C_85,E2011_eu_us,-0.7394886116366368,,-0.09469153433129729,,,market_factor_A0_calendar,-0.05144620286342183,2011-05-02,2011-10-03,2011-06-02,-0.03029818997016398,108.0,0.9233983770699532,P1
P1 SPY,D_shock_on_C_85,E2015_16_china,,,0.0,,,market_factor_A0_calendar,0.0,2015-06-01,2015-06-01,,0.0,1.0,0.0,P1
P1 SPY,D_shock_on_C_85,K2013_14_bull,1.2788059217928638,,-0.04929355472700714,,,calm_controls,0.23837324412146432,2013-12-31,2014-02-03,2014-01-27,-0.03386667637926122,23.0,0.9570459075460473,P1
P1 SPY,D_shock_on_C_85,A_bull_2021,1.5607602158585667,,-0.0467424967915685,,,calm_controls,0.14878070567314405,2021-09-02,2021-10-04,,-0.0467424967915685,22.0,0.9878113561462415,P1
P1 SPY,D_shock_on_C_85,D_recent_2025plus,0.3583961860067384,,-0.08322789771120254,,,calm_controls,0.12541526516533041,2026-01-12,2026-03-31,2026-01-21,-0.025292841648590247,55.0,1.0,P1
P1 SPY,D_shock_on_C_80,FULL,0.5057979280491803,1.4482151470589346,-0.10124001344415468,4.807134054153402,,,,,,,,,,P1
P1 SPY,D_shock_on_C_80,E_bear_2018q4,-1.8182794756126572,,-0.05479781904964498,,,modern_folds,-0.03587828879245991,2018-09-20,2018-10-23,2018-10-11,-0.05274275778867099,24.0,1.0,P1
P1 SPY,D_shock_on_C_80,X_2020_covid,0.7840546119077768,,-0.06801470961107792,,,modern_folds,0.05893699000181174,2020-02-19,2020-06-26,2020-02-25,-0.049089402727102605,91.0,0.7758798889338082,P1
P1 SPY,D_shock_on_C_80,B_bear_2022,-2.1535447444663998,,-0.07449304944343083,,,modern_folds,-0.06118584703911223,2022-01-03,2022-08-30,2022-01-26,-0.057091340200403295,166.0,0.6355792603611168,P1
P1 SPY,D_shock_on_C_80,E2000_02_dotcom,-0.6208908493596865,,-0.00709521586685069,,,market_factor_A0_calendar,0.10834649977743105,2000-03-29,2000-03-31,,-0.00709521586685069,3.0,0.0,P1
P1 SPY,D_shock_on_C_80,E2007_09_gfc,-0.7609762035211802,,-0.09719401711994191,,,market_factor_A0_calendar,-0.045445033171276794,2007-10-09,2008-03-10,2007-10-22,-0.02969867498699663,105.0,0.6176333619488735,P1
P1 SPY,D_shock_on_C_80,E2011_eu_us,-0.714318304863434,,-0.0910771180268859,,,market_factor_A0_calendar,-0.04911893316866678,2011-05-02,2011-10-03,2011-06-02,-0.032436264084508726,108.0,0.7822424961555386,P1
P1 SPY,D_shock_on_C_80,E2015_16_china,,,0.0,,,market_factor_A0_calendar,0.0,2015-06-01,2015-06-01,,0.0,1.0,0.0,P1
P1 SPY,D_shock_on_C_80,K2013_14_bull,1.294910859740994,,-0.049868016849461294,,,calm_controls,0.2402233736146986,2014-09-18,2014-10-16,2014-10-10,-0.03993890670361966,21.0,1.0,P1
P1 SPY,D_shock_on_C_80,A_bull_2021,1.4167230240678428,,-0.0492390417008175,,,calm_controls,0.1334510113623819,2021-09-02,2021-10-04,,-0.0492390417008175,22.0,1.0,P1
P1 SPY,D_shock_on_C_80,D_recent_2025plus,0.3649297211479763,,-0.08055031323640116,,,calm_controls,0.12643149847883617,2026-01-12,2026-03-31,2026-01-21,-0.025372108699791784,55.0,0.8984237382979339,P1
P1 QQQ,incumbent,FULL,0.8076248430426127,2.3751473069951006,-0.10081139971791064,2.502379755348891,0.01476869791434035,,,,,,,,,P1
P1 QQQ,incumbent,E_bear_2018q4,-2.097147156749041,,-0.077773821688915,,,modern_folds,-0.07023097100662523,2018-10-01,2018-10-25,2018-10-17,-0.07197371575225175,19.0,0.8238272775061795,P1
P1 QQQ,incumbent,X_2020_covid,1.2176660428908572,,-0.08916718762840659,,,modern_folds,0.11425387434327994,2020-02-19,2020-04-21,2020-02-28,-0.0763543901895789,44.0,0.6833228976001032,P1
P1 QQQ,incumbent,B_bear_2022,,,0.0,,,modern_folds,0.012881409782865116,2022-01-03,2022-01-03,,0.0,1.0,0.0,P1
P1 QQQ,incumbent,E2007_09_gfc,0.11362392519288182,,-0.05609207598589683,,,market_factor_A0_calendar,0.034318737926252174,2007-10-31,2007-11-12,,-0.05609207598589683,9.0,0.5456422373993298,P1
P1 QQQ,incumbent,E2011_eu_us,-0.6757517017505437,,-0.0820042491242865,,,market_factor_A0_calendar,-0.05128419002913798,2011-05-10,2011-08-19,2011-08-05,-0.06278502292991983,72.0,0.801029998090677,P1
P1 QQQ,incumbent,E2015_16_china,0.10727235442994003,,-0.015959859743804206,,,market_factor_A0_calendar,0.001977344759943822,2015-06-01,2015-06-09,,-0.015959859743804206,7.0,0.7324856715820257,P1
P1 QQQ,incumbent,K2013_14_bull,1.8771697784649939,,-0.05127363979186106,,,calm_controls,0.37154456419771864,2014-03-05,2014-04-11,,-0.05127363979186106,28.0,0.699608786235455,P1
P1 QQQ,incumbent,A_bull_2021,0.6473680336820895,,-0.06505676035102903,,,calm_controls,0.06243072704212782,2021-09-07,2021-10-04,,-0.06505676035102903,20.0,0.8604430461917618,P1
P1 QQQ,incumbent,D_recent_2025plus,0.6115306973730855,,-0.07702284916298863,,,calm_controls,0.17685893269760444,2026-01-28,2026-03-30,,-0.07702284916298863,43.0,0.7314824073868041,P1
P1 QQQ,C_85,FULL,0.8033271465314803,2.42870392141118,-0.09311529407541885,3.6805449085138506,0.012272560296096536,,,,,,,,,P1
P1 QQQ,C_85,E_bear_2018q4,-2.261171937288223,,-0.07364228283227325,,,modern_folds,-0.06856817906047419,2018-10-01,2018-10-25,2018-10-11,-0.06325239449515052,19.0,0.8910793933018409,P1
P1 QQQ,C_85,X_2020_covid,1.4012530435371982,,-0.0744482070982444,,,modern_folds,0.12218539164613418,2020-02-19,2020-04-21,2020-02-26,-0.050227512011261854,44.0,0.6804229310860647,P1
P1 QQQ,C_85,B_bear_2022,,,0.0,,,modern_folds,0.012881409782865116,2022-01-03,2022-01-03,,0.0,1.0,0.0,P1
P1 QQQ,C_85,E2007_09_gfc,0.16170483128633137,,-0.047782478055720556,,,market_factor_A0_calendar,0.03689216290611874,2007-10-31,2007-11-12,,-0.047782478055720556,9.0,0.47769076838677105,P1
P1 QQQ,C_85,E2011_eu_us,-0.6465827064162878,,-0.0744575738121257,,,market_factor_A0_calendar,-0.04521825680238112,2011-05-10,2011-10-03,2011-08-05,-0.058960006753626226,102.0,0.878165128626599,P1
P1 QQQ,C_85,E2015_16_china,0.029336997890686396,,-0.017941207171632167,,,market_factor_A0_calendar,0.0003574026784911588,2015-06-01,2015-06-09,,-0.017941207171632167,7.0,0.6874451582129102,P1
P1 QQQ,C_85,K2013_14_bull,1.8005181815463678,,-0.0508737328271992,,,calm_controls,0.3315963954514298,2014-03-05,2014-04-11,,-0.0508737328271992,28.0,0.712647613756902,P1
P1 QQQ,C_85,A_bull_2021,0.6465320511931262,,-0.06330719149315256,,,calm_controls,0.057780059001725004,2021-09-07,2021-10-04,2021-09-29,-0.052931672892074344,20.0,0.9303197066147552,P1
P1 QQQ,C_85,D_recent_2025plus,0.5423594332008295,,-0.07031349469798609,,,calm_controls,0.16017219037083752,2026-01-28,2026-03-30,,-0.07031349469798609,43.0,0.6325123212180492,P1
P1 QQQ,C_80,FULL,0.8052195528378373,2.464300504905061,-0.09084789184881492,4.441478429726064,0.012428099077585115,,,,,,,,,P1
P1 QQQ,C_80,E_bear_2018q4,-2.2679028804293386,,-0.07116121237909623,,,modern_folds,-0.06344008278183133,2018-10-01,2018-10-25,2018-10-11,-0.06076348294913314,19.0,0.7752256276409714,P1
P1 QQQ,C_80,X_2020_covid,1.4601665695874453,,-0.07017447336369753,,,modern_folds,0.12104005344502378,2020-02-19,2020-04-21,2020-02-25,-0.048000457020833776,44.0,0.6621839231644637,P1
P1 QQQ,C_80,B_bear_2022,,,0.0,,,modern_folds,0.012881409782865116,2022-01-03,2022-01-03,,0.0,1.0,0.0,P1
P1 QQQ,C_80,E2007_09_gfc,0.2515074154639416,,-0.04348131682835055,,,market_factor_A0_calendar,0.042145922984264006,2007-10-31,2007-11-12,,-0.04348131682835055,9.0,0.4470596249886688,P1
P1 QQQ,C_80,E2011_eu_us,-0.6157820531609148,,-0.07140500706902375,,,market_factor_A0_calendar,-0.04205303935161375,2011-05-10,2011-08-19,2011-08-05,-0.059012398171346736,72.0,0.8384329024680641,P1
P1 QQQ,C_80,E2015_16_china,0.02811128898915261,,-0.017043511671451905,,,market_factor_A0_calendar,0.0003275536074438534,2015-06-01,2015-06-09,,-0.017043511671451905,7.0,0.6552420787242191,P1
P1 QQQ,C_80,K2013_14_bull,1.8857282835524831,,-0.043673293012994385,,,calm_controls,0.344613295036432,2014-03-05,2014-04-11,2014-04-11,-0.043673293012994385,28.0,0.7892244464081201,P1
P1 QQQ,C_80,A_bull_2021,0.5962100894956096,,-0.06446876579370131,,,calm_controls,0.05206581033235658,2021-09-07,2021-10-04,2021-09-29,-0.05560182640434008,20.0,0.9021405292950566,P1
P1 QQQ,C_80,D_recent_2025plus,0.4943441075570398,,-0.07283023096784813,,,calm_controls,0.1513818131828959,2025-10-29,2026-03-30,,-0.07283023096784813,104.0,0.5810795737763741,P1
P1 QQQ,buy_hold,FULL,0.6974859309540281,1.2481123685845819,-0.5341365461847393,0.0,,,,,,,,,,P1
P1 QQQ,buy_hold,E_bear_2018q4,-0.5031077658821073,,-0.2270184756200916,,,modern_folds,-0.06775067750677521,2018-10-01,2018-12-24,,-0.2270184756200916,59.0,1.0,P1
P1 QQQ,buy_hold,X_2020_covid,1.251031718692228,,-0.2856139426664913,,,modern_folds,0.44246568836966227,2020-02-19,2020-03-16,,-0.2856139426664913,19.0,1.0,P1
P1 QQQ,buy_hold,B_bear_2022,-1.1098435722040214,,-0.3482789507357644,,,modern_folds,-0.32578869855049963,2022-01-03,2022-11-03,,-0.3482789507357644,212.0,1.0,P1
P1 QQQ,buy_hold,E2007_09_gfc,-0.4033057178391656,,-0.534136546184738,,,market_factor_A0_calendar,-0.2873303167420792,2007-10-31,2008-11-20,,-0.534136546184738,268.0,1.0,P1
P1 QQQ,buy_hold,E2011_eu_us,-0.13784088336215178,,-0.16106228505922837,,,market_factor_A0_calendar,-0.04831851565519807,2011-07-26,2011-08-19,,-0.16106228505922837,19.0,1.0,P1
P1 QQQ,buy_hold,E2015_16_china,0.12130554124431514,,-0.16104164708094437,,,market_factor_A0_calendar,0.00296501284838957,2015-12-01,2016-02-09,,-0.16104164708094437,48.0,1.0,P1
P1 QQQ,buy_hold,K2013_14_bull,1.9348094159069582,,-0.0824764821702032,,,calm_controls,0.6287188306104865,2014-09-18,2014-10-16,,-0.0824764821702032,21.0,1.0,P1
P1 QQQ,buy_hold,A_bull_2021,1.421798245983131,,-0.10852546587664624,,,calm_controls,0.27421478896424745,2021-02-12,2021-03-08,,-0.10852546587664624,16.0,1.0,P1
P1 QQQ,buy_hold,D_recent_2025plus,0.8420428416425492,,-0.22767673749859962,,,calm_controls,0.4158160249083669,2025-02-19,2025-04-08,,-0.22767673749859962,35.0,1.0,P1
P1 QQQ,D_shock,FULL,0.822087356523691,2.4607098085987102,-0.10227340545755281,3.2392501565880902,,,,,,,,,,P1
P1 QQQ,D_shock,E_bear_2018q4,-2.232305295071125,,-0.06313294508068334,,,modern_folds,-0.0554703472596646,2018-10-01,2018-10-25,2018-10-05,-0.02529515878690125,19.0,0.8238272775061795,P1
P1 QQQ,D_shock,X_2020_covid,1.5894512819545326,,-0.07510689595250697,,,modern_folds,0.13858721757267678,2020-02-19,2020-03-09,2020-02-25,-0.05125633261174645,14.0,0.6833228976001032,P1
P1 QQQ,D_shock,B_bear_2022,,,0.0,,,modern_folds,0.012881409782865116,2022-01-03,2022-01-03,,0.0,1.0,0.0,P1
P1 QQQ,D_shock,E2007_09_gfc,0.11362392519288182,,-0.05609207598589683,,,market_factor_A0_calendar,0.034318737926252174,2007-10-31,2007-11-12,,-0.05609207598589683,9.0,0.5456422373993298,P1
P1 QQQ,D_shock,E2011_eu_us,-0.5893093193915574,,-0.0765329990467486,,,market_factor_A0_calendar,-0.04325179490905051,2011-05-10,2011-08-19,2011-08-05,-0.061595218606365854,72.0,0.7668758937155821,P1
P1 QQQ,D_shock,E2015_16_china,0.10727235442994003,,-0.015959859743804206,,,market_factor_A0_calendar,0.001977344759943822,2015-06-01,2015-06-09,,-0.015959859743804206,7.0,0.7324856715820257,P1
P1 QQQ,D_shock,K2013_14_bull,1.91427803825946,,-0.04439737653502096,,,calm_controls,0.3722283850152479,2013-05-17,2013-06-24,,-0.04439737653502096,26.0,0.7615458515676063,P1
P1 QQQ,D_shock,A_bull_2021,0.6827796265633023,,-0.06578991664434952,,,calm_controls,0.06444164130642949,2021-09-07,2021-10-04,2021-09-21,-0.041064761965968644,20.0,0.8604430461917618,P1
P1 QQQ,D_shock,D_recent_2025plus,0.5019798524134566,,-0.07702284916298896,,,calm_controls,0.1565696886614798,2026-01-28,2026-03-30,,-0.07702284916298896,43.0,0.7314824073868041,P1
P1 QQQ,D_shock_on_C_85,FULL,0.8036800964104561,2.5140546312240524,-0.09460153644189517,4.1922918325831295,,,,,,,,,,P1
P1 QQQ,D_shock_on_C_85,E_bear_2018q4,-2.270260185399392,,-0.058891763215948245,,,modern_folds,-0.05373686380134879,2018-10-01,2018-10-25,2018-10-05,-0.022795391307561474,19.0,0.8910793933018409,P1
P1 QQQ,D_shock_on_C_85,X_2020_covid,1.630172221549384,,-0.06834999258275476,,,modern_folds,0.1348126159038805,2020-02-19,2020-04-21,2020-02-25,-0.045851320951333485,44.0,0.6804229310860647,P1
P1 QQQ,D_shock_on_C_85,B_bear_2022,,,0.0,,,modern_folds,0.012881409782865116,2022-01-03,2022-01-03,,0.0,1.0,0.0,P1
P1 QQQ,D_shock_on_C_85,E2007_09_gfc,0.16170483128633137,,-0.047782478055720556,,,market_factor_A0_calendar,0.03689216290611874,2007-10-31,2007-11-12,,-0.047782478055720556,9.0,0.47769076838677105,P1
P1 QQQ,D_shock_on_C_85,E2011_eu_us,-0.6152566449681339,,-0.0711310010159647,,,market_factor_A0_calendar,-0.04178659242555294,2011-05-10,2011-10-03,2011-08-05,-0.058960006753626226,102.0,0.878165128626599,P1
P1 QQQ,D_shock_on_C_85,E2015_16_china,0.029336997890686396,,-0.017941207171632167,,,market_factor_A0_calendar,0.0003574026784911588,2015-06-01,2015-06-09,,-0.017941207171632167,7.0,0.6874451582129102,P1
P1 QQQ,D_shock_on_C_85,K2013_14_bull,1.7691069536030268,,-0.050873732827199425,,,calm_controls,0.3227557818432025,2014-03-05,2014-04-11,,-0.050873732827199425,28.0,0.712647613756902,P1
P1 QQQ,D_shock_on_C_85,A_bull_2021,0.707776816605106,,-0.06190432388656242,,,calm_controls,0.062375275019314946,2021-09-07,2021-10-04,2021-09-21,-0.039072155466645,20.0,0.9303197066147552,P1
P1 QQQ,D_shock_on_C_85,D_recent_2025plus,0.4586487674070394,,-0.07154233891985728,,,calm_controls,0.1449987199267444,2025-10-08,2026-03-30,2025-10-13,-0.03588194740816131,119.0,1.0,P1
P1 QQQ,D_shock_on_C_80,FULL,0.8019767284174851,2.5085354894018432,-0.0963134926120709,4.974850936407442,,,,,,,,,,P1
P1 QQQ,D_shock_on_C_80,E_bear_2018q4,-2.268513365326612,,-0.05834569623325092,,,modern_folds,-0.05051803548942291,2018-10-01,2018-10-25,2018-10-05,-0.02350888722790523,19.0,0.7752256276409714,P1
P1 QQQ,D_shock_on_C_80,X_2020_covid,1.5967165872344151,,-0.06484188029743809,,,modern_folds,0.1269495948953152,2020-02-19,2020-04-21,2020-02-25,-0.044060763020134286,44.0,0.6621839231644637,P1
P1 QQQ,D_shock_on_C_80,B_bear_2022,,,0.0,,,modern_folds,0.012881409782865116,2022-01-03,2022-01-03,,0.0,1.0,0.0,P1
P1 QQQ,D_shock_on_C_80,E2007_09_gfc,0.2515074154639416,,-0.04348131682835055,,,market_factor_A0_calendar,0.042145922984264006,2007-10-31,2007-11-12,,-0.04348131682835055,9.0,0.4470596249886688,P1
P1 QQQ,D_shock_on_C_80,E2011_eu_us,-0.5871704368146691,,-0.06858745858451976,,,market_factor_A0_calendar,-0.039146430951012,2011-05-10,2011-08-19,2011-08-05,-0.059012398171346736,72.0,0.8384329024680641,P1
P1 QQQ,D_shock_on_C_80,E2015_16_china,0.02811128898915261,,-0.017043511671451905,,,market_factor_A0_calendar,0.0003275536074438534,2015-06-01,2015-06-09,,-0.017043511671451905,7.0,0.6552420787242191,P1
P1 QQQ,D_shock_on_C_80,K2013_14_bull,1.8803831113847815,,-0.04367329301299505,,,calm_controls,0.34263637385546764,2014-03-05,2014-04-11,2014-04-11,-0.04367329301299505,28.0,0.7892244464081201,P1
P1 QQQ,D_shock_on_C_80,A_bull_2021,0.6402911111609658,,-0.06331497389332608,,,calm_controls,0.05527636385765944,2021-09-07,2021-10-04,2021-09-21,-0.040466160501913984,20.0,0.9021405292950566,P1
P1 QQQ,D_shock_on_C_80,D_recent_2025plus,0.44867944664751697,,-0.07492246072163056,,,calm_controls,0.1433096972319381,2025-10-08,2026-03-30,2025-10-13,-0.03588194740816131,119.0,1.0,P1
P1 XLK,incumbent,FULL,0.6720370446330262,1.7875989344048528,-0.10402299929382008,2.4437465596755,0.014812689700703778,,,,,,,,,P1
P1 XLK,incumbent,E_bear_2018q4,-1.6996622843557891,,-0.08102905160478135,,,modern_folds,-0.057270633432647156,2018-10-03,2018-10-25,2018-10-11,-0.07737836973857959,17.0,0.9564556916733313,P1
P1 XLK,incumbent,X_2020_covid,0.8118594838138966,,-0.10043399640404382,,,modern_folds,0.07495577729199576,2020-02-19,2020-04-21,2020-03-03,-0.071492964162582,44.0,0.5568350131476418,P1
P1 XLK,incumbent,B_bear_2022,-1.2647380048313601,,-0.026844950354008912,,,modern_folds,-0.01075179716798036,2022-01-03,2022-01-14,2022-01-14,-0.026844950354008912,10.0,0.3839446473676471,P1
P1 XLK,incumbent,E2007_09_gfc,-0.6712873808996835,,-0.09043304874667868,,,market_factor_A0_calendar,-0.031236710497428044,2007-10-31,2008-01-08,2007-12-04,-0.05856422214703361,47.0,0.6843870950367977,P1
P1 XLK,incumbent,E2011_eu_us,-0.6015558381200493,,-0.086149147916594,,,market_factor_A0_calendar,-0.04602944883913174,2011-05-10,2011-08-19,2011-08-05,-0.06386458096983605,72.0,0.8486942843485389,P1
P1 XLK,incumbent,E2015_16_china,-0.9003554739405594,,-0.03129490077790931,,,market_factor_A0_calendar,-0.02151077018918346,2015-06-01,2015-11-13,2015-06-18,-0.018401570194817807,118.0,0.7030202570194131,P1
P1 XLK,incumbent,K2013_14_bull,1.2128684165200925,,-0.04683684640869379,,,calm_controls,0.21063036142009417,2013-05-17,2013-06-24,,-0.04683684640869379,26.0,0.830002835933788,P1
P1 XLK,incumbent,A_bull_2021,1.0949058543282344,,-0.05519270765022144,,,calm_controls,0.1134693683461816,2021-08-30,2021-11-01,2021-10-05,-0.05378346854327454,45.0,0.8520227928601892,P1
P1 XLK,incumbent,D_recent_2025plus,1.040708264035397,,-0.0746694195846681,,,calm_controls,0.25946698754542363,2025-10-29,2026-03-30,,-0.0746694195846681,104.0,0.49196394793002896,P1
P1 XLK,C_85,FULL,0.6666661877035721,1.8054340051353783,-0.10392158867094536,3.7496003663610558,0.012244472424734799,,,,,,,,,P1
P1 XLK,C_85,E_bear_2018q4,-1.7821034746139657,,-0.07999471653532042,,,modern_folds,-0.05624610553753495,2018-10-03,2018-10-25,2018-10-11,-0.07135527150602106,17.0,0.8552745746861284,P1
P1 XLK,C_85,X_2020_covid,0.9281518505230437,,-0.08513452479181616,,,modern_folds,0.07910288995080594,2020-02-19,2020-04-21,2020-02-28,-0.06288583895611932,44.0,0.536413523423854,P1
P1 XLK,C_85,B_bear_2022,-1.2325866000404935,,-0.027170298333787923,,,modern_folds,-0.010745290760675319,2022-01-03,2022-01-14,2022-01-14,-0.027170298333787923,10.0,0.4203525600372332,P1
P1 XLK,C_85,E2007_09_gfc,-0.6793672169893787,,-0.08354589757793185,,,market_factor_A0_calendar,-0.027729809092300717,2007-10-31,2008-01-08,2007-12-04,-0.05210946404939243,47.0,0.6564933363677028,P1
P1 XLK,C_85,E2011_eu_us,-0.5131962186407328,,-0.07872264098686232,,,market_factor_A0_calendar,-0.037728656842238695,2011-05-10,2011-08-19,2011-08-05,-0.05895283205330215,72.0,0.7812240069394453,P1
P1 XLK,C_85,E2015_16_china,-0.9352708112643286,,-0.031453874961378525,,,market_factor_A0_calendar,-0.02220927720225796,2015-06-01,2015-11-13,2015-06-18,-0.018922884102275384,118.0,0.6031420348693999,P1
P1 XLK,C_85,K2013_14_bull,1.182337740444171,,-0.04416380303186351,,,calm_controls,0.195276537489812,2013-05-17,2013-06-24,,-0.04416380303186351,26.0,0.7885045910245084,P1
P1 XLK,C_85,A_bull_2021,0.9993196279195936,,-0.05361388431383518,,,calm_controls,0.09493455026484332,2021-08-30,2021-11-01,2021-10-05,-0.05220229029323897,45.0,0.7148097567104841,P1
P1 XLK,C_85,D_recent_2025plus,1.0374075895781503,,-0.07259193998280267,,,calm_controls,0.24969827938749378,2025-10-29,2026-03-30,,-0.07259193998280267,104.0,0.4412560686447807,P1
P1 XLK,C_80,FULL,0.680014141592441,1.8935513952518985,-0.0979675429868545,4.509980435468784,0.012309336792979124,,,,,,,,,P1
P1 XLK,C_80,E_bear_2018q4,-1.791242948343479,,-0.0766508448733575,,,modern_folds,-0.05277923567320353,2018-10-03,2018-10-25,2018-10-11,-0.06650739933828997,17.0,0.9564556916733313,P1
P1 XLK,C_80,X_2020_covid,1.0287118257455552,,-0.07897256672803998,,,modern_folds,0.0841061353933017,2020-02-19,2020-04-21,2020-02-28,-0.05808678363738773,44.0,0.5006008136892367,P1
P1 XLK,C_80,B_bear_2022,-1.2326644810658738,,-0.026396925826207118,,,modern_folds,-0.010070201405798174,2022-01-03,2022-01-14,2022-01-14,-0.026396925826207118,10.0,0.40834176157413526,P1
P1 XLK,C_80,E2007_09_gfc,-0.7079148227670228,,-0.07990347676300291,,,market_factor_A0_calendar,-0.02911179926730778,2007-10-31,2008-01-08,2007-11-09,-0.04110177501363044,47.0,0.6224326392406693,P1
P1 XLK,C_80,E2011_eu_us,-0.5911894907844263,,-0.0785169894204445,,,market_factor_A0_calendar,-0.04177815817358255,2011-05-10,2011-10-03,2011-08-05,-0.05992606483200258,102.0,0.8858676859644317,P1
P1 XLK,C_80,E2015_16_china,-0.8974072301448106,,-0.03214168795270711,,,market_factor_A0_calendar,-0.02206229615377786,2015-06-01,2015-11-13,2015-06-18,-0.018950612708189984,118.0,0.567863520026056,P1
P1 XLK,C_80,K2013_14_bull,1.183134588232967,,-0.041515374727807974,,,calm_controls,0.19074526666023095,2013-05-17,2013-06-24,,-0.041515374727807974,26.0,0.7464101465257238,P1
P1 XLK,C_80,A_bull_2021,1.0309431480877915,,-0.05112126692523067,,,calm_controls,0.09620972136531258,2021-08-30,2021-11-01,2021-09-29,-0.04281789809162395,45.0,0.8034256117424191,P1
P1 XLK,C_80,D_recent_2025plus,0.9448623622259508,,-0.07464774086032633,,,calm_controls,0.23198852585615226,2025-10-29,2026-03-30,,-0.07464774086032633,104.0,0.5119381613652756,P1
P1 XLK,buy_hold,FULL,0.674216228900642,1.2464007232707908,-0.5307414104882456,0.0,,,,,,,,,,P1
P1 XLK,buy_hold,E_bear_2018q4,-0.3663173494039166,,-0.23769100169779322,,,modern_folds,-0.055048488305762255,2018-10-03,2018-12-24,,-0.23769100169779322,57.0,1.0,P1
P1 XLK,buy_hold,X_2020_covid,1.0412301584738566,,-0.31156294927089734,,,modern_folds,0.38086802480071036,2020-02-19,2020-03-23,,-0.31156294927089734,24.0,1.0,P1
P1 XLK,buy_hold,B_bear_2022,-0.8680763438815495,,-0.33125073676765326,,,modern_folds,-0.27724892908138987,2022-01-03,2022-10-12,,-0.33125073676765326,196.0,1.0,P1
P1 XLK,buy_hold,E2007_09_gfc,-0.4335533346917815,,-0.530741410488246,,,market_factor_A0_calendar,-0.3073263558515702,2007-10-31,2008-11-20,,-0.530741410488246,268.0,1.0,P1
P1 XLK,buy_hold,E2011_eu_us,-0.08067463187592984,,-0.15894641235240703,,,market_factor_A0_calendar,-0.03561643835616479,2011-07-26,2011-08-19,,-0.15894641235240703,19.0,1.0,P1
P1 XLK,buy_hold,E2015_16_china,0.34799430521676544,,-0.1369294605809127,,,market_factor_A0_calendar,0.04249737670514042,2015-07-20,2015-08-25,,-0.1369294605809127,27.0,1.0,P1
P1 XLK,buy_hold,K2013_14_bull,1.7056844648703178,,-0.0795454545454547,,,calm_controls,0.4872637633525061,2014-09-18,2014-10-16,,-0.0795454545454547,21.0,1.0,P1
P1 XLK,buy_hold,A_bull_2021,1.6435587614712046,,-0.0920577617328523,,,calm_controls,0.34765875561257253,2021-02-12,2021-03-08,,-0.0920577617328523,16.0,1.0,P1
P1 XLK,buy_hold,D_recent_2025plus,1.0084265815832376,,-0.2565597667638485,,,calm_controls,0.6146972063161522,2025-02-19,2025-04-08,,-0.2565597667638485,35.0,1.0,P1
P1 XLK,D_shock,FULL,0.6915498873864608,1.9307416164786384,-0.10419812262844463,3.1890567687096825,,,,,,,,,,P1
P1 XLK,D_shock,E_bear_2018q4,-1.9803424920846575,,-0.08764527561235591,,,modern_folds,-0.0640579085675359,2018-10-03,2018-10-25,2018-10-11,-0.07494228933206215,17.0,0.9564556916733313,P1
P1 XLK,D_shock,X_2020_covid,1.1322930524821575,,-0.0830270604356842,,,modern_folds,0.09613450655253386,2020-02-19,2020-04-21,2020-02-25,-0.046291753329876006,44.0,0.5490234657345512,P1
P1 XLK,D_shock,B_bear_2022,-1.2647380048313601,,-0.026844950354008912,,,modern_folds,-0.01075179716798036,2022-01-03,2022-01-14,2022-01-14,-0.026844950354008912,10.0,0.3839446473676471,P1
P1 XLK,D_shock,E2007_09_gfc,-0.494661799430419,,-0.0706057276145855,,,market_factor_A0_calendar,-0.012687487057821523,2007-10-31,2008-01-08,2007-11-08,-0.031517739959916136,47.0,0.6843870950367977,P1
P1 XLK,D_shock,E2011_eu_us,-0.5410266945926728,,-0.07930056185935597,,,market_factor_A0_calendar,-0.03942730981001907,2011-05-10,2011-08-19,2011-08-05,-0.06170633219713717,72.0,0.785005344646476,P1
P1 XLK,D_shock,E2015_16_china,-0.9003554739405594,,-0.03129490077790931,,,market_factor_A0_calendar,-0.02151077018918346,2015-06-01,2015-11-13,2015-06-18,-0.018401570194817807,118.0,0.7030202570194131,P1
P1 XLK,D_shock,K2013_14_bull,1.2128684165200925,,-0.04683684640869379,,,calm_controls,0.21063036142009417,2013-05-17,2013-06-24,,-0.04683684640869379,26.0,0.830002835933788,P1
P1 XLK,D_shock,A_bull_2021,1.2467266244657071,,-0.0506838354421405,,,calm_controls,0.1264013267469306,2021-08-30,2021-11-01,2021-09-29,-0.04494908206184911,45.0,0.8520227928601892,P1
P1 XLK,D_shock,D_recent_2025plus,0.956665080465094,,-0.07502700115552363,,,calm_controls,0.24151332498601152,2025-10-29,2026-03-30,,-0.07502700115552363,104.0,0.4953245229243053,P1
P1 XLK,D_shock_on_C_85,FULL,0.672500327758109,1.921726597939001,-0.09800413819938181,4.364628781961803,,,,,,,,,,P1
P1 XLK,D_shock_on_C_85,E_bear_2018q4,-1.9204666313017127,,-0.08240068508484666,,,modern_folds,-0.058714180699037,2018-10-03,2018-10-25,2018-10-11,-0.06966808226559307,17.0,0.8552745746861284,P1
P1 XLK,D_shock_on_C_85,X_2020_covid,1.091362536991529,,-0.0796772094708641,,,modern_folds,0.0896721139211174,2020-02-19,2020-04-21,2020-02-25,-0.04396074628673896,44.0,0.536413523423854,P1
P1 XLK,D_shock_on_C_85,B_bear_2022,-1.2325866000404935,,-0.027170298333787923,,,modern_folds,-0.010745290760675319,2022-01-03,2022-01-14,2022-01-14,-0.027170298333787923,10.0,0.4203525600372332,P1
P1 XLK,D_shock_on_C_85,E2007_09_gfc,-0.5214470964935113,,-0.06746761797815692,,,market_factor_A0_calendar,-0.012823929413500745,2007-10-31,2008-01-08,2007-11-08,-0.029134738699594154,47.0,0.6564933363677028,P1
P1 XLK,D_shock_on_C_85,E2011_eu_us,-0.5080510340939869,,-0.07724409090641371,,,market_factor_A0_calendar,-0.03618431587052173,2011-05-10,2011-08-19,2011-08-05,-0.05895283205330215,72.0,0.7812240069394453,P1
P1 XLK,D_shock_on_C_85,E2015_16_china,-0.9352708112643286,,-0.031453874961378525,,,market_factor_A0_calendar,-0.02220927720225796,2015-06-01,2015-11-13,2015-06-18,-0.018922884102275384,118.0,0.6031420348693999,P1
P1 XLK,D_shock_on_C_85,K2013_14_bull,1.182337740444171,,-0.04416380303186351,,,calm_controls,0.195276537489812,2013-05-17,2013-06-24,,-0.04416380303186351,26.0,0.7885045910245084,P1
P1 XLK,D_shock_on_C_85,A_bull_2021,1.0734786968838854,,-0.050443276585207864,,,calm_controls,0.10041918704238095,2021-08-30,2021-11-01,2021-09-29,-0.04546811848139454,45.0,0.7148097567104841,P1
P1 XLK,D_shock_on_C_85,D_recent_2025plus,0.9879434620091193,,-0.07259193998280233,,,calm_controls,0.23945490439339379,2025-10-29,2026-03-30,,-0.07259193998280233,104.0,0.4412560686447807,P1
P1 XLK,D_shock_on_C_80,FULL,0.6813675816743224,1.9662007864340694,-0.09349900495847696,5.030233870293717,,,,,,,,,,P1
P1 XLK,D_shock_on_C_80,E_bear_2018q4,-1.9181623147540843,,-0.07857500259039907,,,modern_folds,-0.054753139188793654,2018-10-03,2018-10-25,2018-10-11,-0.06501150612449957,17.0,0.9564556916733313,P1
P1 XLK,D_shock_on_C_80,X_2020_covid,1.1213124596697885,,-0.07410604935976972,,,modern_folds,0.08853874106300408,2020-02-19,2020-04-21,2020-02-25,-0.04090097309653018,44.0,0.5006008136892367,P1
P1 XLK,D_shock_on_C_80,B_bear_2022,-1.2326644810658738,,-0.026396925826207118,,,modern_folds,-0.010070201405798174,2022-01-03,2022-01-14,2022-01-14,-0.026396925826207118,10.0,0.40834176157413526,P1
P1 XLK,D_shock_on_C_80,E2007_09_gfc,-0.5777754566235266,,-0.06618404561582814,,,market_factor_A0_calendar,-0.016548938164612337,2007-10-31,2008-01-08,2007-11-08,-0.02738845106656096,47.0,0.6224326392406693,P1
P1 XLK,D_shock_on_C_80,E2011_eu_us,-0.5520783856710609,,-0.07503439564982839,,,market_factor_A0_calendar,-0.038156716021205295,2011-05-10,2011-10-03,2011-08-05,-0.05992606483200258,102.0,0.8858676859644317,P1
P1 XLK,D_shock_on_C_80,E2015_16_china,-0.8974072301448106,,-0.03214168795270711,,,market_factor_A0_calendar,-0.02206229615377786,2015-06-01,2015-11-13,2015-06-18,-0.018950612708189984,118.0,0.567863520026056,P1
P1 XLK,D_shock_on_C_80,K2013_14_bull,1.183134588232967,,-0.041515374727807974,,,calm_controls,0.19074526666023095,2013-05-17,2013-06-24,,-0.041515374727807974,26.0,0.7464101465257238,P1
P1 XLK,D_shock_on_C_80,A_bull_2021,1.0309431480877915,,-0.05112126692523067,,,calm_controls,0.09620972136531258,2021-08-30,2021-11-01,2021-09-29,-0.04281789809162395,45.0,0.8034256117424191,P1
P1 XLK,D_shock_on_C_80,D_recent_2025plus,0.9188264774327211,,-0.07470112154352793,,,calm_controls,0.22584204228117177,2025-10-29,2026-03-30,,-0.07470112154352793,104.0,0.44561196735391617,P1
P1 IWM,incumbent,FULL,0.327280128351165,0.7548376856080877,-0.12598831450929304,2.0161626723634227,0.013192015620905455,,,,,,,,,P1
P1 IWM,incumbent,E_bear_2018q4,-2.307486026472011,,-0.0598945246161352,,,modern_folds,-0.043667503061823765,2018-09-04,2018-10-10,2018-10-10,-0.0598945246161352,27.0,0.9506181447391302,P1
P1 IWM,incumbent,X_2020_covid,0.6397401435772996,,-0.10692067941731764,,,modern_folds,0.0485329514157713,2020-02-20,2020-09-24,2020-02-28,-0.07305259920634333,152.0,0.6783343776582801,P1
P1 IWM,incumbent,B_bear_2022,,,0.0,,,modern_folds,0.012881409782865116,2022-01-03,2022-01-03,,0.0,1.0,0.0,P1
P1 IWM,incumbent,E2007_09_gfc,-0.8315488067521172,,-0.06394352137577364,,,market_factor_A0_calendar,-0.03538844640192895,2007-10-09,2009-04-20,2007-12-04,-0.055795515324498224,385.0,0.427799193186449,P1
P1 IWM,incumbent,E2011_eu_us,-1.1064367017352437,,-0.11848505831902423,,,market_factor_A0_calendar,-0.08155575343272303,2011-05-10,2011-10-03,2011-08-05,-0.0815656327479396,102.0,0.6241029293136185,P1
P1 IWM,incumbent,E2015_16_china,,,0.0,,,market_factor_A0_calendar,0.0,2015-06-01,2015-06-01,,0.0,1.0,0.0,P1
P1 IWM,incumbent,K2013_14_bull,0.8428233186064015,,-0.05645476953842998,,,calm_controls,0.15500165155903578,2014-01-22,2014-05-15,,-0.05645476953842998,80.0,0.7735974027158198,P1
P1 IWM,incumbent,A_bull_2021,0.6241315194986374,,-0.0669952183896062,,,calm_controls,0.059353151199784016,2021-11-08,2021-12-01,,-0.0669952183896062,17.0,0.5305399087332651,P1
P1 IWM,incumbent,D_recent_2025plus,0.6850764654375553,,-0.058359906306190035,,,calm_controls,0.17281317650817196,2026-01-22,2026-03-31,2026-03-31,-0.058359906306190035,48.0,0.5958090641121628,P1
P1 IWM,C_85,FULL,0.30281976861507337,0.7312423168560702,-0.11409605044143112,2.7648770108034264,0.010591735796275736,,,,,,,,,P1
P1 IWM,C_85,E_bear_2018q4,-2.291722402009576,,-0.05688525148276535,,,modern_folds,-0.04075494731902085,2018-09-04,2018-10-10,2018-10-10,-0.05688525148276535,27.0,0.9844018631798888,P1
P1 IWM,C_85,X_2020_covid,0.7211477006041238,,-0.09158041179578436,,,modern_folds,0.04980383264772348,2020-02-20,2020-09-23,2020-02-26,-0.049494583029408346,151.0,0.746744351137052,P1
P1 IWM,C_85,B_bear_2022,,,0.0,,,modern_folds,0.012881409782865116,2022-01-03,2022-01-03,,0.0,1.0,0.0,P1
P1 IWM,C_85,E2007_09_gfc,-0.869292161687625,,-0.062156497622905316,,,market_factor_A0_calendar,-0.0348570004384291,2007-10-09,2009-04-20,2007-12-04,-0.05256168824996432,385.0,0.4003258900632031,P1
P1 IWM,C_85,E2011_eu_us,-1.1186322962481874,,-0.11050340900252309,,,market_factor_A0_calendar,-0.07673162477582618,2011-07-07,2011-10-03,2011-08-05,-0.07764698170998241,62.0,0.5414698689458476,P1
P1 IWM,C_85,E2015_16_china,,,0.0,,,market_factor_A0_calendar,0.0,2015-06-01,2015-06-01,,0.0,1.0,0.0,P1
P1 IWM,C_85,K2013_14_bull,0.7846758702697537,,-0.05712722499785783,,,calm_controls,0.13618664735820651,2014-07-03,2014-08-04,2014-08-04,-0.05712722499785783,22.0,0.7989731104326168,P1
P1 IWM,C_85,A_bull_2021,0.41964857107833126,,-0.06444211592405302,,,calm_controls,0.03592914889003462,2021-11-08,2021-12-01,,-0.06444211592405302,17.0,0.4523118327360431,P1
P1 IWM,C_85,D_recent_2025plus,0.6330266903524183,,-0.05652814189251354,,,calm_controls,0.16262393372762984,2026-01-22,2026-03-31,2026-03-31,-0.05652814189251354,48.0,0.5958090641121628,P1
P1 IWM,C_80,FULL,0.2803497768972629,0.6993145096489919,-0.10864525275664316,3.2695602568360367,0.010743778711225784,,,,,,,,,P1
P1 IWM,C_80,E_bear_2018q4,-2.1967319602860464,,-0.05458855643573479,,,modern_folds,-0.03807031537044803,2018-09-04,2018-10-10,2018-10-10,-0.05458855643573479,27.0,0.9053605531611765,P1
P1 IWM,C_80,X_2020_covid,0.7119602137006843,,-0.08878933584936144,,,modern_folds,0.04784428960270781,2020-02-20,2020-09-23,2020-02-26,-0.047071305420542275,151.0,0.730873523324204,P1
P1 IWM,C_80,B_bear_2022,,,0.0,,,modern_folds,0.012881409782865116,2022-01-03,2022-01-03,,0.0,1.0,0.0,P1
P1 IWM,C_80,E2007_09_gfc,-0.9390305698848987,,-0.065990368548276,,,market_factor_A0_calendar,-0.03887335626878474,2007-10-09,2009-04-20,2007-12-04,-0.054210969291463296,385.0,0.3988314948366987,P1
P1 IWM,C_80,E2011_eu_us,-1.0627698122793532,,-0.10756480372574251,,,market_factor_A0_calendar,-0.0716604902520227,2011-07-07,2011-10-03,2011-08-05,-0.0745426271183599,62.0,0.5341500454610173,P1
P1 IWM,C_80,E2015_16_china,,,0.0,,,market_factor_A0_calendar,0.0,2015-06-01,2015-06-01,,0.0,1.0,0.0,P1
P1 IWM,C_80,K2013_14_bull,0.7449007614499098,,-0.057089647526151976,,,calm_controls,0.12656410989701583,2014-07-03,2014-08-04,2014-08-04,-0.057089647526151976,22.0,0.7989731104326168,P1
P1 IWM,C_80,A_bull_2021,0.37773333370350576,,-0.06170103845056385,,,calm_controls,0.031646684990753515,2021-11-08,2021-12-01,,-0.06170103845056385,17.0,0.41785504997069883,P1
P1 IWM,C_80,D_recent_2025plus,0.5865453361457803,,-0.05390276335826483,,,calm_controls,0.15508692166884797,2026-01-22,2026-03-31,2026-03-31,-0.05390276335826483,48.0,0.5958090641121628,P1
P1 IWM,buy_hold,FULL,0.39061331030670055,0.5594176332139756,-0.590539319072009,0.0,,,,,,,,,,P1
P1 IWM,buy_hold,E_bear_2018q4,-0.9087843299031182,,-0.26480769230769297,,,modern_folds,-0.08844926611359338,2018-09-04,2018-12-24,,-0.26480769230769297,78.0,1.0,P1
P1 IWM,buy_hold,X_2020_covid,0.7555214623539769,,-0.40822480272021566,,,modern_folds,0.2386992308730258,2020-02-20,2020-03-23,,-0.40822480272021566,23.0,1.0,P1
P1 IWM,buy_hold,B_bear_2022,-0.7243614861595326,,-0.26924882629107905,,,modern_folds,-0.20485995529982237,2022-01-03,2022-06-16,,-0.26924882629107905,115.0,1.0,P1
P1 IWM,buy_hold,E2007_09_gfc,-0.3952170019946755,,-0.583958365222715,,,market_factor_A0_calendar,-0.3481409946885553,2007-10-09,2009-03-09,,-0.583958365222715,356.0,1.0,P1
P1 IWM,buy_hold,E2011_eu_us,-0.39960702986578067,,-0.2852233676975946,,,market_factor_A0_calendar,-0.13626655275523303,2011-07-07,2011-10-03,,-0.2852233676975946,62.0,1.0,P1
P1 IWM,buy_hold,E2015_16_china,-0.49804237333068313,,-0.2567664455995702,,,market_factor_A0_calendar,-0.0940737284181058,2015-06-23,2016-02-11,,-0.2567664455995702,162.0,1.0,P1
P1 IWM,buy_hold,K2013_14_bull,1.3025855424829955,,-0.126936190940088,,,calm_controls,0.45692090395479834,2014-07-03,2014-10-13,,-0.126936190940088,71.0,1.0,P1
P1 IWM,buy_hold,A_bull_2021,0.7273639609193812,,-0.1228730151786892,,,calm_controls,0.14537037037037015,2021-11-08,2021-12-20,,-0.1228730151786892,30.0,1.0,P1
P1 IWM,buy_hold,D_recent_2025plus,0.7584725113204771,,-0.23749337104472334,,,calm_controls,0.3555473848699331,2025-01-21,2025-04-08,,-0.23749337104472334,55.0,1.0,P1
P1 IWM,D_shock,FULL,0.3188414555864552,0.7133310131162279,-0.12359205032072107,2.343803496862977,,,,,,,,,,P1
P1 IWM,D_shock,E_bear_2018q4,-2.307486026472011,,-0.0598945246161352,,,modern_folds,-0.043667503061823765,2018-09-04,2018-10-10,2018-10-10,-0.0598945246161352,27.0,0.9506181447391302,P1
P1 IWM,D_shock,X_2020_covid,0.8245938171771117,,-0.08765618247024198,,,modern_folds,0.05792236459223399,2020-02-20,2020-09-24,2020-02-25,-0.042719315558270354,152.0,0.6840977694394044,P1
P1 IWM,D_shock,B_bear_2022,,,0.0,,,modern_folds,0.012881409782865116,2022-01-03,2022-01-03,,0.0,1.0,0.0,P1
P1 IWM,D_shock,E2007_09_gfc,-1.0077258814391385,,-0.07373022308348909,,,market_factor_A0_calendar,-0.04547369847214111,2007-10-09,2009-04-20,2007-10-22,-0.029210914289143908,385.0,0.427799193186449,P1
P1 IWM,D_shock,E2011_eu_us,-1.1123104986886105,,-0.1126831469952626,,,market_factor_A0_calendar,-0.07698798798526141,2011-05-10,2011-10-03,2011-08-05,-0.07918046530664158,102.0,0.6241029293136185,P1
P1 IWM,D_shock,E2015_16_china,,,0.0,,,market_factor_A0_calendar,0.0,2015-06-01,2015-06-01,,0.0,1.0,0.0,P1
P1 IWM,D_shock,K2013_14_bull,0.8684952300212189,,-0.05497764800943383,,,calm_controls,0.15797660263451396,2014-03-04,2014-05-15,,-0.05497764800943383,52.0,0.6033753620662362,P1
P1 IWM,D_shock,A_bull_2021,0.7229672846851813,,-0.05751673011518699,,,calm_controls,0.06867303997293583,2021-11-08,2021-12-01,2021-11-29,-0.04767443197846566,17.0,0.5305399087332651,P1
P1 IWM,D_shock,D_recent_2025plus,0.6326745779531491,,-0.05835990630619037,,,calm_controls,0.16304136086163834,2026-01-22,2026-03-31,2026-03-31,-0.05835990630619037,48.0,0.5958090641121628,P1
P1 IWM,D_shock_on_C_85,FULL,0.3089168949784078,0.7307041225675721,-0.11887842376670654,2.9652388273994648,,,,,,,,,,P1
P1 IWM,D_shock_on_C_85,E_bear_2018q4,-2.291722402009576,,-0.05688525148276535,,,modern_folds,-0.04075494731902085,2018-09-04,2018-10-10,2018-10-10,-0.05688525148276535,27.0,0.9844018631798888,P1
P1 IWM,D_shock_on_C_85,X_2020_covid,0.9970318639886174,,-0.0771548940291591,,,modern_folds,0.0664745033773888,2020-02-20,2020-09-23,2020-02-25,-0.03802682233155863,151.0,0.746744351137052,P1
P1 IWM,D_shock_on_C_85,B_bear_2022,,,0.0,,,modern_folds,0.012881409782865116,2022-01-03,2022-01-03,,0.0,1.0,0.0,P1
P1 IWM,D_shock_on_C_85,E2007_09_gfc,-0.9924144332071496,,-0.06879683721829555,,,market_factor_A0_calendar,-0.041690632338589606,2007-10-09,2009-04-20,2007-10-22,-0.02874347056387694,385.0,0.4003258900632031,P1
P1 IWM,D_shock_on_C_85,E2011_eu_us,-1.0536801979249497,,-0.10598086190894995,,,market_factor_A0_calendar,-0.07075122192277383,2011-07-07,2011-10-03,2011-08-05,-0.07590860888259343,62.0,0.5414698689458476,P1
P1 IWM,D_shock_on_C_85,E2015_16_china,,,0.0,,,market_factor_A0_calendar,0.0,2015-06-01,2015-06-01,,0.0,1.0,0.0,P1
P1 IWM,D_shock_on_C_85,K2013_14_bull,0.7989641059774678,,-0.05712722499785827,,,calm_controls,0.1377392362940808,2014-07-03,2014-08-04,2014-08-04,-0.05712722499785827,22.0,0.7989731104326168,P1
P1 IWM,D_shock_on_C_85,A_bull_2021,0.48460432766075145,,-0.05720593667378926,,,calm_controls,0.04185372943249854,2021-11-08,2021-12-01,2021-11-29,-0.04896016461628738,17.0,0.4523118327360431,P1
P1 IWM,D_shock_on_C_85,D_recent_2025plus,0.5892139804980738,,-0.056528141892514094,,,calm_controls,0.15550426871129996,2026-01-22,2026-03-31,2026-03-31,-0.056528141892514094,48.0,0.5958090641121628,P1
P1 IWM,D_shock_on_C_80,FULL,0.28411928303437123,0.7000875912147049,-0.11614379607936876,3.454837065264944,,,,,,,,,,P1
P1 IWM,D_shock_on_C_80,E_bear_2018q4,-2.1967319602860464,,-0.05458855643573479,,,modern_folds,-0.03807031537044803,2018-09-04,2018-10-10,2018-10-10,-0.05458855643573479,27.0,0.9053605531611765,P1
P1 IWM,D_shock_on_C_80,X_2020_covid,0.9631208386765235,,-0.07588760741532552,,,modern_folds,0.06268059804101034,2020-02-20,2020-09-23,2020-02-25,-0.036683646529071856,151.0,0.730873523324204,P1
P1 IWM,D_shock_on_C_80,B_bear_2022,,,0.0,,,modern_folds,0.012881409782865116,2022-01-03,2022-01-03,,0.0,1.0,0.0,P1
P1 IWM,D_shock_on_C_80,E2007_09_gfc,-1.0586759732947582,,-0.07219831396369925,,,market_factor_A0_calendar,-0.04526153636958119,2007-10-09,2009-04-20,2007-10-22,-0.028743381462353557,385.0,0.3988314948366987,P1
P1 IWM,D_shock_on_C_80,E2011_eu_us,-0.9758570814873869,,-0.10245581026306982,,,market_factor_A0_calendar,-0.06477333484102876,2011-07-07,2011-10-03,2011-08-05,-0.07298158755837747,62.0,0.5341500454610173,P1
P1 IWM,D_shock_on_C_80,E2015_16_china,,,0.0,,,market_factor_A0_calendar,0.0,2015-06-01,2015-06-01,,0.0,1.0,0.0,P1
P1 IWM,D_shock_on_C_80,K2013_14_bull,0.7548506608800964,,-0.05708964752615209,,,calm_controls,0.12717778435300664,2014-07-03,2014-08-04,2014-08-04,-0.05708964752615209,22.0,0.7989731104326168,P1
P1 IWM,D_shock_on_C_80,A_bull_2021,0.42891686015255115,,-0.05563224365823949,,,calm_controls,0.03624885931073729,2021-03-15,2021-08-19,,-0.05563224365823949,111.0,0.3064098309458948,P1
P1 IWM,D_shock_on_C_80,D_recent_2025plus,0.5475618534630783,,-0.05390276335826483,,,calm_controls,0.14871857077573725,2026-01-22,2026-03-31,2026-03-31,-0.05390276335826483,48.0,0.5958090641121628,P1
P1 EFA,incumbent,FULL,0.2707570744097055,0.44875885183937575,-0.1677418560517081,1.8964448582687927,0.015489042276974518,,,,,,,,,P1
P1 EFA,incumbent,E_bear_2018q4,,,0.0,,,modern_folds,0.012274106120414352,2018-09-04,2018-09-04,,0.0,1.0,0.0,P1
P1 EFA,incumbent,X_2020_covid,-1.2664604456222832,,-0.1305510996818322,,,modern_folds,-0.08139714108316498,2020-02-12,2020-11-18,2020-02-28,-0.07230312639960579,196.0,0.8189733135194948,P1
P1 EFA,incumbent,B_bear_2022,-1.5319958277013472,,-0.04732151922472716,,,modern_folds,-0.024565384122098632,2022-01-12,2022-01-27,,-0.04732151922472716,11.0,0.7260490631664059,P1
P1 EFA,incumbent,E2007_09_gfc,-0.683222468715569,,-0.08242453776955116,,,market_factor_A0_calendar,-0.030876233014437537,2007-10-31,2008-01-23,,-0.08242453776955116,57.0,0.5963957787746427,P1
P1 EFA,incumbent,E2011_eu_us,-1.2170057223953692,,-0.10854311161466279,,,market_factor_A0_calendar,-0.08715756505218086,2011-05-02,2011-11-25,2011-08-09,-0.09498751811412653,146.0,0.5605936715826257,P1
P1 EFA,incumbent,E2015_16_china,,,0.0,,,market_factor_A0_calendar,0.0,2015-06-01,2015-06-01,,0.0,1.0,0.0,P1
P1 EFA,incumbent,K2013_14_bull,0.4650605404646311,,-0.07354733388022983,,,calm_controls,0.07993189272395584,2014-07-03,2014-09-30,2014-09-30,-0.07354733388022983,62.0,1.0,P1
P1 EFA,incumbent,A_bull_2021,0.5444309707116384,,-0.07139992440119358,,,calm_controls,0.05133661241573639,2021-09-07,2021-12-01,,-0.07139992440119358,61.0,0.9562772652921632,P1
P1 EFA,incumbent,D_recent_2025plus,1.0734226448920292,,-0.08511945046742797,,,calm_controls,0.2857560808567745,2025-03-07,2025-04-08,2025-04-07,-0.0842308578702573,23.0,0.7390722561591818,P1
P1 EFA,C_85,FULL,0.2455543005829024,0.40861119385049777,-0.18320873904969182,2.9374736200284772,0.013147084006395877,,,,,,,,,P1
P1 EFA,C_85,E_bear_2018q4,,,0.0,,,modern_folds,0.012274106120414352,2018-09-04,2018-09-04,,0.0,1.0,0.0,P1
P1 EFA,C_85,X_2020_covid,-1.2645110759513942,,-0.12494324100952947,,,modern_folds,-0.0776547468573413,2020-02-12,2020-11-18,2020-02-28,-0.0663914348557556,196.0,0.7104736165481068,P1
P1 EFA,C_85,B_bear_2022,-1.5325654909900872,,-0.05021637132104917,,,modern_folds,-0.026878046317471926,2022-01-12,2022-01-27,,-0.05021637132104917,11.0,0.7707983056323474,P1
P1 EFA,C_85,E2007_09_gfc,-0.6797097831511182,,-0.0756623853856081,,,market_factor_A0_calendar,-0.02518283055141468,2007-10-31,2008-01-23,,-0.0756623853856081,57.0,0.5734908792050859,P1
P1 EFA,C_85,E2011_eu_us,-1.176448449845267,,-0.10522406867974976,,,market_factor_A0_calendar,-0.07901184013660123,2011-05-02,2011-10-03,2011-08-05,-0.0786507872975224,108.0,0.5657197244950608,P1
P1 EFA,C_85,E2015_16_china,,,0.0,,,market_factor_A0_calendar,0.0,2015-06-01,2015-06-01,,0.0,1.0,0.0,P1
P1 EFA,C_85,K2013_14_bull,0.4373143871306467,,-0.07246796614441109,,,calm_controls,0.07039351252378556,2014-07-03,2014-09-30,2014-09-30,-0.07246796614441109,62.0,1.0,P1
P1 EFA,C_85,A_bull_2021,0.3227773155475794,,-0.06949485162709734,,,calm_controls,0.02678624556114828,2021-06-15,2021-12-01,,-0.06949485162709734,119.0,0.9491146869734524,P1
P1 EFA,C_85,D_recent_2025plus,1.0383577816850655,,-0.08168577411196476,,,calm_controls,0.2668714342200236,2025-03-19,2025-04-08,2025-04-07,-0.08113490614501906,15.0,0.5589951471696164,P1
P1 EFA,C_80,FULL,0.23953816842725004,0.40417788807336796,-0.1782422513107368,3.6003657050559736,0.013283672476183363,,,,,,,,,P1
P1 EFA,C_80,E_bear_2018q4,,,0.0,,,modern_folds,0.012274106120414352,2018-09-04,2018-09-04,,0.0,1.0,0.0,P1
P1 EFA,C_80,X_2020_covid,-1.2577621638880427,,-0.12205539061618764,,,modern_folds,-0.077032327401243,2020-02-12,2020-11-18,2020-02-25,-0.05713415786664233,196.0,0.747257965144001,P1
P1 EFA,C_80,B_bear_2022,-1.4404184228906816,,-0.04848640683102512,,,modern_folds,-0.024702856013286145,2022-01-12,2022-01-27,,-0.04848640683102512,11.0,0.8443581467734598,P1
P1 EFA,C_80,E2007_09_gfc,-0.7366946991589558,,-0.07767156189258984,,,market_factor_A0_calendar,-0.02994185723296716,2007-10-31,2008-01-23,2007-11-27,-0.037138180036824564,57.0,0.6050095115834062,P1
P1 EFA,C_80,E2011_eu_us,-1.1335825256282857,,-0.10328109803391583,,,market_factor_A0_calendar,-0.07636609277098472,2011-05-02,2011-10-03,2011-08-05,-0.07858835981933321,108.0,0.5389305669180683,P1
P1 EFA,C_80,E2015_16_china,,,0.0,,,market_factor_A0_calendar,0.0,2015-06-01,2015-06-01,,0.0,1.0,0.0,P1
P1 EFA,C_80,K2013_14_bull,0.35360121073248374,,-0.07354065452888092,,,calm_controls,0.05528956103716798,2014-07-03,2014-09-30,2014-09-30,-0.07354065452888092,62.0,1.0,P1
P1 EFA,C_80,A_bull_2021,0.3664740221061999,,-0.0718260477475059,,,calm_controls,0.030590603700747954,2021-06-15,2021-12-01,,-0.0718260477475059,119.0,0.9222122207980527,P1
P1 EFA,C_80,D_recent_2025plus,1.0557105687609714,,-0.075001009096343,,,calm_controls,0.26021167009739643,2025-03-19,2025-04-08,2025-04-07,-0.07453686275796234,15.0,0.5127469320338868,P1
P1 EFA,buy_hold,FULL,0.2616907652203605,0.2654050070174184,-0.610349127182045,0.0,,,,,,,,,,P1
P1 EFA,buy_hold,E_bear_2018q4,-0.5860258381937791,,-0.16275632736005918,,,modern_folds,-0.035236480120595104,2018-09-26,2018-12-24,,-0.16275632736005918,62.0,1.0,P1
P1 EFA,buy_hold,X_2020_covid,0.49197948674831066,,-0.3338555265448213,,,modern_folds,0.10712999639899157,2020-02-12,2020-03-23,,-0.3338555265448213,28.0,1.0,P1
P1 EFA,buy_hold,B_bear_2022,-0.6420879208963632,,-0.28740270971461435,,,modern_folds,-0.14402451481103196,2022-01-12,2022-09-27,,-0.28740270971461435,178.0,1.0,P1
P1 EFA,buy_hold,E2007_09_gfc,-0.5183088464034015,,-0.6103491271820447,,,market_factor_A0_calendar,-0.400346620450606,2007-10-31,2009-03-09,,-0.6103491271820447,340.0,1.0,P1
P1 EFA,buy_hold,E2011_eu_us,-0.761688271515251,,-0.2585646411602893,,,market_factor_A0_calendar,-0.19481500125849427,2011-05-02,2011-11-25,,-0.2585646411602893,146.0,1.0,P1
P1 EFA,buy_hold,E2015_16_china,-0.7092352432008692,,-0.21891272651530913,,,market_factor_A0_calendar,-0.12001687407719852,2015-06-23,2016-02-11,,-0.21891272651530913,162.0,1.0,P1
P1 EFA,buy_hold,K2013_14_bull,0.5654739539013398,,-0.13986874487284673,,,calm_controls,0.1392471703079785,2014-07-03,2014-10-16,,-0.13986874487284673,74.0,1.0,P1
P1 EFA,buy_hold,A_bull_2021,0.9115390552586426,,-0.06969783352337544,,,calm_controls,0.11449016100178744,2021-09-07,2021-12-01,,-0.06969783352337544,61.0,1.0,P1
P1 EFA,buy_hold,D_recent_2025plus,1.2804999194574778,,-0.14055528011898866,,,calm_controls,0.5068188143612566,2025-03-19,2025-04-08,,-0.14055528011898866,15.0,1.0,P1
P1 EFA,D_shock,FULL,0.288863490199259,0.5245952319132763,-0.15251300913007781,2.521464236202172,,,,,,,,,,P1
P1 EFA,D_shock,E_bear_2018q4,,,0.0,,,modern_folds,0.012274106120414352,2018-09-04,2018-09-04,,0.0,1.0,0.0,P1
P1 EFA,D_shock,X_2020_covid,-1.1618753704829579,,-0.12278612872989525,,,modern_folds,-0.07361240196109509,2020-02-12,2020-11-18,2020-02-25,-0.055895945035646544,196.0,0.8413799561782541,P1
P1 EFA,D_shock,B_bear_2022,-1.5325654909900872,,-0.05021637132104917,,,modern_folds,-0.026878046317471926,2022-01-12,2022-01-27,,-0.05021637132104917,11.0,0.7707983056323474,P1
P1 EFA,D_shock,E2007_09_gfc,-0.683222468715569,,-0.08242453776955116,,,market_factor_A0_calendar,-0.030876233014437537,2007-10-31,2008-01-23,,-0.08242453776955116,57.0,0.5963957787746427,P1
P1 EFA,D_shock,E2011_eu_us,-1.2019976198370046,,-0.10812622761171442,,,market_factor_A0_calendar,-0.08126503333272284,2011-05-02,2011-10-03,2011-08-05,-0.07970745252623923,108.0,0.5605936715826257,P1
P1 EFA,D_shock,E2015_16_china,,,0.0,,,market_factor_A0_calendar,0.0,2015-06-01,2015-06-01,,0.0,1.0,0.0,P1
P1 EFA,D_shock,K2013_14_bull,0.5396382384428521,,-0.07100426555490713,,,calm_controls,0.09359441530265378,2013-05-21,2013-06-24,2013-06-21,-0.06801478773757463,24.0,0.7831219179380494,P1
P1 EFA,D_shock,A_bull_2021,0.4657204968762011,,-0.07469004890867514,,,calm_controls,0.04237632041917161,2021-06-15,2021-12-01,2021-06-21,-0.03282341103045694,119.0,0.8112914000152258,P1
P1 EFA,D_shock,D_recent_2025plus,1.0967429100490602,,-0.08102571876224218,,,calm_controls,0.2855645387806349,2025-03-19,2025-04-08,2025-04-07,-0.08067179058746521,15.0,0.585479653530309,P1
P1 EFA,D_shock_on_C_85,FULL,0.25274551514684324,0.42878772410485144,-0.18062353577897416,3.370605839315642,,,,,,,,,,P1
P1 EFA,D_shock_on_C_85,E_bear_2018q4,,,0.0,,,modern_folds,0.012274106120414352,2018-09-04,2018-09-04,,0.0,1.0,0.0,P1
P1 EFA,D_shock_on_C_85,X_2020_covid,-1.1930191066692988,,-0.11894739502321117,,,modern_folds,-0.07233932236274632,2020-02-12,2020-11-18,2020-02-25,-0.05368285156276664,196.0,0.7104736165481068,P1
P1 EFA,D_shock_on_C_85,B_bear_2022,-1.5325654909900872,,-0.05021637132104917,,,modern_folds,-0.026878046317471926,2022-01-12,2022-01-27,,-0.05021637132104917,11.0,0.7707983056323474,P1
P1 EFA,D_shock_on_C_85,E2007_09_gfc,-0.6797097831511182,,-0.0756623853856081,,,market_factor_A0_calendar,-0.02518283055141468,2007-10-31,2008-01-23,,-0.0756623853856081,57.0,0.5734908792050859,P1
P1 EFA,D_shock_on_C_85,E2011_eu_us,-1.1679100063120622,,-0.10425791214106772,,,market_factor_A0_calendar,-0.07682879714765789,2011-05-02,2011-10-03,2011-08-05,-0.0786507872975224,108.0,0.5657197244950608,P1
P1 EFA,D_shock_on_C_85,E2015_16_china,,,0.0,,,market_factor_A0_calendar,0.0,2015-06-01,2015-06-01,,0.0,1.0,0.0,P1
P1 EFA,D_shock_on_C_85,K2013_14_bull,0.5392362608570839,,-0.06367991542745333,,,calm_controls,0.08870939092194874,2014-07-03,2014-09-30,2014-08-01,-0.0428213813672369,62.0,1.0,P1
P1 EFA,D_shock_on_C_85,A_bull_2021,0.2504070522633313,,-0.07425110173136995,,,calm_controls,0.019476175232389314,2021-06-15,2021-12-01,2021-06-21,-0.031730190804520664,119.0,0.9491146869734524,P1
P1 EFA,D_shock_on_C_85,D_recent_2025plus,1.0168236308998144,,-0.07890958466917442,,,calm_controls,0.2593851180764688,2025-03-19,2025-04-08,2025-04-07,-0.07870778920541921,15.0,0.5589951471696164,P1
P1 EFA,D_shock_on_C_80,FULL,0.2478309454472101,0.43721969780092484,-0.16948270579059788,4.013307372788819,,,,,,,,,,P1
P1 EFA,D_shock_on_C_80,E_bear_2018q4,,,0.0,,,modern_folds,0.012274106120414352,2018-09-04,2018-09-04,,0.0,1.0,0.0,P1
P1 EFA,D_shock_on_C_80,X_2020_covid,-1.1646024857497546,,-0.11554190230140515,,,modern_folds,-0.06971149696277001,2020-02-12,2020-11-18,2020-02-25,-0.05308532644734698,196.0,0.7185279208761323,P1
P1 EFA,D_shock_on_C_80,B_bear_2022,-1.4404184228906816,,-0.04848640683102512,,,modern_folds,-0.024702856013286145,2022-01-12,2022-01-27,,-0.04848640683102512,11.0,0.8443581467734598,P1
P1 EFA,D_shock_on_C_80,E2007_09_gfc,-0.7366946991589558,,-0.07767156189258984,,,market_factor_A0_calendar,-0.02994185723296716,2007-10-31,2008-01-23,2007-11-27,-0.037138180036824564,57.0,0.6050095115834062,P1
P1 EFA,D_shock_on_C_80,E2011_eu_us,-1.1450903555948353,,-0.10240880438966382,,,market_factor_A0_calendar,-0.07546761724523732,2011-05-02,2011-10-03,2011-08-05,-0.07858835981933321,108.0,0.5389305669180683,P1
P1 EFA,D_shock_on_C_80,E2015_16_china,,,0.0,,,market_factor_A0_calendar,0.0,2015-06-01,2015-06-01,,0.0,1.0,0.0,P1
P1 EFA,D_shock_on_C_80,K2013_14_bull,0.4535278946013117,,-0.0689579512413303,,,calm_controls,0.07314343243095367,2013-05-21,2013-06-24,2013-06-21,-0.06523609760151083,24.0,0.7831219179380494,P1
P1 EFA,D_shock_on_C_80,A_bull_2021,0.3056606224350603,,-0.07575176883852697,,,calm_controls,0.024543969296204615,2021-06-15,2021-12-01,2021-06-21,-0.0308317610805382,119.0,0.9222122207980527,P1
P1 EFA,D_shock_on_C_80,D_recent_2025plus,1.0626896488526127,,-0.07255824359120377,,,calm_controls,0.25958717014413346,2025-03-19,2025-04-08,2025-04-07,-0.07239202541717982,15.0,0.5127469320338868,P1
P1 EEM,incumbent,FULL,0.22383690157652103,0.26306671885435,-0.20847966348529468,2.30927847500136,0.013159925401635388,,,,,,,,,P1
P1 EEM,incumbent,E_bear_2018q4,,,0.0,,,modern_folds,0.012274106120414352,2018-09-04,2018-09-04,,0.0,1.0,0.0,P1
P1 EEM,incumbent,X_2020_covid,1.463125737140849,,-0.05950638313148504,,,modern_folds,0.11426564802545469,2020-02-12,2020-06-11,2020-03-02,-0.046577283211995835,84.0,0.4905333543922834,P1
P1 EEM,incumbent,B_bear_2022,,,0.0,,,modern_folds,0.012881409782865116,2022-01-03,2022-01-03,,0.0,1.0,0.0,P1
P1 EEM,incumbent,E2011_eu_us,-2.020206656132222,,-0.1288990772357982,,,market_factor_A0_calendar,-0.1210065456957411,2011-05-02,2011-09-22,2011-08-09,-0.10090583115152707,101.0,0.47570241067549474,P1
P1 EEM,incumbent,E2015_16_china,0.24107345216344464,,-0.0167124834342931,,,market_factor_A0_calendar,0.00372157322286637,2015-06-01,2016-03-15,,-0.0167124834342931,200.0,0.0,P1
P1 EEM,incumbent,K2013_14_bull,-0.9795835748002035,,-0.09561794542400748,,,calm_controls,-0.0770560006151928,2013-01-02,2013-06-12,2013-03-18,-0.04925623963492831,112.0,0.8066190494266938,P1
P1 EEM,incumbent,A_bull_2021,-0.5466856564238309,,-0.11130011487909175,,,calm_controls,-0.05630766672028997,2021-02-17,2021-11-29,2021-11-29,-0.11130011487909175,199.0,0.5105868729772618,P1
P1 EEM,incumbent,D_recent_2025plus,1.2314814876798945,,-0.07896291291982172,,,calm_controls,0.32521375100427363,2025-03-17,2025-04-08,,-0.07896291291982172,17.0,0.5242240143530059,P1
P1 EEM,C_85,FULL,0.20765454786214452,0.2556808101903753,-0.1914668493689341,3.0813799437673985,0.010614590704106612,,,,,,,,,P1
P1 EEM,C_85,E_bear_2018q4,,,0.0,,,modern_folds,0.012274106120414352,2018-09-04,2018-09-04,,0.0,1.0,0.0,P1
P1 EEM,C_85,X_2020_covid,1.3844629550189413,,-0.0542413702751412,,,modern_folds,0.10069671208444131,2020-02-12,2020-06-11,2020-03-02,-0.04123989147282281,84.0,0.46338367990805246,P1
P1 EEM,C_85,B_bear_2022,,,0.0,,,modern_folds,0.012881409782865116,2022-01-03,2022-01-03,,0.0,1.0,0.0,P1
P1 EEM,C_85,E2011_eu_us,-1.986307843106643,,-0.11591307742023904,,,market_factor_A0_calendar,-0.1092463745191915,2011-05-02,2011-09-22,2011-08-05,-0.06779241538217162,101.0,0.5142248688668032,P1
P1 EEM,C_85,E2015_16_china,0.24107345216344464,,-0.0167124834342931,,,market_factor_A0_calendar,0.00372157322286637,2015-06-01,2016-03-15,,-0.0167124834342931,200.0,0.0,P1
P1 EEM,C_85,K2013_14_bull,-1.0344610880264324,,-0.09097258462524638,,,calm_controls,-0.07484986111645808,2013-01-02,2013-06-12,2013-03-18,-0.04600379076153338,112.0,0.7891163188860139,P1
P1 EEM,C_85,A_bull_2021,-0.783386724979639,,-0.12316505091791852,,,calm_controls,-0.07503442376471448,2021-02-17,2021-11-29,2021-11-29,-0.12316505091791852,199.0,0.5105868729772618,P1
P1 EEM,C_85,D_recent_2025plus,1.219404576429163,,-0.07213771029416771,,,calm_controls,0.30758314228887773,2025-03-17,2025-04-08,2025-04-08,-0.07213771029416771,17.0,0.5047125894014707,P1
P1 EEM,C_80,FULL,0.1953437134674198,0.2439322276091245,-0.18776245705695416,3.6441517590366517,0.01077357821191131,,,,,,,,,P1
P1 EEM,C_80,E_bear_2018q4,,,0.0,,,modern_folds,0.012274106120414352,2018-09-04,2018-09-04,,0.0,1.0,0.0,P1
P1 EEM,C_80,X_2020_covid,1.318074699028318,,-0.05702945395658687,,,modern_folds,0.09601050991451188,2020-02-12,2020-06-11,2020-03-02,-0.04406630333837791,84.0,0.43175304373827944,P1
P1 EEM,C_80,B_bear_2022,,,0.0,,,modern_folds,0.012881409782865116,2022-01-03,2022-01-03,,0.0,1.0,0.0,P1
P1 EEM,C_80,E2011_eu_us,-2.0601728210840418,,-0.11420110664163463,,,market_factor_A0_calendar,-0.10813862027077548,2011-05-02,2011-09-22,2011-08-05,-0.06821326372549807,101.0,0.4808982006926722,P1
P1 EEM,C_80,E2015_16_china,0.24107345216344464,,-0.0167124834342931,,,market_factor_A0_calendar,0.00372157322286637,2015-06-01,2016-03-15,,-0.0167124834342931,200.0,0.0,P1
P1 EEM,C_80,K2013_14_bull,-0.9899702709524272,,-0.08942206487088833,,,calm_controls,-0.0718892297434941,2013-01-02,2013-06-12,2013-03-18,-0.04628577890140295,112.0,0.873817683788636,P1
P1 EEM,C_80,A_bull_2021,-0.807308220846208,,-0.12484445712406878,,,calm_controls,-0.07567234072918672,2021-02-17,2021-11-29,2021-11-29,-0.12484445712406878,199.0,0.5254229905408556,P1
P1 EEM,C_80,D_recent_2025plus,1.1975658971496645,,-0.06793904146458352,,,calm_controls,0.30125266358775904,2025-02-20,2025-04-08,2025-04-07,-0.0652002587033359,34.0,0.693649524138799,P1
P1 EEM,buy_hold,FULL,0.37093074651658564,0.43356941376132685,-0.3981282901150305,0.0,,,,,,,,,,P1
P1 EEM,buy_hold,E_bear_2018q4,-0.033243686281488945,,-0.12101026922009439,,,modern_folds,-0.0022234574763749793,2018-09-21,2018-10-29,,-0.12101026922009439,27.0,1.0,P1
P1 EEM,buy_hold,X_2020_covid,0.8531756569596193,,-0.31623493203385455,,,modern_folds,0.24706844832288044,2020-02-12,2020-03-23,,-0.31623493203385455,28.0,1.0,P1
P1 EEM,buy_hold,B_bear_2022,-0.9137893911415201,,-0.32701111837802477,,,modern_folds,-0.20540172492056286,2022-01-12,2022-10-24,,-0.32701111837802477,197.0,1.0,P1
P1 EEM,buy_hold,E2011_eu_us,-0.8420512697455791,,-0.306105380540842,,,market_factor_A0_calendar,-0.22637301366044005,2011-05-02,2011-10-03,,-0.306105380540842,108.0,1.0,P1
P1 EEM,buy_hold,E2015_16_china,-0.6594511867844671,,-0.29722135497970625,,,market_factor_A0_calendar,-0.14798626287855088,2015-06-02,2016-01-20,,-0.29722135497970625,161.0,1.0,P1
P1 EEM,buy_hold,K2013_14_bull,-0.1360442007205569,,-0.18961424332344168,,,calm_controls,-0.0741301059001489,2013-01-02,2013-06-24,,-0.18961424332344168,120.0,1.0,P1
P1 EEM,buy_hold,A_bull_2021,-0.1191127865004521,,-0.16611425229089383,,,calm_controls,-0.036518696698009334,2021-02-17,2021-12-20,,-0.16611425229089383,214.0,1.0,P1
P1 EEM,buy_hold,D_recent_2025plus,1.266373658836765,,-0.1503178928247042,,,calm_controls,0.6614967996061085,2025-03-17,2025-04-08,,-0.1503178928247042,17.0,1.0,P1
P1 EEM,D_shock,FULL,0.22550840708488698,0.2696472634667759,-0.20243538366049518,2.6592133401144364,,,,,,,,,,P1
P1 EEM,D_shock,E_bear_2018q4,,,0.0,,,modern_folds,0.012274106120414352,2018-09-04,2018-09-04,,0.0,1.0,0.0,P1
P1 EEM,D_shock,X_2020_covid,1.5443877187308208,,-0.052604233600626604,,,modern_folds,0.11924485578779653,2020-02-12,2020-06-11,2020-02-25,-0.03558967554059955,84.0,0.49040827013268096,P1
P1 EEM,D_shock,B_bear_2022,,,0.0,,,modern_folds,0.012881409782865116,2022-01-03,2022-01-03,,0.0,1.0,0.0,P1
P1 EEM,D_shock,E2011_eu_us,-2.0998152156347145,,-0.12352282511419532,,,market_factor_A0_calendar,-0.11489399668216083,2011-05-02,2011-09-22,2011-08-05,-0.07463537603452619,101.0,0.47570241067549474,P1
P1 EEM,D_shock,E2015_16_china,0.24107345216344464,,-0.0167124834342931,,,market_factor_A0_calendar,0.00372157322286637,2015-06-01,2016-03-15,,-0.0167124834342931,200.0,0.0,P1
P1 EEM,D_shock,K2013_14_bull,-0.9795835748002035,,-0.09561794542400748,,,calm_controls,-0.0770560006151928,2013-01-02,2013-06-12,2013-03-18,-0.04925623963492831,112.0,0.8066190494266938,P1
P1 EEM,D_shock,A_bull_2021,-0.5466856564238309,,-0.11130011487909175,,,calm_controls,-0.05630766672028997,2021-02-17,2021-11-29,2021-11-29,-0.11130011487909175,199.0,0.5105868729772618,P1
P1 EEM,D_shock,D_recent_2025plus,1.108438866400158,,-0.070400581018216,,,calm_controls,0.2901513713086097,2025-03-17,2025-04-08,2025-04-07,-0.06844539906536817,17.0,0.5242240143530059,P1
P1 EEM,D_shock_on_C_85,FULL,0.20527808792924335,0.2547131909445916,-0.19169086325254692,3.355447455388197,,,,,,,,,,P1
P1 EEM,D_shock_on_C_85,E_bear_2018q4,,,0.0,,,modern_folds,0.012274106120414352,2018-09-04,2018-09-04,,0.0,1.0,0.0,P1
P1 EEM,D_shock_on_C_85,X_2020_covid,1.3999326721031873,,-0.05145605394642483,,,modern_folds,0.10179338449500341,2020-02-12,2020-06-11,2020-02-25,-0.03480568320008792,84.0,0.4208242143125377,P1
P1 EEM,D_shock_on_C_85,B_bear_2022,,,0.0,,,modern_folds,0.012881409782865116,2022-01-03,2022-01-03,,0.0,1.0,0.0,P1
P1 EEM,D_shock_on_C_85,E2011_eu_us,-1.9756839713943357,,-0.10932500017052094,,,market_factor_A0_calendar,-0.1025954862125048,2011-05-02,2011-09-22,2011-08-05,-0.06715775616473019,101.0,0.5142248688668032,P1
P1 EEM,D_shock_on_C_85,E2015_16_china,0.24107345216344464,,-0.0167124834342931,,,market_factor_A0_calendar,0.00372157322286637,2015-06-01,2016-03-15,,-0.0167124834342931,200.0,0.0,P1
P1 EEM,D_shock_on_C_85,K2013_14_bull,-1.0344610880264324,,-0.09097258462524638,,,calm_controls,-0.07484986111645808,2013-01-02,2013-06-12,2013-03-18,-0.04600379076153338,112.0,0.7891163188860139,P1
P1 EEM,D_shock_on_C_85,A_bull_2021,-0.783386724979639,,-0.12316505091791852,,,calm_controls,-0.07503442376471448,2021-02-17,2021-11-29,2021-11-29,-0.12316505091791852,199.0,0.5105868729772618,P1
P1 EEM,D_shock_on_C_85,D_recent_2025plus,1.1422332019539267,,-0.0659648816821039,,,calm_controls,0.28676498713432275,2025-03-17,2025-04-08,2025-04-07,-0.06459900154344622,17.0,0.5047125894014707,P1
P1 EEM,D_shock_on_C_80,FULL,0.20183076134726824,0.24882485229775153,-0.18757055794810973,3.8683691454878004,,,,,,,,,,P1
P1 EEM,D_shock_on_C_80,E_bear_2018q4,,,0.0,,,modern_folds,0.012274106120414352,2018-09-04,2018-09-04,,0.0,1.0,0.0,P1
P1 EEM,D_shock_on_C_80,X_2020_covid,1.3947022043668038,,-0.052784855088698235,,,modern_folds,0.10081488016598272,2020-02-12,2020-06-11,2020-02-25,-0.03623612534097009,84.0,0.4392123400063476,P1
P1 EEM,D_shock_on_C_80,B_bear_2022,,,0.0,,,modern_folds,0.012881409782865116,2022-01-03,2022-01-03,,0.0,1.0,0.0,P1
P1 EEM,D_shock_on_C_80,E2011_eu_us,-2.090138310113994,,-0.11120023304983351,,,market_factor_A0_calendar,-0.10511720843334393,2011-05-02,2011-09-22,2011-08-05,-0.06764835956633175,101.0,0.4808982006926722,P1
P1 EEM,D_shock_on_C_80,E2015_16_china,0.24107345216344464,,-0.0167124834342931,,,market_factor_A0_calendar,0.00372157322286637,2015-06-01,2016-03-15,,-0.0167124834342931,200.0,0.0,P1
P1 EEM,D_shock_on_C_80,K2013_14_bull,-0.9899702709524272,,-0.08942206487088833,,,calm_controls,-0.0718892297434941,2013-01-02,2013-06-12,2013-03-18,-0.04628577890140295,112.0,0.873817683788636,P1
P1 EEM,D_shock_on_C_80,A_bull_2021,-0.807308220846208,,-0.12484445712406878,,,calm_controls,-0.07567234072918672,2021-02-17,2021-11-29,2021-11-29,-0.12484445712406878,199.0,0.5254229905408556,P1
P1 EEM,D_shock_on_C_80,D_recent_2025plus,1.149979091700524,,-0.06247443032328048,,,calm_controls,0.28748138867424267,2025-02-20,2025-04-08,2025-04-07,-0.061263554787887364,34.0,0.693649524138799,P1
P1 TLT,incumbent,FULL,0.13749907226514158,0.21809376141317913,-0.1639494170820518,2.0092370386595944,0.010721215604902152,,,,,,,,,P1
P1 TLT,incumbent,E_bear_2018q4,,,0.0,,,modern_folds,0.012274106120414352,2018-09-04,2018-09-04,,0.0,1.0,0.0,P1
P1 TLT,incumbent,X_2020_covid,0.5102052199189807,,-0.0815969606858098,,,modern_folds,0.04910331225492426,2020-08-04,2020-11-10,,-0.0815969606858098,70.0,0.8556798125839657,P1
P1 TLT,incumbent,B_bear_2022,,,0.0,,,modern_folds,0.012881409782865116,2022-01-03,2022-01-03,,0.0,1.0,0.0,P1
P1 TLT,incumbent,E2011_eu_us,2.0563250288164476,,-0.040355515948584664,,,market_factor_A0_calendar,0.15454531711134933,2011-10-03,2011-10-27,,-0.040355515948584664,19.0,0.32149320399979414,P1
P1 TLT,incumbent,E2015_16_china,0.052158198828762235,,-0.02730357972516828,,,market_factor_A0_calendar,0.0009786052387392719,2015-08-21,2015-09-02,,-0.02730357972516828,9.0,0.6681305791598798,P1
P1 TLT,incumbent,K2013_14_bull,1.0523293567210665,,-0.045488998406405856,,,calm_controls,0.10743120049631338,2014-08-29,2014-09-17,,-0.045488998406405856,13.0,0.9829935453196793,P1
P1 TLT,incumbent,A_bull_2021,-1.8641436816158272,,-0.05806599534125556,,,calm_controls,-0.05900691066456787,2021-01-04,2021-02-08,2021-02-08,-0.05806599534125556,25.0,0.8749860302920607,P1
P1 TLT,incumbent,D_recent_2025plus,-0.5037590333385298,,-0.08910669950557903,,,calm_controls,0.004242040650953349,2026-02-27,2026-08-17,,-0.08910669950557903,118.0,1.0,P1
P1 TLT,C_85,FULL,0.08082079236124122,0.1821525680255396,-0.1637924775460402,2.7353378207658707,0.009748361434302277,,,,,,,,,P1
P1 TLT,C_85,E_bear_2018q4,,,0.0,,,modern_folds,0.012274106120414352,2018-09-04,2018-09-04,,0.0,1.0,0.0,P1
P1 TLT,C_85,X_2020_covid,0.5069829646712443,,-0.07980527740099885,,,modern_folds,0.04421381361624244,2020-08-04,2020-12-04,,-0.07980527740099885,87.0,0.81298981832624,P1
P1 TLT,C_85,B_bear_2022,,,0.0,,,modern_folds,0.012881409782865116,2022-01-03,2022-01-03,,0.0,1.0,0.0,P1
P1 TLT,C_85,E2011_eu_us,2.0251623212195766,,-0.04140479260207397,,,market_factor_A0_calendar,0.14229107543747266,2011-10-03,2011-10-27,,-0.04140479260207397,19.0,0.3482957686439538,P1
P1 TLT,C_85,E2015_16_china,0.0623303335553078,,-0.027018613003405023,,,market_factor_A0_calendar,0.0012504923555225478,2015-08-21,2015-09-02,,-0.027018613003405023,9.0,0.6681305791598798,P1
P1 TLT,C_85,K2013_14_bull,0.9140244922451484,,-0.04594329816335596,,,calm_controls,0.08641873320288607,2014-08-29,2014-09-17,,-0.04594329816335596,13.0,0.99181621727101,P1
P1 TLT,C_85,A_bull_2021,-1.7194384583930715,,-0.053901588344845264,,,calm_controls,-0.05483315160807656,2021-01-04,2021-02-08,2021-02-08,-0.053901588344845264,25.0,0.8624761486974603,P1
P1 TLT,C_85,D_recent_2025plus,-0.5918172901115626,,-0.09182462780680756,,,calm_controls,-0.004679417799285712,2026-02-27,2026-08-17,,-0.09182462780680756,118.0,1.0,P1
P1 TLT,C_80,FULL,0.0967189149065693,0.20214237158862747,-0.15645987678397133,3.27144406958124,0.010066807523472226,,,,,,,,,P1
P1 TLT,C_80,E_bear_2018q4,,,0.0,,,modern_folds,0.012274106120414352,2018-09-04,2018-09-04,,0.0,1.0,0.0,P1
P1 TLT,C_80,X_2020_covid,0.5446324301624951,,-0.07691355376500086,,,modern_folds,0.04602152047179353,2020-08-04,2020-10-22,,-0.07691355376500086,57.0,0.7923912707583239,P1
P1 TLT,C_80,B_bear_2022,,,0.0,,,modern_folds,0.012881409782865116,2022-01-03,2022-01-03,,0.0,1.0,0.0,P1
P1 TLT,C_80,E2011_eu_us,1.98403075156966,,-0.03997735474671893,,,market_factor_A0_calendar,0.1356627311820715,2011-10-03,2011-10-27,,-0.03997735474671893,19.0,0.31520483856155823,P1
P1 TLT,C_80,E2015_16_china,0.041954509344128726,,-0.027765460940207376,,,market_factor_A0_calendar,0.0006984032671224494,2015-08-21,2015-09-02,,-0.027765460940207376,9.0,0.6672035686366858,P1
P1 TLT,C_80,K2013_14_bull,1.0065297957678492,,-0.04408600378820193,,,calm_controls,0.09395130534368068,2014-08-29,2014-09-17,,-0.04408600378820193,13.0,1.0,P1
P1 TLT,C_80,A_bull_2021,-1.8086672818425062,,-0.05378271000394519,,,calm_controls,-0.05481083402813103,2021-01-04,2021-02-08,2021-02-08,-0.05378271000394519,25.0,0.95175612737865,P1
P1 TLT,C_80,D_recent_2025plus,-0.5983348918396387,,-0.0908098217287967,,,calm_controls,-0.004605322780856347,2025-10-22,2026-08-17,,-0.0908098217287967,205.0,0.9496504745327217,P1
P1 TLT,buy_hold,FULL,0.14609181684474254,0.11187087003935217,-0.4835396736072036,0.0,,,,,,,,,,P1
P1 TLT,buy_hold,E_bear_2018q4,-0.1041665642179613,,-0.06348873755893181,,,modern_folds,0.005734542800541753,2018-09-06,2018-11-02,,-0.06348873755893181,42.0,1.0,P1
P1 TLT,buy_hold,X_2020_covid,0.5443186467912728,,-0.15728265494256122,,,modern_folds,0.09720250521920559,2020-03-09,2020-03-18,,-0.15728265494256122,8.0,1.0,P1
P1 TLT,buy_hold,B_bear_2022,-1.80862549813732,,-0.3494469479721418,,,modern_folds,-0.3124301898835158,2022-01-03,2022-10-24,,-0.3494469479721418,204.0,1.0,P1
P1 TLT,buy_hold,E2011_eu_us,1.9495429383015401,,-0.10904222952415787,,,market_factor_A0_calendar,0.3286392664155915,2011-10-03,2011-10-27,,-0.10904222952415787,19.0,1.0,P1
P1 TLT,buy_hold,E2015_16_china,0.7654442382299872,,-0.05813829218766664,,,market_factor_A0_calendar,0.08722154494070722,2015-08-21,2015-09-16,,-0.05813829218766664,18.0,1.0,P1
P1 TLT,buy_hold,K2013_14_bull,0.467708430668256,,-0.17062107466852827,,,calm_controls,0.10278578290105189,2013-05-01,2013-08-21,,-0.17062107466852827,79.0,1.0,P1
P1 TLT,buy_hold,A_bull_2021,-0.2710676779010654,,-0.14797317890886896,,,calm_controls,-0.0460461222315226,2021-01-04,2021-03-18,,-0.14797317890886896,52.0,1.0,P1
P1 TLT,buy_hold,D_recent_2025plus,-0.2953631967394589,,-0.09226020349834185,,,calm_controls,0.009087559867373418,2025-04-04,2025-05-21,,-0.09226020349834185,33.0,1.0,P1
P1 TLT,D_shock,FULL,0.1421485669160125,0.22244929647471054,-0.16394941708205246,2.2496941334557365,,,,,,,,,,P1
P1 TLT,D_shock,E_bear_2018q4,,,0.0,,,modern_folds,0.012274106120414352,2018-09-04,2018-09-04,,0.0,1.0,0.0,P1
P1 TLT,D_shock,X_2020_covid,0.4857605102655863,,-0.08412717854039575,,,modern_folds,0.046213012660580866,2020-08-04,2020-11-10,2020-10-06,-0.06392746829734464,70.0,0.8556798125839657,P1
P1 TLT,D_shock,B_bear_2022,,,0.0,,,modern_folds,0.012881409782865116,2022-01-03,2022-01-03,,0.0,1.0,0.0,P1
P1 TLT,D_shock,E2011_eu_us,2.0563250288164476,,-0.040355515948584664,,,market_factor_A0_calendar,0.15454531711134933,2011-10-03,2011-10-27,,-0.040355515948584664,19.0,0.32149320399979414,P1
P1 TLT,D_shock,E2015_16_china,0.052158198828762235,,-0.02730357972516828,,,market_factor_A0_calendar,0.0009786052387392719,2015-08-21,2015-09-02,,-0.02730357972516828,9.0,0.6681305791598798,P1
P1 TLT,D_shock,K2013_14_bull,1.0523293567210665,,-0.045488998406405856,,,calm_controls,0.10743120049631338,2014-08-29,2014-09-17,,-0.045488998406405856,13.0,0.9829935453196793,P1
P1 TLT,D_shock,A_bull_2021,-1.8357529549740867,,-0.05386920503491244,,,calm_controls,-0.05481431260979275,2021-01-04,2021-02-08,2021-01-07,-0.03183404606344942,25.0,0.8749860302920607,P1
P1 TLT,D_shock,D_recent_2025plus,-0.5189544539249653,,-0.09014311043950485,,,calm_controls,0.0030994178754057966,2026-02-27,2026-08-17,2026-03-23,-0.051807635995044454,118.0,1.0,P1
P1 TLT,D_shock_on_C_85,FULL,0.07311918548721273,0.17355268417919636,-0.1637924775460402,2.8972968015580376,,,,,,,,,,P1
P1 TLT,D_shock_on_C_85,E_bear_2018q4,,,0.0,,,modern_folds,0.012274106120414352,2018-09-04,2018-09-04,,0.0,1.0,0.0,P1
P1 TLT,D_shock_on_C_85,X_2020_covid,0.47027562406668266,,-0.08259424230157231,,,modern_folds,0.04104896643406741,2020-08-04,2020-12-04,2020-10-06,-0.06272397101560845,87.0,0.81298981832624,P1
P1 TLT,D_shock_on_C_85,B_bear_2022,,,0.0,,,modern_folds,0.012881409782865116,2022-01-03,2022-01-03,,0.0,1.0,0.0,P1
P1 TLT,D_shock_on_C_85,E2011_eu_us,2.0251623212195766,,-0.04140479260207397,,,market_factor_A0_calendar,0.14229107543747266,2011-10-03,2011-10-27,,-0.04140479260207397,19.0,0.3482957686439538,P1
P1 TLT,D_shock_on_C_85,E2015_16_china,0.0623303335553078,,-0.027018613003405023,,,market_factor_A0_calendar,0.0012504923555225478,2015-08-21,2015-09-02,,-0.027018613003405023,9.0,0.6681305791598798,P1
P1 TLT,D_shock_on_C_85,K2013_14_bull,0.9140244922451484,,-0.04594329816335596,,,calm_controls,0.08641873320288607,2014-08-29,2014-09-17,,-0.04594329816335596,13.0,0.99181621727101,P1
P1 TLT,D_shock_on_C_85,A_bull_2021,-1.9091799650850088,,-0.056449557033129816,,,calm_controls,-0.057378611472758134,2021-01-04,2021-02-08,2021-01-07,-0.03142055271304156,25.0,0.8624761486974603,P1
P1 TLT,D_shock_on_C_85,D_recent_2025plus,-0.6112564895115392,,-0.09436723076955633,,,calm_controls,-0.006938224599568055,2026-02-27,2026-08-17,2026-07-30,-0.0781978504766988,118.0,1.0,P1
P1 TLT,D_shock_on_C_80,FULL,0.09159660964507779,0.1963297938438984,-0.15645987678397133,3.3891751813268183,,,,,,,,,,P1
P1 TLT,D_shock_on_C_80,E_bear_2018q4,,,0.0,,,modern_folds,0.012274106120414352,2018-09-04,2018-09-04,,0.0,1.0,0.0,P1
P1 TLT,D_shock_on_C_80,X_2020_covid,0.5136827226653635,,-0.07933474737622426,,,modern_folds,0.043277876436178975,2020-08-04,2020-10-22,2020-10-06,-0.06175935829845758,57.0,0.7923912707583239,P1
P1 TLT,D_shock_on_C_80,B_bear_2022,,,0.0,,,modern_folds,0.012881409782865116,2022-01-03,2022-01-03,,0.0,1.0,0.0,P1
P1 TLT,D_shock_on_C_80,E2011_eu_us,1.98403075156966,,-0.03997735474671893,,,market_factor_A0_calendar,0.1356627311820715,2011-10-03,2011-10-27,,-0.03997735474671893,19.0,0.31520483856155823,P1
P1 TLT,D_shock_on_C_80,E2015_16_china,0.041954509344128726,,-0.027765460940207376,,,market_factor_A0_calendar,0.0006984032671224494,2015-08-21,2015-09-02,,-0.027765460940207376,9.0,0.6672035686366858,P1
P1 TLT,D_shock_on_C_80,K2013_14_bull,1.0065297957678492,,-0.04408600378820193,,,calm_controls,0.09395130534368068,2014-08-29,2014-09-17,,-0.04408600378820193,13.0,1.0,P1
P1 TLT,D_shock_on_C_80,A_bull_2021,-1.9078750789408248,,-0.054327815600095475,,,calm_controls,-0.055355347333097216,2021-01-04,2021-02-08,2021-01-07,-0.029664908316872296,25.0,0.95175612737865,P1
P1 TLT,D_shock_on_C_80,D_recent_2025plus,-0.6193057550468284,,-0.09401537849592612,,,calm_controls,-0.007166670755664684,2025-10-22,2026-08-17,2026-07-30,-0.07699476704028807,205.0,0.9496504745327217,P1
P1 GLD,incumbent,FULL,0.450163737186781,0.42737327014659376,-0.2423477213534624,2.64120593815235,0.012612423232412438,,,,,,,,,P1
P1 GLD,incumbent,E_bear_2018q4,1.712371025850209,,-0.021389108129439505,,,modern_folds,0.06297328133538116,2019-02-19,2019-02-28,,-0.021389108129439505,8.0,1.0,P1
P1 GLD,incumbent,X_2020_covid,1.1150200627498903,,-0.08479803704013966,,,modern_folds,0.11557889927797249,2020-08-06,2020-11-30,,-0.08479803704013966,81.0,0.6929451015527576,P1
P1 GLD,incumbent,B_bear_2022,-0.03920028344958769,,-0.04349471753083556,,,modern_folds,0.01035232465980207,2022-03-08,2022-04-25,,-0.04349471753083556,34.0,0.7316456301794463,P1
P1 GLD,incumbent,E2011_eu_us,0.3919867373209344,,-0.07746530105214977,,,market_factor_A0_calendar,0.024897998406294697,2011-08-22,2011-12-30,2011-12-30,-0.07746530105214977,92.0,0.4571359081061112,P1
P1 GLD,incumbent,E2015_16_china,-0.024969412038613813,,-0.020287617743420694,,,market_factor_A0_calendar,-0.0008913680686204462,2016-03-10,2016-03-24,,-0.020287617743420694,11.0,0.4728066150705243,P1
P1 GLD,incumbent,K2013_14_bull,-0.41406329938780634,,-0.02588627611855643,,,calm_controls,-0.01585298099821497,2014-07-11,2014-07-15,,-0.02588627611855643,3.0,0.7840689699962485,P1
P1 GLD,incumbent,A_bull_2021,-1.5234460682984141,,-0.07900082051953294,,,calm_controls,-0.06431804525244422,2021-01-05,2021-06-14,2021-03-01,-0.07107334264144827,111.0,0.6355917316732489,P1
P1 GLD,incumbent,D_recent_2025plus,1.8605573805233169,,-0.09633988367477109,,,calm_controls,0.4618029258771479,2026-01-29,2026-06-10,,-0.09633988367477109,92.0,0.34748195190081277,P1
P1 GLD,C_85,FULL,0.44953210970144014,0.4165944036278314,-0.23811000428381968,3.5026083290331713,0.010159110049459524,,,,,,,,,P1
P1 GLD,C_85,E_bear_2018q4,1.7105719478250438,,-0.020287219260030187,,,modern_folds,0.061494380275394445,2019-02-19,2019-02-28,,-0.020287219260030187,8.0,1.0,P1
P1 GLD,C_85,X_2020_covid,1.2444178850900658,,-0.08078240143975413,,,modern_folds,0.11751154928969654,2020-08-06,2020-11-30,2020-08-12,-0.04070741377389342,81.0,0.5432405869258802,P1
P1 GLD,C_85,B_bear_2022,-0.07938468981325131,,-0.03792456964812485,,,modern_folds,0.009320894412657266,2022-03-08,2022-04-25,,-0.03792456964812485,34.0,0.5517533490983387,P1
P1 GLD,C_85,E2011_eu_us,0.33883933317170406,,-0.07904262781059701,,,market_factor_A0_calendar,0.019582559160975066,2011-08-22,2011-12-30,2011-12-30,-0.07904262781059701,92.0,0.42075678273509987,P1
P1 GLD,C_85,E2015_16_china,-0.024969412038613813,,-0.020287617743420694,,,market_factor_A0_calendar,-0.0008913680686204462,2016-03-10,2016-03-24,,-0.020287617743420694,11.0,0.4728066150705243,P1
P1 GLD,C_85,K2013_14_bull,-0.5096783730763778,,-0.027091577217336016,,,calm_controls,-0.018011420753006657,2014-07-11,2014-07-25,2014-07-25,-0.027091577217336016,11.0,0.7840689699962485,P1
P1 GLD,C_85,A_bull_2021,-1.4633060937473354,,-0.07721464230465469,,,calm_controls,-0.061333634419873384,2021-01-05,2021-06-14,2021-03-01,-0.06958393619452441,111.0,0.6022928578407083,P1
P1 GLD,C_85,D_recent_2025plus,1.8443283877363352,,-0.09168353570693621,,,calm_controls,0.4253375182061683,2026-01-29,2026-06-10,2026-02-02,-0.03439950767428812,92.0,0.28377896697110117,P1
P1 GLD,C_80,FULL,0.4563839147525261,0.4219917522223239,-0.23497756167835393,4.153572955744925,0.010062490458422235,,,,,,,,,P1
P1 GLD,C_80,E_bear_2018q4,1.6733709483222705,,-0.01862217011544509,,,modern_folds,0.059264791374515235,2019-02-19,2019-02-28,,-0.01862217011544509,8.0,1.0,P1
P1 GLD,C_80,X_2020_covid,1.2096317468499365,,-0.07457633083012871,,,modern_folds,0.11378629644003402,2020-08-06,2020-11-30,2020-08-12,-0.0384275874185287,81.0,0.5133121898346368,P1
P1 GLD,C_80,B_bear_2022,-0.0811434515974464,,-0.03645311098890813,,,modern_folds,0.009357636406347902,2022-03-08,2022-04-25,,-0.03645311098890813,34.0,0.5631633791420402,P1
P1 GLD,C_80,E2011_eu_us,0.2929201712630408,,-0.08026328094650215,,,market_factor_A0_calendar,0.01608780426454426,2011-08-22,2011-12-30,2011-12-30,-0.08026328094650215,92.0,0.3672804922494221,P1
P1 GLD,C_80,E2015_16_china,-0.024969412038613813,,-0.020287617743420694,,,market_factor_A0_calendar,-0.0008913680686204462,2016-03-10,2016-03-24,,-0.020287617743420694,11.0,0.4728066150705243,P1
P1 GLD,C_80,K2013_14_bull,-0.5168511751864622,,-0.026856579039170603,,,calm_controls,-0.017774229336324,2014-07-11,2014-07-25,2014-07-25,-0.026856579039170603,11.0,0.7840689699962485,P1
P1 GLD,C_80,A_bull_2021,-1.5623083038463186,,-0.08095526429948441,,,calm_controls,-0.06651896528780732,2021-01-05,2021-06-14,2021-03-01,-0.07351280841108854,111.0,0.6263785583247542,P1
P1 GLD,C_80,D_recent_2025plus,1.8167491403146996,,-0.08667199632944933,,,calm_controls,0.40932181091228736,2026-01-29,2026-06-10,2026-02-02,-0.03182350433986392,92.0,0.26472287531575595,P1
P1 GLD,buy_hold,FULL,0.42147844352708264,0.3108091241265913,-0.4555501381439947,0.0,,,,,,,,,,P1
P1 GLD,buy_hold,E_bear_2018q4,1.7405880656861157,,-0.026633553138648902,,,modern_folds,0.0923266672539862,2018-10-26,2018-11-12,,-0.026633553138648902,12.0,1.0,P1
P1 GLD,buy_hold,X_2020_covid,1.0368732846669866,,-0.1403888802929495,,,modern_folds,0.19440166075135856,2020-08-06,2020-11-30,,-0.1403888802929495,81.0,1.0,P1
P1 GLD,buy_hold,B_bear_2022,-0.05901628889196952,,-0.21032844237898762,,,modern_folds,-0.007721104351896324,2022-03-08,2022-09-26,,-0.21032844237898762,140.0,1.0,P1
P1 GLD,buy_hold,E2011_eu_us,0.0992047234354904,,-0.18554634595590191,,,market_factor_A0_calendar,-0.0024939292511635403,2011-08-22,2011-12-29,,-0.18554634595590191,91.0,1.0,P1
P1 GLD,buy_hold,E2015_16_china,0.3132373237561325,,-0.12851196670135323,,,market_factor_A0_calendar,0.03102541630149047,2015-06-18,2015-12-17,,-0.12851196670135323,128.0,1.0,P1
P1 GLD,buy_hold,K2013_14_bull,-0.8647783990103708,,-0.32919899798374774,,,calm_controls,-0.29897543513146563,2013-01-22,2014-11-05,,-0.32919899798374774,453.0,1.0,P1
P1 GLD,buy_hold,A_bull_2021,-0.241280778169253,,-0.13878711653086884,,,calm_controls,-0.04148912312177555,2021-01-05,2021-03-08,,-0.13878711653086884,43.0,1.0,P1
P1 GLD,buy_hold,D_recent_2025plus,1.202703567042244,,-0.2640451703972574,,,calm_controls,0.6942138520629431,2026-01-29,2026-07-16,,-0.2640451703972574,116.0,1.0,P1
P1 GLD,D_shock,FULL,0.4425754121205755,0.4091871194894461,-0.24056874229244218,3.169463882950687,,,,,,,,,,P1
P1 GLD,D_shock,E_bear_2018q4,1.712371025850209,,-0.021389108129439505,,,modern_folds,0.06297328133538116,2019-02-19,2019-02-28,,-0.021389108129439505,8.0,1.0,P1
P1 GLD,D_shock,X_2020_covid,1.0074334814842978,,-0.09428360120222645,,,modern_folds,0.10053049603622455,2020-08-06,2020-11-30,2020-08-12,-0.045906718108435496,81.0,0.6929451015527576,P1
P1 GLD,D_shock,B_bear_2022,-0.03920028344958769,,-0.04349471753083556,,,modern_folds,0.01035232465980207,2022-03-08,2022-04-25,,-0.04349471753083556,34.0,0.7316456301794463,P1
P1 GLD,D_shock,E2011_eu_us,0.3066749811261111,,-0.07746530105214999,,,market_factor_A0_calendar,0.018430815307909354,2011-08-22,2011-12-30,2011-12-30,-0.07746530105214999,92.0,0.4571359081061112,P1
P1 GLD,D_shock,E2015_16_china,-0.024969412038613813,,-0.020287617743420694,,,market_factor_A0_calendar,-0.0008913680686204462,2016-03-10,2016-03-24,,-0.020287617743420694,11.0,0.4728066150705243,P1
P1 GLD,D_shock,K2013_14_bull,-0.6054347051360117,,-0.02849419199741443,,,calm_controls,-0.01942712613993358,2014-07-11,2014-07-25,2014-07-15,-0.022189061148245037,11.0,0.7840689699962485,P1
P1 GLD,D_shock,A_bull_2021,-1.4815031281963154,,-0.08451057339244916,,,calm_controls,-0.06841338393753627,2021-01-05,2021-06-14,2021-01-11,-0.037316106045765074,111.0,0.7000158234597388,P1
P1 GLD,D_shock,D_recent_2025plus,1.8690516215892528,,-0.09598101214002985,,,calm_controls,0.4592001125398104,2026-01-29,2026-06-10,2026-02-02,-0.03956979573856334,92.0,0.34748195190081277,P1
P1 GLD,D_shock_on_C_85,FULL,0.43650300175381207,0.40443054119138755,-0.23164894749255505,3.8863105423487037,,,,,,,,,,P1
P1 GLD,D_shock_on_C_85,E_bear_2018q4,1.7105719478250438,,-0.020287219260030187,,,modern_folds,0.061494380275394445,2019-02-19,2019-02-28,,-0.020287219260030187,8.0,1.0,P1
P1 GLD,D_shock_on_C_85,X_2020_covid,1.023927072785942,,-0.09002929609407306,,,modern_folds,0.09493282381252999,2020-08-06,2020-11-30,2020-08-12,-0.04021676262993246,81.0,0.5432405869258802,P1
P1 GLD,D_shock_on_C_85,B_bear_2022,-0.07938468981325131,,-0.03792456964812485,,,modern_folds,0.009320894412657266,2022-03-08,2022-04-25,,-0.03792456964812485,34.0,0.5517533490983387,P1
P1 GLD,D_shock_on_C_85,E2011_eu_us,0.33883933317170406,,-0.07904262781059701,,,market_factor_A0_calendar,0.019582559160975066,2011-08-22,2011-12-30,2011-12-30,-0.07904262781059701,92.0,0.42075678273509987,P1
P1 GLD,D_shock_on_C_85,E2015_16_china,-0.024969412038613813,,-0.020287617743420694,,,market_factor_A0_calendar,-0.0008913680686204462,2016-03-10,2016-03-24,,-0.020287617743420694,11.0,0.4728066150705243,P1
P1 GLD,D_shock_on_C_85,K2013_14_bull,-0.5920892526993584,,-0.027714361118041264,,,calm_controls,-0.018640017097236394,2014-07-11,2014-07-25,2014-07-15,-0.021756266552281023,11.0,0.7840689699962485,P1
P1 GLD,D_shock_on_C_85,A_bull_2021,-1.4961846911679177,,-0.08146987287457452,,,calm_controls,-0.06624580453416007,2021-01-05,2021-06-14,2021-01-11,-0.03516852056563391,111.0,0.6604324282019411,P1
P1 GLD,D_shock_on_C_85,D_recent_2025plus,1.8621998937081015,,-0.0897969084617698,,,calm_controls,0.4238588992765133,2026-01-29,2026-06-10,2026-02-02,-0.03178592449851125,92.0,0.28377896697110117,P1
P1 GLD,D_shock_on_C_80,FULL,0.4365210461280267,0.405720298830018,-0.23230363210978433,4.499267183120363,,,,,,,,,,P1
P1 GLD,D_shock_on_C_80,E_bear_2018q4,1.6733709483222705,,-0.01862217011544509,,,modern_folds,0.059264791374515235,2019-02-19,2019-02-28,,-0.01862217011544509,8.0,1.0,P1
P1 GLD,D_shock_on_C_80,X_2020_covid,1.0204226284728755,,-0.08530831031198871,,,modern_folds,0.09427196968444718,2020-08-06,2020-11-30,2020-08-12,-0.0379899530110388,81.0,0.5133121898346368,P1
P1 GLD,D_shock_on_C_80,B_bear_2022,-0.0811434515974464,,-0.03645311098890813,,,modern_folds,0.009357636406347902,2022-03-08,2022-04-25,,-0.03645311098890813,34.0,0.5631633791420402,P1
P1 GLD,D_shock_on_C_80,E2011_eu_us,0.2929201712630408,,-0.08026328094650215,,,market_factor_A0_calendar,0.01608780426454426,2011-08-22,2011-12-30,2011-12-30,-0.08026328094650215,92.0,0.3672804922494221,P1
P1 GLD,D_shock_on_C_80,E2015_16_china,-0.024969412038613813,,-0.020287617743420694,,,market_factor_A0_calendar,-0.0008913680686204462,2016-03-10,2016-03-24,,-0.020287617743420694,11.0,0.4728066150705243,P1
P1 GLD,D_shock_on_C_80,K2013_14_bull,-0.5917100307313223,,-0.027606558904397116,,,calm_controls,-0.018531208765293572,2014-07-11,2014-07-25,2014-07-15,-0.02155163659782089,11.0,0.7840689699962485,P1
P1 GLD,D_shock_on_C_80,A_bull_2021,-1.4820401262797356,,-0.07921323431718152,,,calm_controls,-0.06360061260846894,2021-01-05,2021-06-14,2021-01-11,-0.029977650452992943,111.0,0.562561274711506,P1
P1 GLD,D_shock_on_C_80,D_recent_2025plus,1.787145046757412,,-0.08668722026057729,,,calm_controls,0.4002248346357551,2026-01-29,2026-06-10,2026-02-02,-0.029509027762584905,92.0,0.26472287531575595,P1
P2 UPRO,incumbent,FULL,0.6716283741348641,1.1236871785348888,-0.3274987803631696,2.9591846491731246,0.05241382310725286,,,,,,,,,P2
P2 UPRO,incumbent,E_bear_2018q4,-1.5088391397279333,,-0.18169066554597824,,,modern_folds,-0.1273277773669751,2018-09-20,2018-10-11,,-0.18169066554597824,16.0,1.0,P2
P2 UPRO,incumbent,X_2020_covid,0.7860062511150968,,-0.23672765125931006,,,modern_folds,0.17965944066589712,2020-02-19,2020-06-11,2020-02-28,-0.23415070506495628,80.0,0.8574281590616493,P2
P2 UPRO,incumbent,B_bear_2022,-2.1303062620373954,,-0.20847870232480292,,,modern_folds,-0.19156323933279906,2022-01-03,2022-08-30,2022-01-26,-0.15543605197646126,166.0,0.6085508761504368,P2
P2 UPRO,incumbent,E2011_eu_us,-1.0351888206224447,,-0.3111133546216345,,,market_factor_A0_calendar,-0.23032020766480021,2011-05-02,2011-10-03,2011-08-05,-0.2342548756817685,108.0,0.8805957987982022,P2
P2 UPRO,incumbent,E2015_16_china,,,0.0,,,market_factor_A0_calendar,0.0,2015-06-01,2015-06-01,,0.0,1.0,0.0,P2
P2 UPRO,incumbent,K2013_14_bull,1.2315700593317869,,-0.17904469083915553,,,calm_controls,0.8500124970892808,2014-09-18,2014-10-15,,-0.17904469083915553,20.0,1.0,P2
P2 UPRO,incumbent,A_bull_2021,1.5913643284632366,,-0.14410046124408415,,,calm_controls,0.556098280787007,2021-09-02,2021-10-04,,-0.14410046124408415,22.0,1.0,P2
P2 UPRO,incumbent,D_recent_2025plus,0.5745692608870123,,-0.22314555657592194,,,calm_controls,0.3133554961158558,2026-01-12,2026-03-31,2026-03-31,-0.22314555657592194,55.0,0.9487893293147768,P2
P2 UPRO,C_85,FULL,0.649858381585544,1.0872484077626783,-0.31845070396633,4.133204005870648,0.04873739736904299,,,,,,,,,P2
P2 UPRO,C_85,E_bear_2018q4,-1.643597375887834,,-0.1692020430680038,,,modern_folds,-0.12578839650978513,2018-09-20,2018-10-11,2018-10-11,-0.1692020430680038,16.0,1.0,P2
P2 UPRO,C_85,X_2020_covid,0.7430885494869995,,-0.21334468890502423,,,modern_folds,0.15648680983772678,2020-02-19,2020-06-26,2020-02-25,-0.1524980935768384,91.0,0.8521226163773071,P2
P2 UPRO,C_85,B_bear_2022,-2.148659042726498,,-0.21809403563185192,,,modern_folds,-0.20173115658318153,2022-01-03,2022-08-30,2022-01-26,-0.16736655112847287,166.0,0.5833397423148748,P2
P2 UPRO,C_85,E2011_eu_us,-0.8441642778315214,,-0.2832507029090945,,,market_factor_A0_calendar,-0.18583891665384944,2011-05-02,2011-10-03,2011-08-05,-0.2093265632282051,108.0,0.8805957987982022,P2
P2 UPRO,C_85,E2015_16_china,,,0.0,,,market_factor_A0_calendar,0.0,2015-06-01,2015-06-01,,0.0,1.0,0.0,P2
P2 UPRO,C_85,K2013_14_bull,1.1942234439462656,,-0.15034991056309088,,,calm_controls,0.7376949323603863,2014-09-18,2014-10-15,,-0.15034991056309088,20.0,1.0,P2
P2 UPRO,C_85,A_bull_2021,1.4630118712471136,,-0.13769566111443665,,,calm_controls,0.4534727802771308,2021-09-02,2021-10-04,,-0.13769566111443665,22.0,0.9992745393152799,P2
P2 UPRO,C_85,D_recent_2025plus,0.49686561423810544,,-0.22950149466678316,,,calm_controls,0.2605008758393954,2026-01-12,2026-03-31,2026-03-31,-0.22950149466678316,55.0,0.9084309339915935,P2
P2 UPRO,C_80,FULL,0.6638305065514972,1.1192852162961595,-0.3137024240907531,4.595932219957799,0.05000759489192615,,,,,,,,,P2
P2 UPRO,C_80,E_bear_2018q4,-1.6672448322239524,,-0.16598383833850683,,,modern_folds,-0.12474069063141513,2018-09-20,2018-10-11,2018-10-11,-0.16598383833850683,16.0,1.0,P2
P2 UPRO,C_80,X_2020_covid,0.8206434656162228,,-0.19907718626053172,,,modern_folds,0.17203737034390354,2020-02-19,2020-06-26,2020-02-25,-0.1404862580998829,91.0,0.7894420872015414,P2
P2 UPRO,C_80,B_bear_2022,-2.122281263994657,,-0.21175616835722733,,,modern_folds,-0.19446906922358542,2022-01-03,2022-08-30,2022-01-26,-0.16114143994267494,166.0,0.6403739660633629,P2
P2 UPRO,C_80,E2011_eu_us,-0.8507395207088654,,-0.27030387733382055,,,market_factor_A0_calendar,-0.17814843506064837,2011-05-02,2011-10-03,2011-08-05,-0.20156213041246396,108.0,0.8353321541056168,P2
P2 UPRO,C_80,E2015_16_china,,,0.0,,,market_factor_A0_calendar,0.0,2015-06-01,2015-06-01,,0.0,1.0,0.0,P2
P2 UPRO,C_80,K2013_14_bull,1.1765267825565857,,-0.15048358835228592,,,calm_controls,0.7163061249308238,2014-09-18,2014-10-15,2014-10-14,-0.141830017359857,20.0,1.0,P2
P2 UPRO,C_80,A_bull_2021,1.4518593280887206,,-0.1440444748503258,,,calm_controls,0.4363081466648151,2021-09-02,2021-10-04,,-0.1440444748503258,22.0,1.0,P2
P2 UPRO,C_80,D_recent_2025plus,0.4649046380301516,,-0.22817097701791889,,,calm_controls,0.24130695599702956,2026-01-12,2026-03-31,2026-03-31,-0.22817097701791889,55.0,0.9487893293147768,P2
P2 UPRO,buy_hold,FULL,0.7914113787075456,1.532822329877317,-0.7681535269709543,0.0,,,,,,,,,,P2
P2 UPRO,buy_hold,E_bear_2018q4,-0.4043387482028374,,-0.5030608570399715,,,modern_folds,-0.16518188567186431,2018-09-20,2018-12-24,,-0.5030608570399715,66.0,1.0,P2
P2 UPRO,buy_hold,X_2020_covid,0.657387393000236,,-0.7681535269709545,,,modern_folds,0.11114448783418629,2020-02-19,2020-03-23,,-0.7681535269709545,24.0,1.0,P2
P2 UPRO,buy_hold,B_bear_2022,-0.8205755249937124,,-0.6394648829431437,,,modern_folds,-0.5685313733496664,2022-01-03,2022-10-12,,-0.6394648829431437,196.0,1.0,P2
P2 UPRO,buy_hold,E2011_eu_us,-0.2647987361145016,,-0.5147928994082842,,,market_factor_A0_calendar,-0.3049853372434016,2011-05-02,2011-10-03,,-0.5147928994082842,108.0,1.0,P2
P2 UPRO,buy_hold,E2015_16_china,0.014868225123984535,,-0.38850174216027944,,,market_factor_A0_calendar,-0.10384959713518405,2015-07-20,2016-02-11,,-0.38850174216027944,144.0,1.0,P2
P2 UPRO,buy_hold,K2013_14_bull,1.8146967694233689,,-0.21079429735234212,,,calm_controls,2.0115273775216136,2014-09-18,2014-10-15,,-0.21079429735234212,20.0,1.0,P2
P2 UPRO,buy_hold,A_bull_2021,1.9689018154553841,,-0.15195391561575622,,,calm_controls,0.9862124898621225,2021-09-02,2021-10-04,,-0.15195391561575622,22.0,1.0,P2
P2 UPRO,buy_hold,D_recent_2025plus,0.8413005077700079,,-0.4886595831630566,,,calm_controls,0.7623025864042132,2025-02-19,2025-04-08,,-0.4886595831630566,35.0,1.0,P2
P2 UPRO,D_shock,FULL,0.6717055374582892,1.1567891312911518,-0.3085358296368972,4.150672803014114,,,,,,,,,,P2
P2 UPRO,D_shock,E_bear_2018q4,-1.8428067631942198,,-0.16905939237616618,,,modern_folds,-0.13606112333891307,2018-09-20,2018-10-23,2018-10-11,-0.16262531116693935,24.0,1.0,P2
P2 UPRO,D_shock,X_2020_covid,0.8470655093127323,,-0.19988343329079983,,,modern_folds,0.1772387252185479,2020-02-19,2020-06-26,2020-02-25,-0.1424895195186925,91.0,0.8563887629675414,P2
P2 UPRO,D_shock,B_bear_2022,-2.1224143686682946,,-0.20600374381477948,,,modern_folds,-0.18918144061337827,2022-01-03,2022-08-30,2022-01-26,-0.1527952377159233,166.0,0.598104034353948,P2
P2 UPRO,D_shock,E2011_eu_us,-0.884755890492303,,-0.2927048477001136,,,market_factor_A0_calendar,-0.20093070847593242,2011-05-02,2011-10-03,2011-06-02,-0.09526576258273534,108.0,0.9785053676497968,P2
P2 UPRO,D_shock,E2015_16_china,,,0.0,,,market_factor_A0_calendar,0.0,2015-06-01,2015-06-01,,0.0,1.0,0.0,P2
P2 UPRO,D_shock,K2013_14_bull,1.3366011686509849,,-0.15981304108639127,,,calm_controls,0.9294046515374885,2014-09-18,2014-10-15,2014-09-26,-0.0672097759674134,20.0,1.0,P2
P2 UPRO,D_shock,A_bull_2021,1.6628465449535268,,-0.1441004612440845,,,calm_controls,0.5587788128759168,2021-09-02,2021-10-04,,-0.1441004612440845,22.0,1.0,P2
P2 UPRO,D_shock,D_recent_2025plus,0.43750263025804736,,-0.2437401022029112,,,calm_controls,0.23207569275869755,2026-01-12,2026-03-31,2026-01-21,-0.07695673386544244,55.0,0.9768222865597337,P2
P2 UPRO,D_shock_on_C_85,FULL,0.6468578468120275,1.0861012846093026,-0.3042266305824559,4.950425941211656,,,,,,,,,,P2
P2 UPRO,D_shock_on_C_85,E_bear_2018q4,-1.8049389530270388,,-0.16251957822919016,,,modern_folds,-0.12926160044176127,2018-09-20,2018-10-23,2018-10-11,-0.15638099992795218,24.0,1.0,P2
P2 UPRO,D_shock_on_C_85,X_2020_covid,0.8476775302721357,,-0.19675296847927992,,,modern_folds,0.17301364216522264,2020-02-19,2020-06-26,2020-02-25,-0.1358234576738534,91.0,0.8521226163773071,P2
P2 UPRO,D_shock_on_C_85,B_bear_2022,-2.148659042726498,,-0.21809403563185192,,,modern_folds,-0.20173115658318153,2022-01-03,2022-08-30,2022-01-26,-0.16736655112847287,166.0,0.5833397423148748,P2
P2 UPRO,D_shock_on_C_85,E2011_eu_us,-0.7488638348316725,,-0.2652456102499512,,,market_factor_A0_calendar,-0.1657739525837808,2011-05-02,2011-10-03,2011-06-02,-0.09049727509661054,108.0,0.932914987259778,P2
P2 UPRO,D_shock_on_C_85,E2015_16_china,,,0.0,,,market_factor_A0_calendar,0.0,2015-06-01,2015-06-01,,0.0,1.0,0.0,P2
P2 UPRO,D_shock_on_C_85,K2013_14_bull,1.2183024884903364,,-0.1503499105630911,,,calm_controls,0.7530950919980954,2014-09-18,2014-10-15,,-0.1503499105630911,20.0,1.0,P2
P2 UPRO,D_shock_on_C_85,A_bull_2021,1.4966765163487115,,-0.13769566111443665,,,calm_controls,0.45084119668500766,2021-09-02,2021-10-04,,-0.13769566111443665,22.0,0.9992745393152799,P2
P2 UPRO,D_shock_on_C_85,D_recent_2025plus,0.3972850630948981,,-0.24825456187034567,,,calm_controls,0.20651042245469386,2026-01-12,2026-03-31,2026-01-21,-0.0768226738149721,55.0,0.9084309339915935,P2
P2 UPRO,D_shock_on_C_80,FULL,0.6600534828672074,1.1214082382021462,-0.30338718715059,5.41463974659926,,,,,,,,,,P2
P2 UPRO,D_shock_on_C_80,E_bear_2018q4,-1.7969092945998042,,-0.1613518912588171,,,modern_folds,-0.12804754234877613,2018-09-20,2018-10-23,2018-10-11,-0.15477189756320364,24.0,1.0,P2
P2 UPRO,D_shock_on_C_80,X_2020_covid,0.8100607857241057,,-0.18522802183581144,,,modern_folds,0.16247107546968076,2020-02-19,2020-06-26,2020-02-25,-0.12546905424284716,91.0,0.7894420872015414,P2
P2 UPRO,D_shock_on_C_80,B_bear_2022,-2.1352000147921433,,-0.2161844154621534,,,modern_folds,-0.1987835734305271,2022-01-03,2022-08-30,2022-01-26,-0.16585403373776342,166.0,0.6608367169653362,P2
P2 UPRO,D_shock_on_C_80,E2011_eu_us,-0.7098132116991315,,-0.24617766656239914,,,market_factor_A0_calendar,-0.1509752550715573,2011-05-02,2011-10-03,2011-06-02,-0.08282692212021603,108.0,0.8353321541056168,P2
P2 UPRO,D_shock_on_C_80,E2015_16_china,,,0.0,,,market_factor_A0_calendar,0.0,2015-06-01,2015-06-01,,0.0,1.0,0.0,P2
P2 UPRO,D_shock_on_C_80,K2013_14_bull,1.234338058448208,,-0.15048358835228626,,,calm_controls,0.7593666371732031,2014-09-18,2014-10-15,2014-10-14,-0.14183001735985734,20.0,1.0,P2
P2 UPRO,D_shock_on_C_80,A_bull_2021,1.4802160264675153,,-0.1440444748503259,,,calm_controls,0.43452809219894073,2021-09-02,2021-10-04,,-0.1440444748503259,22.0,1.0,P2
P2 UPRO,D_shock_on_C_80,D_recent_2025plus,0.40152173534718755,,-0.2399551530183195,,,calm_controls,0.2080753037848011,2026-01-12,2026-03-31,2026-01-21,-0.07740905868024872,55.0,0.8899692163082619,P2
P2 TQQQ,incumbent,FULL,0.8640145313316812,1.8003476112354473,-0.29413157041171745,3.090070270524009,0.04897712468245029,,,,,,,,,P2
P2 TQQQ,incumbent,E_bear_2018q4,-2.0909914357800057,,-0.22989405862795564,,,modern_folds,-0.23079137937925065,2018-10-01,2018-10-25,2018-10-17,-0.2135585971569257,19.0,0.8980970806742681,P2
P2 TQQQ,incumbent,X_2020_covid,1.1576350006318037,,-0.2504701574761433,,,modern_folds,0.3164933835383965,2020-02-19,2020-04-21,2020-02-28,-0.2145746307336811,44.0,0.6984262309251991,P2
P2 TQQQ,incumbent,B_bear_2022,,,0.0,,,modern_folds,0.012881409782865116,2022-01-03,2022-01-03,,0.0,1.0,0.0,P2
P2 TQQQ,incumbent,E2011_eu_us,-0.6497176747372677,,-0.22598882208662396,,,market_factor_A0_calendar,-0.16036413145629425,2011-05-10,2011-10-03,2011-08-05,-0.18930618854629522,102.0,0.7491553846635995,P2
P2 TQQQ,incumbent,E2015_16_china,0.07649962792432871,,-0.04762791008274636,,,market_factor_A0_calendar,0.0024813247643939995,2015-06-01,2015-06-09,,-0.04762791008274636,7.0,0.6826644886812967,P2
P2 TQQQ,incumbent,K2013_14_bull,1.779432125739563,,-0.15338588058988656,,,calm_controls,1.3621045828791671,2014-03-05,2014-04-11,,-0.15338588058988656,28.0,0.6625750200856001,P2
P2 TQQQ,incumbent,A_bull_2021,0.6389568553057487,,-0.18843515496792496,,,calm_controls,0.1596070071947424,2021-09-07,2021-10-04,,-0.18843515496792496,20.0,1.0,P2
P2 TQQQ,incumbent,D_recent_2025plus,0.5880312107210439,,-0.2504024180839878,,,calm_controls,0.33174824687058657,2025-10-29,2026-03-30,,-0.2504024180839878,104.0,0.6273828392067624,P2
P2 TQQQ,C_85,FULL,0.8669286285355436,1.8787546653215905,-0.27652746187647426,4.1497150717055895,0.042746235598937,,,,,,,,,P2
P2 TQQQ,C_85,E_bear_2018q4,-2.273678827867327,,-0.21254272731948987,,,modern_folds,-0.21239112937949267,2018-10-01,2018-10-25,2018-10-11,-0.18320787113464465,19.0,0.7916740930057999,P2
P2 TQQQ,C_85,X_2020_covid,1.4348248453626125,,-0.20693655384665488,,,modern_folds,0.37828616540358917,2020-02-19,2020-04-21,2020-02-28,-0.1781666431166692,44.0,0.6108284850643672,P2
P2 TQQQ,C_85,B_bear_2022,,,0.0,,,modern_folds,0.012881409782865116,2022-01-03,2022-01-03,,0.0,1.0,0.0,P2
P2 TQQQ,C_85,E2011_eu_us,-0.7269285786765172,,-0.21972595404167017,,,market_factor_A0_calendar,-0.1591244838323007,2011-05-10,2011-10-03,2011-08-05,-0.16661516671884224,102.0,0.7491553846635995,P2
P2 TQQQ,C_85,E2015_16_china,0.00468004840026281,,-0.05017702110216116,,,market_factor_A0_calendar,-0.0019801703535814452,2015-06-01,2015-06-09,,-0.05017702110216116,7.0,0.6588817337230579,P2
P2 TQQQ,C_85,K2013_14_bull,1.843419024984916,,-0.13089540271029543,,,calm_controls,1.3266725596620885,2014-03-05,2014-04-11,,-0.13089540271029543,28.0,0.6597298914814296,P2
P2 TQQQ,C_85,A_bull_2021,0.6209496085077258,,-0.1734308775411577,,,calm_controls,0.14521464861044997,2021-09-07,2021-10-04,2021-09-29,-0.14609769745008871,20.0,0.9472367132825966,P2
P2 TQQQ,C_85,D_recent_2025plus,0.5503077623894662,,-0.22967223519916435,,,calm_controls,0.2973306846126216,2025-10-29,2026-03-30,,-0.22967223519916435,104.0,0.5755961961875782,P2
P2 TQQQ,C_80,FULL,0.8707649645248606,1.8448943231805628,-0.263667149432523,4.839239919415289,0.043442947809011895,,,,,,,,,P2
P2 TQQQ,C_80,E_bear_2018q4,-2.3028663619453327,,-0.20374195327986,,,modern_folds,-0.20655746235280925,2018-09-04,2018-10-25,2018-10-11,-0.1745529533371425,38.0,0.8996991976585668,P2
P2 TQQQ,C_80,X_2020_covid,1.3747991677720692,,-0.20930836924742524,,,modern_folds,0.33863434239459145,2020-02-19,2020-04-21,2020-02-25,-0.14065750673325372,44.0,0.7044865468624829,P2
P2 TQQQ,C_80,B_bear_2022,,,0.0,,,modern_folds,0.012881409782865116,2022-01-03,2022-01-03,,0.0,1.0,0.0,P2
P2 TQQQ,C_80,E2011_eu_us,-0.6721830755226686,,-0.21849622770340682,,,market_factor_A0_calendar,-0.14900179780152312,2011-05-10,2011-10-03,2011-08-03,-0.17280965402198667,102.0,0.873024610766875,P2
P2 TQQQ,C_80,E2015_16_china,0.0032264682696231967,,-0.04756619800560691,,,market_factor_A0_calendar,-0.0018593685128077686,2015-06-01,2015-06-09,,-0.04756619800560691,7.0,0.6260819819176019,P2
P2 TQQQ,C_80,K2013_14_bull,1.9416689953590358,,-0.11626973454684986,,,calm_controls,1.3895408124284865,2013-05-21,2013-06-24,,-0.11626973454684986,24.0,0.688512642831904,P2
P2 TQQQ,C_80,A_bull_2021,0.7069041476784534,,-0.18389323220865028,,,calm_controls,0.16984890145005904,2021-09-07,2021-10-04,2021-09-29,-0.16077862802964316,20.0,0.8579636086427118,P2
P2 TQQQ,C_80,D_recent_2025plus,0.49179606337983184,,-0.24628203537080873,,,calm_controls,0.2624092552842743,2025-10-29,2026-03-30,,-0.24628203537080873,104.0,0.6098185024187753,P2
P2 TQQQ,buy_hold,FULL,0.8670293869900999,1.5759644993636583,-0.8155197657393846,0.0,,,,,,,,,,P2
P2 TQQQ,buy_hold,E_bear_2018q4,-0.5435489397353831,,-0.5752427184466021,,,modern_folds,-0.2929171668667474,2018-10-01,2018-12-24,,-0.5752427184466021,59.0,1.0,P2
P2 TQQQ,buy_hold,X_2020_covid,1.2249809128579205,,-0.6989010989010989,,,modern_folds,0.9418282548476424,2020-02-19,2020-03-20,,-0.6989010989010989,23.0,1.0,P2
P2 TQQQ,buy_hold,B_bear_2022,-1.1681812285994175,,-0.8090426875473601,,,modern_folds,-0.7897609147609144,2022-01-03,2022-12-28,,-0.8090426875473601,249.0,1.0,P2
P2 TQQQ,buy_hold,E2011_eu_us,-0.1699032560461159,,-0.4391461601615374,,,market_factor_A0_calendar,-0.264254164704828,2011-07-22,2011-08-19,,-0.4391461601615374,21.0,1.0,P2
P2 TQQQ,buy_hold,E2015_16_china,0.08119533149071011,,-0.44897959183673475,,,market_factor_A0_calendar,-0.11312217194570151,2015-07-20,2016-02-09,,-0.44897959183673475,142.0,1.0,P2
P2 TQQQ,buy_hold,K2013_14_bull,1.8701503139266757,,-0.23563218390804608,,,calm_controls,2.737010391686658,2014-09-18,2014-10-16,,-0.23563218390804608,21.0,1.0,P2
P2 TQQQ,buy_hold,A_bull_2021,1.3893580864544572,,-0.30427954456223005,,,calm_controls,0.8297669995244887,2021-02-12,2021-03-08,,-0.30427954456223005,16.0,1.0,P2
P2 TQQQ,buy_hold,D_recent_2025plus,0.813333732392088,,-0.5684210526315789,,,calm_controls,0.8444614991046244,2025-02-18,2025-04-08,,-0.5684210526315789,36.0,1.0,P2
P2 TQQQ,D_shock,FULL,0.8802304997901407,1.9446428435521708,-0.28136170061024945,3.853542650849305,,,,,,,,,,P2
P2 TQQQ,D_shock,E_bear_2018q4,-2.1414791735049943,,-0.1735645079485565,,,modern_folds,-0.17452746340284564,2018-10-01,2018-10-25,2018-10-05,-0.06806769961003478,19.0,0.8980970806742681,P2
P2 TQQQ,D_shock,X_2020_covid,1.4546961334664812,,-0.218337662139087,,,modern_folds,0.38899616167273177,2020-02-19,2020-04-21,2020-02-25,-0.14935344216462365,44.0,0.6984262309251991,P2
P2 TQQQ,D_shock,B_bear_2022,,,0.0,,,modern_folds,0.012881409782865116,2022-01-03,2022-01-03,,0.0,1.0,0.0,P2
P2 TQQQ,D_shock,E2011_eu_us,-0.5987268176516453,,-0.2150170364126862,,,market_factor_A0_calendar,-0.14216145940573122,2011-05-10,2011-08-19,2011-08-05,-0.18930618854629522,72.0,0.7491553846635995,P2
P2 TQQQ,D_shock,E2015_16_china,0.07649962792432871,,-0.04762791008274636,,,market_factor_A0_calendar,0.0024813247643939995,2015-06-01,2015-06-09,,-0.04762791008274636,7.0,0.6826644886812967,P2
P2 TQQQ,D_shock,K2013_14_bull,1.7215383931933395,,-0.15338588058988656,,,calm_controls,1.2892487611159504,2014-03-05,2014-04-11,,-0.15338588058988656,28.0,0.6625750200856001,P2
P2 TQQQ,D_shock,A_bull_2021,0.6931203895950312,,-0.1899054208893579,,,calm_controls,0.1741387491587858,2021-09-07,2021-12-03,2021-09-21,-0.12203390754866095,63.0,1.0,P2
P2 TQQQ,D_shock,D_recent_2025plus,0.492591869019695,,-0.25005732554781823,,,calm_controls,0.2708857036902006,2025-10-29,2026-03-30,,-0.25005732554781823,104.0,0.6208590961629118,P2
P2 TQQQ,D_shock_on_C_85,FULL,0.8702975203039119,1.9743891802994702,-0.2633216042561952,4.734239070669128,,,,,,,,,,P2
P2 TQQQ,D_shock_on_C_85,E_bear_2018q4,-2.259089535263621,,-0.1707470541569429,,,modern_folds,-0.1705874098909137,2018-10-01,2018-10-25,2018-10-05,-0.06994126115392685,19.0,0.7916740930057999,P2
P2 TQQQ,D_shock_on_C_85,X_2020_covid,1.5309476964197042,,-0.19382880720078688,,,modern_folds,0.39318609275639194,2020-02-19,2020-04-21,2020-02-25,-0.12900608481810727,44.0,0.6108284850643672,P2
P2 TQQQ,D_shock_on_C_85,B_bear_2022,,,0.0,,,modern_folds,0.012881409782865116,2022-01-03,2022-01-03,,0.0,1.0,0.0,P2
P2 TQQQ,D_shock_on_C_85,E2011_eu_us,-0.6607921264336842,,-0.20217855091667547,,,market_factor_A0_calendar,-0.14263088221098308,2011-05-10,2011-10-03,2011-08-05,-0.1641238862343154,102.0,0.79405494657548,P2
P2 TQQQ,D_shock_on_C_85,E2015_16_china,0.00468004840026281,,-0.05017702110216116,,,market_factor_A0_calendar,-0.0019801703535814452,2015-06-01,2015-06-09,,-0.05017702110216116,7.0,0.6588817337230579,P2
P2 TQQQ,D_shock_on_C_85,K2013_14_bull,1.7802395210129074,,-0.13089540271029565,,,calm_controls,1.2371921580956786,2014-03-05,2014-04-11,,-0.13089540271029565,28.0,0.6597298914814296,P2
P2 TQQQ,D_shock_on_C_85,A_bull_2021,0.644441900067933,,-0.17564190852779082,,,calm_controls,0.15033724102378465,2021-09-07,2021-10-04,2021-09-21,-0.11571286024233607,20.0,0.9472367132825966,P2
P2 TQQQ,D_shock_on_C_85,D_recent_2025plus,0.4903212552729408,,-0.24209232590534235,,,calm_controls,0.2614667685601917,2025-10-08,2026-03-30,2025-10-13,-0.1001167792105081,119.0,0.922928434697141,P2
P2 TQQQ,D_shock_on_C_80,FULL,0.8726518268020846,1.9264815987916377,-0.2636671494325228,5.303835411402896,,,,,,,,,,P2
P2 TQQQ,D_shock_on_C_80,E_bear_2018q4,-2.267908372060325,,-0.16764461357995075,,,modern_folds,-0.17058776015415134,2018-09-04,2018-10-25,2018-10-05,-0.07043026939178665,38.0,0.8996991976585668,P2
P2 TQQQ,D_shock_on_C_80,X_2020_covid,1.5476037103812115,,-0.19100338495827274,,,modern_folds,0.3740833994414723,2020-02-19,2020-04-21,2020-02-25,-0.13024655035439658,44.0,0.7044865468624829,P2
P2 TQQQ,D_shock_on_C_80,B_bear_2022,,,0.0,,,modern_folds,0.012881409782865116,2022-01-03,2022-01-03,,0.0,1.0,0.0,P2
P2 TQQQ,D_shock_on_C_80,E2011_eu_us,-0.6345163699186928,,-0.20936412928981185,,,market_factor_A0_calendar,-0.13905763680351402,2011-05-10,2011-10-03,2011-08-03,-0.17280965402198667,102.0,0.873024610766875,P2
P2 TQQQ,D_shock_on_C_80,E2015_16_china,0.0032264682696231967,,-0.04756619800560691,,,market_factor_A0_calendar,-0.0018593685128077686,2015-06-01,2015-06-09,,-0.04756619800560691,7.0,0.6260819819176019,P2
P2 TQQQ,D_shock_on_C_80,K2013_14_bull,1.8648932389312844,,-0.11626973454684986,,,calm_controls,1.2854194465967312,2013-05-21,2013-06-24,,-0.11626973454684986,24.0,0.688512642831904,P2
P2 TQQQ,D_shock_on_C_80,A_bull_2021,0.7930871253810302,,-0.17259312149883466,,,calm_controls,0.19467803965164854,2021-09-07,2021-10-04,2021-09-29,-0.1597825513593375,20.0,0.8579636086427118,P2
P2 TQQQ,D_shock_on_C_80,D_recent_2025plus,0.4312364371693938,,-0.25468109838297703,,,calm_controls,0.22735585095349609,2025-10-08,2026-03-30,2025-10-13,-0.10823790173623937,119.0,1.0,P2
P2 TECL,incumbent,FULL,0.7938927329560135,1.6369540606817796,-0.3233111941204041,3.088363622274729,0.04721328516587323,,,,,,,,,P2
P2 TECL,incumbent,E_bear_2018q4,-1.6844548362840646,,-0.23949446493487836,,,modern_folds,-0.198410221483726,2018-10-03,2018-10-25,2018-10-11,-0.2273497427081288,17.0,0.904365606932433,P2
P2 TECL,incumbent,X_2020_covid,0.8631893219205529,,-0.25318994636989367,,,modern_folds,0.21154221903837156,2020-02-19,2020-04-21,2020-03-04,-0.19095903629579425,44.0,0.4979463362350657,P2
P2 TECL,incumbent,B_bear_2022,-1.1742685760983316,,-0.0733067178311223,,,modern_folds,-0.051224977511724834,2022-01-03,2022-01-14,2022-01-14,-0.0733067178311223,10.0,0.37994295110612186,P2
P2 TECL,incumbent,E2011_eu_us,-0.6814802548454382,,-0.23389416396410334,,,market_factor_A0_calendar,-0.16637780181700745,2011-05-10,2011-08-19,2011-08-05,-0.1821295423563537,72.0,0.7701667065239713,P2
P2 TECL,incumbent,E2015_16_china,-0.9189360785359639,,-0.09455350689355146,,,market_factor_A0_calendar,-0.06514968900896267,2015-06-01,2015-11-13,2015-06-18,-0.05408996238399466,118.0,0.7195137774279077,P2
P2 TECL,incumbent,K2013_14_bull,1.0624615209275932,,-0.13867597599659232,,,calm_controls,0.5876527916141878,2013-05-17,2013-06-24,,-0.13867597599659232,26.0,0.7345456090471453,P2
P2 TECL,incumbent,A_bull_2021,1.070569769057768,,-0.166545315786906,,,calm_controls,0.32696654220453714,2021-08-30,2021-11-01,2021-10-05,-0.16583740910258404,45.0,0.878210926862432,P2
P2 TECL,incumbent,D_recent_2025plus,1.015435660340768,,-0.24625611418707172,,,calm_controls,0.6413885352064972,2025-10-29,2026-03-30,,-0.24625611418707172,104.0,0.5277804308821377,P2
P2 TECL,C_85,FULL,0.7917894314329312,1.625281043351728,-0.31078238690232174,3.9033553925462763,0.04127784070297941,,,,,,,,,P2
P2 TECL,C_85,E_bear_2018q4,-1.7560198592742975,,-0.21602595997217355,,,modern_folds,-0.17387880338966044,2018-10-03,2018-10-25,2018-10-11,-0.19008576275338862,17.0,0.8811238620732587,P2
P2 TECL,C_85,X_2020_covid,1.0024395936952455,,-0.22171881170426622,,,modern_folds,0.23775837510262376,2020-02-19,2020-04-21,2020-02-28,-0.16695645942297443,44.0,0.4917821756723026,P2
P2 TECL,C_85,B_bear_2022,-1.2303686370310953,,-0.0818432397643456,,,modern_folds,-0.05850850214969339,2022-01-03,2022-01-14,2022-01-14,-0.0818432397643456,10.0,0.43721857336054654,P2
P2 TECL,C_85,E2011_eu_us,-0.669040153440037,,-0.21886721840678158,,,market_factor_A0_calendar,-0.14864480954696602,2011-05-12,2011-10-03,2011-08-05,-0.17575012624961828,100.0,0.8241414428817042,P2
P2 TECL,C_85,E2015_16_china,-0.8165218686868759,,-0.08774629059950312,,,market_factor_A0_calendar,-0.05914063101828326,2015-06-01,2015-11-13,2015-06-18,-0.051172391393342065,118.0,0.6804818286979836,P2
P2 TECL,C_85,K2013_14_bull,1.1218734921501619,,-0.12423601609221369,,,calm_controls,0.5917479320221561,2014-01-15,2014-02-03,,-0.12423601609221369,13.0,0.7243757413378734,P2
P2 TECL,C_85,A_bull_2021,0.9786635319644899,,-0.15408360349343675,,,calm_controls,0.2659416362902125,2021-08-30,2021-11-01,2021-10-05,-0.15336511227512906,45.0,0.8074072276133207,P2
P2 TECL,C_85,D_recent_2025plus,0.9794800556740082,,-0.22685595480123455,,,calm_controls,0.5759276394221153,2025-10-29,2026-03-30,,-0.22685595480123455,104.0,0.4731089240938225,P2
P2 TECL,C_80,FULL,0.7824310136640984,1.5769965867498705,-0.30562041227772285,4.538924819392913,0.04170212362934502,,,,,,,,,P2
P2 TECL,C_80,E_bear_2018q4,-1.8235469189267568,,-0.22080324439525245,,,modern_folds,-0.1783941520290262,2018-10-03,2018-10-25,2018-10-11,-0.19152690411611806,17.0,0.9948518600634143,P2
P2 TECL,C_80,X_2020_covid,0.962185590886956,,-0.23101145454202088,,,modern_folds,0.22224646871804254,2020-02-19,2020-04-21,2020-02-25,-0.1402979681366746,44.0,0.5548422868107392,P2
P2 TECL,C_80,B_bear_2022,-1.22956328363271,,-0.0761639455427745,,,modern_folds,-0.053442643554254876,2022-01-03,2022-01-14,2022-01-14,-0.0761639455427745,10.0,0.40652810006637247,P2
P2 TECL,C_80,E2011_eu_us,-0.7740714271801848,,-0.2297410019342192,,,market_factor_A0_calendar,-0.164433639785163,2011-05-12,2011-10-03,2011-07-28,-0.17709339029528715,100.0,0.8039895012429945,P2
P2 TECL,C_80,E2015_16_china,-0.9126195731253208,,-0.09726201610775476,,,market_factor_A0_calendar,-0.06656677753526774,2015-06-01,2015-11-13,2015-06-18,-0.05631582905030219,118.0,0.5969694863812367,P2
P2 TECL,C_80,K2013_14_bull,1.153946907228736,,-0.11643046672865276,,,calm_controls,0.5974002197663835,2013-05-17,2013-06-24,,-0.11643046672865276,26.0,0.8365258182035181,P2
P2 TECL,C_80,A_bull_2021,0.9583433948385882,,-0.14646892437952386,,,calm_controls,0.2589546591973957,2021-08-30,2021-11-01,2021-09-29,-0.12674461171217588,45.0,0.8108884108381093,P2
P2 TECL,C_80,D_recent_2025plus,1.0212608204308218,,-0.2332664174951452,,,calm_controls,0.5942642372815821,2025-10-29,2026-03-30,,-0.2332664174951452,104.0,0.4605975095306541,P2
P2 TECL,buy_hold,FULL,0.8776473890016596,1.7344917823553616,-0.7795820895522384,0.0,,,,,,,,,,P2
P2 TECL,buy_hold,E_bear_2018q4,-0.407003453094156,,-0.5964125560538114,,,modern_folds,-0.27449707981829896,2018-10-03,2018-12-24,,-0.5964125560538114,57.0,1.0,P2
P2 TECL,buy_hold,X_2020_covid,0.9954295874538015,,-0.7510631337912987,,,modern_folds,0.525630593978843,2020-02-19,2020-03-23,,-0.7510631337912987,24.0,1.0,P2
P2 TECL,buy_hold,B_bear_2022,-0.9128743626931253,,-0.7750700621420735,,,modern_folds,-0.7431077694235586,2022-01-03,2022-10-12,,-0.7750700621420735,196.0,1.0,P2
P2 TECL,buy_hold,E2011_eu_us,-0.203726909057841,,-0.47733620689655165,,,market_factor_A0_calendar,-0.28567241379310393,2011-05-10,2011-08-19,,-0.47733620689655165,72.0,1.0,P2
P2 TECL,buy_hold,E2015_16_china,0.2998461617246612,,-0.36438356164383556,,,market_factor_A0_calendar,0.0028011204481774854,2015-07-20,2015-08-25,,-0.36438356164383556,27.0,1.0,P2
P2 TECL,buy_hold,K2013_14_bull,1.6249995683479115,,-0.22999999999999965,,,calm_controls,1.846846846846847,2014-09-18,2014-10-16,,-0.22999999999999965,21.0,1.0,P2
P2 TECL,buy_hold,A_bull_2021,1.6006925527742544,,-0.2645407590388502,,,calm_controls,1.1280000000000046,2021-02-12,2021-03-08,,-0.2645407590388502,16.0,1.0,P2
P2 TECL,buy_hold,D_recent_2025plus,0.9854723128393231,,-0.6270391299712124,,,calm_controls,1.3778959810874696,2025-01-23,2025-04-08,,-0.6270391299712124,53.0,1.0,P2
P2 TECL,D_shock,FULL,0.7991142349195572,1.6465512893280896,-0.3183443202370926,3.9193979583123904,,,,,,,,,,P2
P2 TECL,D_shock,E_bear_2018q4,-1.9221008222008271,,-0.2531206685118098,,,modern_folds,-0.21277254365448406,2018-10-03,2018-10-25,2018-10-11,-0.21999347170957584,17.0,0.904365606932433,P2
P2 TECL,D_shock,X_2020_covid,0.9164253539416507,,-0.24852761654122324,,,modern_folds,0.21502045965805028,2020-02-19,2020-04-21,2020-02-25,-0.1369190671885676,44.0,0.5677456364458613,P2
P2 TECL,D_shock,B_bear_2022,-1.1742685760983316,,-0.0733067178311223,,,modern_folds,-0.051224977511724834,2022-01-03,2022-01-14,2022-01-14,-0.0733067178311223,10.0,0.37994295110612186,P2
P2 TECL,D_shock,E2011_eu_us,-0.6330511152242632,,-0.2332900408140407,,,market_factor_A0_calendar,-0.14884499630935533,2011-05-12,2011-08-19,2011-08-05,-0.18917476583292214,70.0,0.72413459179784,P2
P2 TECL,D_shock,E2015_16_china,-0.9189360785359639,,-0.09455350689355146,,,market_factor_A0_calendar,-0.06514968900896267,2015-06-01,2015-11-13,2015-06-18,-0.05408996238399466,118.0,0.7195137774279077,P2
P2 TECL,D_shock,K2013_14_bull,1.053465519681843,,-0.1364193627008513,,,calm_controls,0.5636075219284227,2014-01-15,2014-02-03,,-0.1364193627008513,13.0,1.0,P2
P2 TECL,D_shock,A_bull_2021,1.148609946763877,,-0.1551846198998723,,,calm_controls,0.3458599891392269,2021-08-30,2021-11-01,2021-09-29,-0.1428261767725615,45.0,0.7535628742529531,P2
P2 TECL,D_shock,D_recent_2025plus,1.00197589317042,,-0.2464475588059667,,,calm_controls,0.6185961543350094,2025-10-29,2026-03-30,,-0.2464475588059667,104.0,0.5287005019584415,P2
P2 TECL,D_shock_on_C_85,FULL,0.8101632477437002,1.6901692154519368,-0.2921974068100459,4.525710905016584,,,,,,,,,,P2
P2 TECL,D_shock_on_C_85,E_bear_2018q4,-1.8953643171579586,,-0.22234925128469507,,,modern_folds,-0.1805420405874516,2018-10-03,2018-10-25,2018-10-11,-0.1848167181892172,17.0,0.8811238620732587,P2
P2 TECL,D_shock_on_C_85,X_2020_covid,1.0693308851002183,,-0.20925729718891373,,,modern_folds,0.2461280917970634,2020-02-19,2020-04-21,2020-02-25,-0.11727779218783807,44.0,0.4917821756723026,P2
P2 TECL,D_shock_on_C_85,B_bear_2022,-1.2303686370310953,,-0.0818432397643456,,,modern_folds,-0.05850850214969339,2022-01-03,2022-01-14,2022-01-14,-0.0818432397643456,10.0,0.43721857336054654,P2
P2 TECL,D_shock_on_C_85,E2011_eu_us,-0.6458931623720354,,-0.21174063999370563,,,market_factor_A0_calendar,-0.14087756476462843,2011-05-12,2011-10-03,2011-08-05,-0.17575012624961828,100.0,0.8241414428817042,P2
P2 TECL,D_shock_on_C_85,E2015_16_china,-0.8165218686868759,,-0.08774629059950312,,,market_factor_A0_calendar,-0.05914063101828326,2015-06-01,2015-11-13,2015-06-18,-0.051172391393342065,118.0,0.6804818286979836,P2
P2 TECL,D_shock_on_C_85,K2013_14_bull,1.1218734921501619,,-0.12423601609221369,,,calm_controls,0.5917479320221561,2014-01-15,2014-02-03,,-0.12423601609221369,13.0,0.7243757413378734,P2
P2 TECL,D_shock_on_C_85,A_bull_2021,1.0544424395431882,,-0.15408360349343653,,,calm_controls,0.2889201776279735,2021-08-30,2021-11-01,2021-10-05,-0.15336511227512883,45.0,0.8074072276133207,P2
P2 TECL,D_shock_on_C_85,D_recent_2025plus,0.9566536867317299,,-0.22685595480123433,,,calm_controls,0.5598763507930926,2025-10-29,2026-03-30,,-0.22685595480123433,104.0,0.4731089240938225,P2
P2 TECL,D_shock_on_C_80,FULL,0.7923617594746228,1.623131331460235,-0.28355485689818516,5.0518042643733585,,,,,,,,,,P2
P2 TECL,D_shock_on_C_80,E_bear_2018q4,-1.9285148247664112,,-0.2233444866590879,,,modern_folds,-0.18107370567200542,2018-10-03,2018-10-25,2018-10-11,-0.18689546595887607,17.0,0.9948518600634143,P2
P2 TECL,D_shock_on_C_80,X_2020_covid,1.0137999171272334,,-0.22040317404133292,,,modern_folds,0.23073315942980943,2020-02-19,2020-04-21,2020-02-25,-0.12912647697537194,44.0,0.5548422868107392,P2
P2 TECL,D_shock_on_C_80,B_bear_2022,-1.22956328363271,,-0.0761639455427745,,,modern_folds,-0.053442643554254876,2022-01-03,2022-01-14,2022-01-14,-0.0761639455427745,10.0,0.40652810006637247,P2
P2 TECL,D_shock_on_C_80,E2011_eu_us,-0.7563025975734589,,-0.22389895421032124,,,market_factor_A0_calendar,-0.15809626681695854,2011-05-12,2011-10-03,2011-07-28,-0.17709339029528715,100.0,0.8039895012429945,P2
P2 TECL,D_shock_on_C_80,E2015_16_china,-0.9126195731253208,,-0.09726201610775476,,,market_factor_A0_calendar,-0.06656677753526774,2015-06-01,2015-11-13,2015-06-18,-0.05631582905030219,118.0,0.5969694863812367,P2
P2 TECL,D_shock_on_C_80,K2013_14_bull,1.153946907228736,,-0.11643046672865276,,,calm_controls,0.5974002197663835,2013-05-17,2013-06-24,,-0.11643046672865276,26.0,0.8365258182035181,P2
P2 TECL,D_shock_on_C_80,A_bull_2021,0.9583433948385882,,-0.14646892437952386,,,calm_controls,0.2589546591973957,2021-08-30,2021-11-01,2021-09-29,-0.12674461171217588,45.0,0.8108884108381093,P2
P2 TECL,D_shock_on_C_80,D_recent_2025plus,0.935417747295096,,-0.2353361582942286,,,calm_controls,0.5350823619580389,2025-10-29,2026-03-30,,-0.2353361582942286,104.0,0.4779027188363761,P2
P2 TNA,incumbent,FULL,0.41366359155250376,0.5111212350714855,-0.41913887727629817,2.315941092591896,0.03910834071968405,,,,,,,,,P2
P2 TNA,incumbent,E_bear_2018q4,-2.2331540938716836,,-0.1766269401817232,,,modern_folds,-0.14704877879027334,2018-09-04,2018-10-10,2018-10-10,-0.1766269401817232,27.0,0.9976627127256008,P2
P2 TNA,incumbent,X_2020_covid,0.7840753590566114,,-0.2850491746891416,,,modern_folds,0.1575540325000626,2020-02-20,2020-09-23,2020-02-28,-0.19881896693691614,151.0,0.6872651634719729,P2
P2 TNA,incumbent,B_bear_2022,,,0.0,,,modern_folds,0.012881409782865116,2022-01-03,2022-01-03,,0.0,1.0,0.0,P2
P2 TNA,incumbent,E2011_eu_us,-1.1356109997681232,,-0.32063821107532653,,,market_factor_A0_calendar,-0.24524114775019445,2011-05-10,2011-10-03,2011-08-05,-0.234752304529117,102.0,0.6534997093321329,P2
P2 TNA,incumbent,E2015_16_china,,,0.0,,,market_factor_A0_calendar,0.0,2015-06-01,2015-06-01,,0.0,1.0,0.0,P2
P2 TNA,incumbent,K2013_14_bull,0.8798272301760788,,-0.18084894600139867,,,calm_controls,0.5027509411888924,2014-01-22,2014-05-15,,-0.18084894600139867,80.0,0.855062235405155,P2
P2 TNA,incumbent,A_bull_2021,0.5372976958594865,,-0.19040892247336838,,,calm_controls,0.12338861204169627,2021-11-08,2021-12-01,,-0.19040892247336838,17.0,0.5502676715000104,P2
P2 TNA,incumbent,D_recent_2025plus,0.7077196441821177,,-0.16804688418091873,,,calm_controls,0.358385497142816,2026-01-22,2026-03-31,2026-03-31,-0.16804688418091873,48.0,0.6269875709322084,P2
P2 TNA,C_85,FULL,0.38946756859522963,0.5057340591081584,-0.37165228823654106,2.9876390583280266,0.03512583977717994,,,,,,,,,P2
P2 TNA,C_85,E_bear_2018q4,-2.2329868471690584,,-0.1702849555215863,,,modern_folds,-0.14059872329514533,2018-09-04,2018-10-10,2018-10-10,-0.1702849555215863,27.0,1.0,P2
P2 TNA,C_85,X_2020_covid,0.6747725383979222,,-0.2604322304209187,,,modern_folds,0.12203656484655356,2020-02-20,2020-09-23,2020-02-26,-0.14690644843053158,151.0,0.7953979632680722,P2
P2 TNA,C_85,B_bear_2022,,,0.0,,,modern_folds,0.012881409782865116,2022-01-03,2022-01-03,,0.0,1.0,0.0,P2
P2 TNA,C_85,E2011_eu_us,-1.201677966188771,,-0.3005390111603361,,,market_factor_A0_calendar,-0.23543858291621533,2011-05-10,2011-10-03,2011-08-05,-0.21520349865244492,102.0,0.5642039394056373,P2
P2 TNA,C_85,E2015_16_china,,,0.0,,,market_factor_A0_calendar,0.0,2015-06-01,2015-06-01,,0.0,1.0,0.0,P2
P2 TNA,C_85,K2013_14_bull,0.7547980725797756,,-0.16285270756592762,,,calm_controls,0.37380719920870065,2014-03-04,2014-08-04,2014-08-04,-0.16285270756592762,107.0,0.6609497871863597,P2
P2 TNA,C_85,A_bull_2021,0.36452405427087553,,-0.18327335280690837,,,calm_controls,0.06553721024773296,2021-11-08,2021-12-01,,-0.18327335280690837,17.0,0.47308453732007194,P2
P2 TNA,C_85,D_recent_2025plus,0.6258680810688424,,-0.18678702440695127,,,calm_controls,0.3131486625080655,2025-10-06,2026-03-31,2025-11-18,-0.11254380125791319,122.0,0.6133888217023361,P2
P2 TNA,C_80,FULL,0.385617704060211,0.5133425399872622,-0.35683402356160676,3.39918392648371,0.03563399417639323,,,,,,,,,P2
P2 TNA,C_80,E_bear_2018q4,-2.120684949056271,,-0.16031891655409114,,,modern_folds,-0.13017974887112627,2018-09-04,2018-10-10,2018-10-10,-0.16031891655409114,27.0,1.0,P2
P2 TNA,C_80,X_2020_covid,0.6637123135419223,,-0.24843322690601466,,,modern_folds,0.11480424817525536,2020-02-20,2020-09-23,2020-02-26,-0.13557154963838436,151.0,0.7390064799503195,P2
P2 TNA,C_80,B_bear_2022,,,0.0,,,modern_folds,0.012881409782865116,2022-01-03,2022-01-03,,0.0,1.0,0.0,P2
P2 TNA,C_80,E2011_eu_us,-1.0668125009428366,,-0.29179153387294565,,,market_factor_A0_calendar,-0.21376224699771984,2011-05-10,2011-10-03,2011-08-05,-0.20538273385310435,102.0,0.6335537007783609,P2
P2 TNA,C_80,E2015_16_china,,,0.0,,,market_factor_A0_calendar,0.0,2015-06-01,2015-06-01,,0.0,1.0,0.0,P2
P2 TNA,C_80,K2013_14_bull,0.6973265574616708,,-0.16122196084576668,,,calm_controls,0.33304201758409024,2014-07-03,2014-08-04,2014-08-04,-0.16122196084576668,22.0,0.7376963016911747,P2
P2 TNA,C_80,A_bull_2021,0.4081823321255169,,-0.1729315317151111,,,calm_controls,0.07779275475866632,2021-11-08,2021-12-01,,-0.1729315317151111,17.0,0.43898782582671536,P2
P2 TNA,C_80,D_recent_2025plus,0.6085341021281317,,-0.1838960979130735,,,calm_controls,0.3031251967022308,2025-10-06,2026-03-31,2025-11-18,-0.11638537245312719,122.0,0.6763484186321294,P2
P2 TNA,buy_hold,FULL,0.49468535443424017,0.2705283557505206,-0.8808746736292428,0.0,,,,,,,,,,P2
P2 TNA,buy_hold,E_bear_2018q4,-0.9468419252297239,,-0.6283858181017392,,,modern_folds,-0.3135335073977359,2018-09-04,2018-12-24,,-0.6283858181017392,78.0,1.0,P2
P2 TNA,buy_hold,X_2020_covid,0.6726803792203456,,-0.8480432972522898,,,modern_folds,0.02033626901521224,2020-02-20,2020-03-23,,-0.8480432972522898,23.0,1.0,P2
P2 TNA,buy_hold,B_bear_2022,-0.7653522393924548,,-0.6751184834123222,,,modern_folds,-0.6248159057437407,2022-01-03,2022-09-26,,-0.6751184834123222,184.0,1.0,P2
P2 TNA,buy_hold,E2011_eu_us,-0.4404083974345905,,-0.6956726246472249,,,market_factor_A0_calendar,-0.5268425841674249,2011-05-10,2011-10-03,,-0.6956726246472249,102.0,1.0,P2
P2 TNA,buy_hold,E2015_16_china,-0.5541254491275289,,-0.6264649477945878,,,market_factor_A0_calendar,-0.3395593869731801,2015-06-23,2016-02-11,,-0.6264649477945878,162.0,1.0,P2
P2 TNA,buy_hold,K2013_14_bull,1.2717398088405922,,-0.35796019900497467,,,calm_controls,1.5936657681940756,2014-03-04,2014-10-13,,-0.35796019900497467,156.0,1.0,P2
P2 TNA,buy_hold,A_bull_2021,0.7020249924302705,,-0.34146114471847344,,,calm_controls,0.2787193973634652,2021-11-08,2021-12-20,,-0.34146114471847344,30.0,1.0,P2
P2 TNA,buy_hold,D_recent_2025plus,0.7339154831692152,,-0.5880947208342384,,,calm_controls,0.6729468599033803,2025-01-21,2025-04-08,,-0.5880947208342384,55.0,1.0,P2
P2 TNA,D_shock,FULL,0.4173231663200714,0.5360135773632848,-0.392432729648834,2.579762859474373,,,,,,,,,,P2
P2 TNA,D_shock,E_bear_2018q4,-2.2331540938716836,,-0.1766269401817232,,,modern_folds,-0.14704877879027334,2018-09-04,2018-10-10,2018-10-10,-0.1766269401817232,27.0,0.9976627127256008,P2
P2 TNA,D_shock,X_2020_covid,1.0325285042639991,,-0.23233229198910288,,,modern_folds,0.20169098005324027,2020-02-20,2020-09-23,2020-02-25,-0.11135582060017124,151.0,0.6986595914759014,P2
P2 TNA,D_shock,B_bear_2022,,,0.0,,,modern_folds,0.012881409782865116,2022-01-03,2022-01-03,,0.0,1.0,0.0,P2
P2 TNA,D_shock,E2011_eu_us,-1.210509608448441,,-0.3155690130819495,,,market_factor_A0_calendar,-0.2394494948677871,2011-05-10,2011-10-03,2011-08-05,-0.22402481531853413,102.0,0.606771849966052,P2
P2 TNA,D_shock,E2015_16_china,,,0.0,,,market_factor_A0_calendar,0.0,2015-06-01,2015-06-01,,0.0,1.0,0.0,P2
P2 TNA,D_shock,K2013_14_bull,0.9117622130850984,,-0.16897638128547865,,,calm_controls,0.5222238160879391,2014-03-04,2014-05-15,,-0.16897638128547865,52.0,0.6609497871863597,P2
P2 TNA,D_shock,A_bull_2021,0.6376632308066559,,-0.16482877108876615,,,calm_controls,0.15566676937013257,2021-11-08,2021-12-01,2021-11-29,-0.13852678868390467,17.0,0.5502676715000104,P2
P2 TNA,D_shock,D_recent_2025plus,0.6586831351558469,,-0.1771619888925855,,,calm_controls,0.3291257400042653,2025-10-06,2026-03-31,2025-10-13,-0.07460928910926201,122.0,0.5786560641354058,P2
P2 TNA,D_shock_on_C_85,FULL,0.40045988658304665,0.5396630834431281,-0.33964687406427163,3.1615823585803065,,,,,,,,,,P2
P2 TNA,D_shock_on_C_85,E_bear_2018q4,-2.2329868471690584,,-0.1702849555215863,,,modern_folds,-0.14059872329514533,2018-09-04,2018-10-10,2018-10-10,-0.1702849555215863,27.0,1.0,P2
P2 TNA,D_shock_on_C_85,X_2020_covid,0.9312961565597446,,-0.22586586037641887,,,modern_folds,0.17447899500548192,2020-02-20,2020-09-23,2020-02-25,-0.11653083670433917,151.0,0.7953979632680722,P2
P2 TNA,D_shock_on_C_85,B_bear_2022,,,0.0,,,modern_folds,0.012881409782865116,2022-01-03,2022-01-03,,0.0,1.0,0.0,P2
P2 TNA,D_shock_on_C_85,E2011_eu_us,-1.1717620605538996,,-0.2907465104898441,,,market_factor_A0_calendar,-0.2247346718920349,2011-05-10,2011-10-03,2011-08-05,-0.21079922479801116,102.0,0.5642039394056373,P2
P2 TNA,D_shock_on_C_85,E2015_16_china,,,0.0,,,market_factor_A0_calendar,0.0,2015-06-01,2015-06-01,,0.0,1.0,0.0,P2
P2 TNA,D_shock_on_C_85,K2013_14_bull,0.7647541157507743,,-0.16285270756592796,,,calm_controls,0.37849203155040656,2014-03-04,2014-08-04,2014-08-04,-0.16285270756592796,107.0,0.6609497871863597,P2
P2 TNA,D_shock_on_C_85,A_bull_2021,0.4321655624273647,,-0.16383651568190727,,,calm_controls,0.08581758869847,2021-11-08,2021-12-01,2021-11-29,-0.1418957022832299,17.0,0.47308453732007194,P2
P2 TNA,D_shock_on_C_85,D_recent_2025plus,0.6034422929769853,,-0.19486385341916612,,,calm_controls,0.3001064736436274,2025-10-06,2026-03-31,2025-10-13,-0.06757925461471004,122.0,0.6133888217023361,P2
P2 TNA,D_shock_on_C_80,FULL,0.3939488433151495,0.5430988720808602,-0.32837293158951053,3.556236289228271,,,,,,,,,,P2
P2 TNA,D_shock_on_C_80,E_bear_2018q4,-2.120684949056271,,-0.16031891655409114,,,modern_folds,-0.13017974887112627,2018-09-04,2018-10-10,2018-10-10,-0.16031891655409114,27.0,1.0,P2
P2 TNA,D_shock_on_C_80,X_2020_covid,0.9013674237181661,,-0.2173500467897438,,,modern_folds,0.1609101465211391,2020-02-20,2020-09-23,2020-02-25,-0.10793226309708603,151.0,0.7390064799503195,P2
P2 TNA,D_shock_on_C_80,B_bear_2022,,,0.0,,,modern_folds,0.012881409782865116,2022-01-03,2022-01-03,,0.0,1.0,0.0,P2
P2 TNA,D_shock_on_C_80,E2011_eu_us,-1.003370858014735,,-0.27901422654392816,,,market_factor_A0_calendar,-0.19957715618861815,2011-05-10,2011-10-03,2011-08-05,-0.20140678625037733,102.0,0.6335537007783609,P2
P2 TNA,D_shock_on_C_80,E2015_16_china,,,0.0,,,market_factor_A0_calendar,0.0,2015-06-01,2015-06-01,,0.0,1.0,0.0,P2
P2 TNA,D_shock_on_C_80,K2013_14_bull,0.6998952649500266,,-0.16122196084576657,,,calm_controls,0.33352225033922545,2014-07-03,2014-08-04,2014-08-04,-0.16122196084576657,22.0,0.7376963016911747,P2
P2 TNA,D_shock_on_C_80,A_bull_2021,0.4752011461221359,,-0.16299574402954142,,,calm_controls,0.0974129102328476,2021-02-09,2021-08-19,,-0.16299574402954142,134.0,0.37108330938391715,P2
P2 TNA,D_shock_on_C_80,D_recent_2025plus,0.5724334579609314,,-0.19610845300902013,,,calm_controls,0.2836249497411425,2025-10-06,2026-03-31,2025-10-13,-0.07454303353162284,122.0,0.6763484186321294,P2
P2 EDC,incumbent,FULL,0.23844279520958758,0.13574251382199207,-0.5228348350389247,2.682102077626871,0.03739165950262418,,,,,,,,,P2
P2 EDC,incumbent,E_bear_2018q4,,,0.0,,,modern_folds,0.012274106120414352,2018-09-04,2018-09-04,,0.0,1.0,0.0,P2
P2 EDC,incumbent,X_2020_covid,1.5444925207571887,,-0.1731881723312716,,,modern_folds,0.35913958056960116,2020-02-12,2020-06-11,2020-03-02,-0.13345291440824336,84.0,0.49764782900355903,P2
P2 EDC,incumbent,B_bear_2022,,,0.0,,,modern_folds,0.012881409782865116,2022-01-03,2022-01-03,,0.0,1.0,0.0,P2
P2 EDC,incumbent,E2011_eu_us,-2.0260666390063786,,-0.337142106608306,,,market_factor_A0_calendar,-0.32684517018651305,2011-05-02,2011-09-22,2011-08-09,-0.2756196440424198,101.0,0.5109390665519562,P2
P2 EDC,incumbent,E2015_16_china,0.2862924255387102,,-0.047305074981789264,,,market_factor_A0_calendar,0.012615313351384216,2015-06-01,2016-03-15,,-0.047305074981789264,200.0,0.0,P2
P2 EDC,incumbent,K2013_14_bull,-1.0104220922416225,,-0.26755105872915463,,,calm_controls,-0.22474960515214693,2013-01-02,2013-06-12,2013-03-18,-0.1414282326295332,112.0,0.8637093151852135,P2
P2 EDC,incumbent,A_bull_2021,-0.47461517424340915,,-0.3040629623221782,,,calm_controls,-0.1639540134092583,2021-02-17,2021-11-29,2021-11-29,-0.3040629623221782,199.0,0.4566302884392336,P2
P2 EDC,incumbent,D_recent_2025plus,1.2039728408297206,,-0.22607587804660656,,,calm_controls,0.8735590984462716,2025-02-20,2025-04-08,2025-04-08,-0.22607587804660656,34.0,0.6793319057717853,P2
P2 EDC,C_85,FULL,0.20826649766293026,0.11683966322718878,-0.48013973347107697,3.356497218966818,0.030732666996718193,,,,,,,,,P2
P2 EDC,C_85,E_bear_2018q4,,,0.0,,,modern_folds,0.012274106120414352,2018-09-04,2018-09-04,,0.0,1.0,0.0,P2
P2 EDC,C_85,X_2020_covid,1.39790631248447,,-0.15995707852196472,,,modern_folds,0.30785030025346427,2020-02-12,2020-06-11,2020-03-02,-0.11958595533005312,84.0,0.46788044060231193,P2
P2 EDC,C_85,B_bear_2022,,,0.0,,,modern_folds,0.012881409782865116,2022-01-03,2022-01-03,,0.0,1.0,0.0,P2
P2 EDC,C_85,E2011_eu_us,-2.1087831609183505,,-0.31663772193388817,,,market_factor_A0_calendar,-0.30766474529723364,2011-05-02,2011-09-22,2011-08-05,-0.19923155309414498,101.0,0.5206551715726473,P2
P2 EDC,C_85,E2015_16_china,0.2862924255387102,,-0.047305074981789264,,,market_factor_A0_calendar,0.012615313351384216,2015-06-01,2016-03-15,,-0.047305074981789264,200.0,0.0,P2
P2 EDC,C_85,K2013_14_bull,-0.9669286572388627,,-0.25167736027130483,,,calm_controls,-0.20606019477255166,2013-01-02,2013-06-12,2013-03-18,-0.1362958756534982,112.0,0.8275799312618571,P2
P2 EDC,C_85,A_bull_2021,-0.709169215280488,,-0.31872404277549515,,,calm_controls,-0.20536357117278414,2021-02-17,2021-11-29,2021-11-29,-0.31872404277549515,199.0,0.4539226015153829,P2
P2 EDC,C_85,D_recent_2025plus,1.1303992818125905,,-0.21442348327562688,,,calm_controls,0.7538868072917304,2025-02-20,2025-04-08,2025-04-07,-0.20692394723402718,34.0,0.7005292722837906,P2
P2 EDC,C_80,FULL,0.18206677681175723,0.09509346832025697,-0.4808078768198091,3.7951101079539407,0.032747766602093165,,,,,,,,,P2
P2 EDC,C_80,E_bear_2018q4,,,0.0,,,modern_folds,0.012274106120414352,2018-09-04,2018-09-04,,0.0,1.0,0.0,P2
P2 EDC,C_80,X_2020_covid,1.3085697694280038,,-0.16592817896688117,,,modern_folds,0.28136652581096855,2020-02-12,2020-06-11,2020-03-02,-0.1258440173402534,84.0,0.4328734082865721,P2
P2 EDC,C_80,B_bear_2022,,,0.0,,,modern_folds,0.012881409782865116,2022-01-03,2022-01-03,,0.0,1.0,0.0,P2
P2 EDC,C_80,E2011_eu_us,-2.017472332247913,,-0.29771967629895923,,,market_factor_A0_calendar,-0.28984648683380665,2011-05-02,2011-09-22,2011-08-05,-0.18585932364902424,101.0,0.5210100823652728,P2
P2 EDC,C_80,E2015_16_china,0.2862924255387102,,-0.047305074981789264,,,market_factor_A0_calendar,0.012615313351384216,2015-06-01,2016-03-15,,-0.047305074981789264,200.0,0.0,P2
P2 EDC,C_80,K2013_14_bull,-1.063151564102469,,-0.252470613002024,,,calm_controls,-0.21320780863270616,2013-01-02,2013-06-12,2013-03-18,-0.14031049191591516,112.0,0.7891428777497873,P2
P2 EDC,C_80,A_bull_2021,-0.8447290632832842,,-0.34009028199933433,,,calm_controls,-0.2336654194500527,2021-02-17,2021-11-29,2021-11-29,-0.34009028199933433,199.0,0.43972989333422613,P2
P2 EDC,C_80,D_recent_2025plus,1.1046340855687395,,-0.20622307298542586,,,calm_controls,0.7167796699729745,2025-02-20,2025-04-08,2025-04-07,-0.19957329040601768,34.0,0.6316445546452824,P2
P2 EDC,buy_hold,FULL,0.32622254574002024,0.01574754211776493,-0.9253989466236929,0.0,,,,,,,,,,P2
P2 EDC,buy_hold,E_bear_2018q4,-0.0640530803088728,,-0.3364287609445479,,,modern_folds,-0.09914417379855278,2018-09-21,2018-10-29,,-0.3364287609445479,27.0,1.0,P2
P2 EDC,buy_hold,X_2020_covid,0.8218414915763659,,-0.7453335073750164,,,modern_folds,0.3065875741492321,2020-02-12,2020-03-23,,-0.7453335073750164,28.0,1.0,P2
P2 EDC,buy_hold,B_bear_2022,-0.9846437018978847,,-0.7444803446418957,,,modern_folds,-0.6023841859061418,2022-01-12,2022-10-24,,-0.7444803446418957,197.0,1.0,P2
P2 EDC,buy_hold,E2011_eu_us,-0.9209058282630997,,-0.7199744633309392,,,market_factor_A0_calendar,-0.6619163845366505,2011-05-02,2011-10-03,,-0.7199744633309392,108.0,1.0,P2
P2 EDC,buy_hold,E2015_16_china,-0.6886104360706382,,-0.6946556093066112,,,market_factor_A0_calendar,-0.47824581650317377,2015-06-02,2016-01-20,,-0.6946556093066112,161.0,1.0,P2
P2 EDC,buy_hold,K2013_14_bull,-0.19082090823724582,,-0.4937790436216457,,,calm_controls,-0.37026447462473167,2013-01-02,2014-12-16,,-0.4937790436216457,494.0,1.0,P2
P2 EDC,buy_hold,A_bull_2021,-0.16880120897565618,,-0.47720207253886016,,,calm_controls,-0.20824372759856602,2021-02-17,2021-12-20,,-0.47720207253886016,214.0,1.0,P2
P2 EDC,buy_hold,D_recent_2025plus,1.2227496146388086,,-0.4015981059485053,,,calm_controls,1.899819819819827,2025-03-17,2025-04-08,,-0.4015981059485053,17.0,1.0,P2
P2 EDC,D_shock,FULL,0.23902783291000476,0.1406283211322831,-0.510533887176801,3.0129208563724403,,,,,,,,,,P2
P2 EDC,D_shock,E_bear_2018q4,,,0.0,,,modern_folds,0.012274106120414352,2018-09-04,2018-09-04,,0.0,1.0,0.0,P2
P2 EDC,D_shock,X_2020_covid,1.610959634665703,,-0.15897612556818352,,,modern_folds,0.37515712543188884,2020-02-12,2020-06-11,2020-02-25,-0.10773432169815278,84.0,0.507819223685567,P2
P2 EDC,D_shock,B_bear_2022,,,0.0,,,modern_folds,0.012881409782865116,2022-01-03,2022-01-03,,0.0,1.0,0.0,P2
P2 EDC,D_shock,E2011_eu_us,-2.0292815887326165,,-0.3241562553002979,,,market_factor_A0_calendar,-0.3088081682686671,2011-05-02,2011-09-22,2011-08-05,-0.21268322977293075,101.0,0.5109390665519562,P2
P2 EDC,D_shock,E2015_16_china,0.2862924255387102,,-0.047305074981789264,,,market_factor_A0_calendar,0.012615313351384216,2015-06-01,2016-03-15,,-0.047305074981789264,200.0,0.0,P2
P2 EDC,D_shock,K2013_14_bull,-1.0104220922416225,,-0.26755105872915463,,,calm_controls,-0.22474960515214693,2013-01-02,2013-06-12,2013-03-18,-0.1414282326295332,112.0,0.8637093151852135,P2
P2 EDC,D_shock,A_bull_2021,-0.47461517424340915,,-0.3040629623221782,,,calm_controls,-0.1639540134092583,2021-02-17,2021-11-29,2021-11-29,-0.3040629623221782,199.0,0.4566302884392336,P2
P2 EDC,D_shock,D_recent_2025plus,1.1540462607758128,,-0.20526683682420666,,,calm_controls,0.7983357985314032,2025-02-20,2025-04-08,2025-04-07,-0.20004208111122246,34.0,0.6793319057717853,P2
P2 EDC,D_shock_on_C_85,FULL,0.2086681824278529,0.12128332879958166,-0.47080920537143,3.6264650454722718,,,,,,,,,,P2
P2 EDC,D_shock_on_C_85,E_bear_2018q4,,,0.0,,,modern_folds,0.012274106120414352,2018-09-04,2018-09-04,,0.0,1.0,0.0,P2
P2 EDC,D_shock_on_C_85,X_2020_covid,1.4341886314777716,,-0.15112875745477916,,,modern_folds,0.3166971314204037,2020-02-12,2020-06-11,2020-02-25,-0.10047397733367203,84.0,0.39801218059564375,P2
P2 EDC,D_shock_on_C_85,B_bear_2022,,,0.0,,,modern_folds,0.012881409782865116,2022-01-03,2022-01-03,,0.0,1.0,0.0,P2
P2 EDC,D_shock_on_C_85,E2011_eu_us,-2.104460186640121,,-0.30479419882368464,,,market_factor_A0_calendar,-0.29566570927744373,2011-05-02,2011-09-22,2011-08-05,-0.1971926666059851,101.0,0.5206551715726473,P2
P2 EDC,D_shock_on_C_85,E2015_16_china,0.2862924255387102,,-0.047305074981789264,,,market_factor_A0_calendar,0.012615313351384216,2015-06-01,2016-03-15,,-0.047305074981789264,200.0,0.0,P2
P2 EDC,D_shock_on_C_85,K2013_14_bull,-0.9669286572388627,,-0.25167736027130483,,,calm_controls,-0.20606019477255166,2013-01-02,2013-06-12,2013-03-18,-0.1362958756534982,112.0,0.8275799312618571,P2
P2 EDC,D_shock_on_C_85,A_bull_2021,-0.709169215280488,,-0.31872404277549515,,,calm_controls,-0.20536357117278414,2021-02-17,2021-11-29,2021-11-29,-0.31872404277549515,199.0,0.4539226015153829,P2
P2 EDC,D_shock_on_C_85,D_recent_2025plus,1.0877714332696378,,-0.19964738701154694,,,calm_controls,0.7073186694369864,2025-02-20,2025-04-08,2025-04-07,-0.19592384311016564,34.0,0.7005292722837906,P2
P2 EDC,D_shock_on_C_80,FULL,0.19286434095596208,0.10654468055219891,-0.47968815249408536,4.061829232798196,,,,,,,,,,P2
P2 EDC,D_shock_on_C_80,E_bear_2018q4,,,0.0,,,modern_folds,0.012274106120414352,2018-09-04,2018-09-04,,0.0,1.0,0.0,P2
P2 EDC,D_shock_on_C_80,X_2020_covid,1.403482654230353,,-0.15248940113452059,,,modern_folds,0.3025795248247811,2020-02-12,2020-06-11,2020-02-25,-0.10213600144772716,84.0,0.48490666107499375,P2
P2 EDC,D_shock_on_C_80,B_bear_2022,,,0.0,,,modern_folds,0.012881409782865116,2022-01-03,2022-01-03,,0.0,1.0,0.0,P2
P2 EDC,D_shock_on_C_80,E2011_eu_us,-2.043494174480083,,-0.292145119735292,,,market_factor_A0_calendar,-0.2842263598219572,2011-05-02,2011-09-22,2011-08-05,-0.18401854999677458,101.0,0.5210100823652728,P2
P2 EDC,D_shock_on_C_80,E2015_16_china,0.2862924255387102,,-0.047305074981789264,,,market_factor_A0_calendar,0.012615313351384216,2015-06-01,2016-03-15,,-0.047305074981789264,200.0,0.0,P2
P2 EDC,D_shock_on_C_80,K2013_14_bull,-1.063151564102469,,-0.252470613002024,,,calm_controls,-0.21320780863270616,2013-01-02,2013-06-12,2013-03-18,-0.14031049191591516,112.0,0.7891428777497873,P2
P2 EDC,D_shock_on_C_80,A_bull_2021,-0.8447290632832842,,-0.34009028199933433,,,calm_controls,-0.2336654194500527,2021-02-17,2021-11-29,2021-11-29,-0.34009028199933433,199.0,0.43972989333422613,P2
P2 EDC,D_shock_on_C_80,D_recent_2025plus,1.091516257377279,,-0.19314308885567566,,,calm_controls,0.6957778235239751,2025-02-20,2025-04-08,2025-04-07,-0.18979197605072962,34.0,0.6316445546452824,P2
P2 TMF,incumbent,FULL,0.12044223259903723,0.06864044591478008,-0.5688658211613138,1.9825028420087452,0.034860344176757055,,,,,,,,,P2
P2 TMF,incumbent,E_bear_2018q4,,,0.0,,,modern_folds,0.012274106120414352,2018-09-04,2018-09-04,,0.0,1.0,0.0,P2
P2 TMF,incumbent,X_2020_covid,0.49073520364880857,,-0.24216805917614426,,,modern_folds,0.1055963949570673,2020-03-09,2020-12-04,2020-03-20,-0.1576097291225046,190.0,0.4035548162545647,P2
P2 TMF,incumbent,B_bear_2022,,,0.0,,,modern_folds,0.012881409782865116,2022-01-03,2022-01-03,,0.0,1.0,0.0,P2
P2 TMF,incumbent,E2011_eu_us,2.0427728656157442,,-0.11962689430352047,,,market_factor_A0_calendar,0.505864526005235,2011-10-03,2011-10-27,,-0.11962689430352047,19.0,0.3199387438951615,P2
P2 TMF,incumbent,E2015_16_china,0.04227686157046822,,-0.08243285300357195,,,market_factor_A0_calendar,-0.0004927738263292847,2015-08-24,2015-09-02,,-0.08243285300357195,8.0,0.6859656228573374,P2
P2 TMF,incumbent,K2013_14_bull,1.0154190259196,,-0.13415425258803748,,,calm_controls,0.32137281144671515,2014-08-29,2014-09-17,,-0.13415425258803748,13.0,1.0,P2
P2 TMF,incumbent,A_bull_2021,-1.8825731498890166,,-0.15781032708521392,,,calm_controls,-0.16068343808395913,2021-01-04,2021-02-08,2021-02-08,-0.15781032708521392,25.0,0.9237622325216953,P2
P2 TMF,incumbent,D_recent_2025plus,-0.5385809855492532,,-0.3076235466934585,,,calm_controls,-0.15810872865904313,2025-10-22,2026-08-17,,-0.3076235466934585,205.0,1.0,P2
P2 TMF,C_85,FULL,0.09506697903603098,0.055957923486622665,-0.56548646651509,2.7148296953758115,0.033556294128591325,,,,,,,,,P2
P2 TMF,C_85,E_bear_2018q4,,,0.0,,,modern_folds,0.012274106120414352,2018-09-04,2018-09-04,,0.0,1.0,0.0,P2
P2 TMF,C_85,X_2020_covid,0.5579097373262752,,-0.23569964475509486,,,modern_folds,0.1179716632988097,2020-08-04,2020-12-04,,-0.23569964475509486,87.0,0.7208931213656403,P2
P2 TMF,C_85,B_bear_2022,,,0.0,,,modern_folds,0.012881409782865116,2022-01-03,2022-01-03,,0.0,1.0,0.0,P2
P2 TMF,C_85,E2011_eu_us,2.0287477919746655,,-0.11596633215455154,,,market_factor_A0_calendar,0.45969186196072664,2011-10-03,2011-10-27,,-0.11596633215455154,19.0,0.34036706678795936,P2
P2 TMF,C_85,E2015_16_china,0.05689390560708496,,-0.08132008603549645,,,market_factor_A0_calendar,0.000706401658560285,2015-08-24,2015-09-02,,-0.08132008603549645,8.0,0.6859656228573374,P2
P2 TMF,C_85,K2013_14_bull,0.9711895043631263,,-0.13391757530592208,,,calm_controls,0.2837740646207634,2014-08-29,2014-09-17,,-0.13391757530592208,13.0,1.0,P2
P2 TMF,C_85,A_bull_2021,-1.737578989007619,,-0.14723459401408034,,,calm_controls,-0.15014378388672267,2021-01-04,2021-02-08,2021-02-08,-0.14723459401408034,25.0,0.9237622325216953,P2
P2 TMF,C_85,D_recent_2025plus,-0.6314791429899728,,-0.31662174839930346,,,calm_controls,-0.18146144288000565,2025-10-22,2026-08-17,,-0.31662174839930346,205.0,1.0,P2
P2 TMF,C_80,FULL,0.07675681619825533,0.0424280503432329,-0.5747669646927291,3.195700825907537,0.03401463046094038,,,,,,,,,P2
P2 TMF,C_80,E_bear_2018q4,,,0.0,,,modern_folds,0.012274106120414352,2018-09-04,2018-09-04,,0.0,1.0,0.0,P2
P2 TMF,C_80,X_2020_covid,0.45135527819109933,,-0.24858453496670618,,,modern_folds,0.0871523079467933,2020-08-04,2020-12-04,,-0.24858453496670618,87.0,0.8277403967381703,P2
P2 TMF,C_80,B_bear_2022,,,0.0,,,modern_folds,0.012881409782865116,2022-01-03,2022-01-03,,0.0,1.0,0.0,P2
P2 TMF,C_80,E2011_eu_us,2.055857154038267,,-0.1211520160313384,,,market_factor_A0_calendar,0.4629167006149564,2011-10-03,2011-10-27,,-0.1211520160313384,19.0,0.3331314700354396,P2
P2 TMF,C_80,E2015_16_china,0.005207533659587536,,-0.08480540855314089,,,market_factor_A0_calendar,-0.003491121740344605,2015-08-24,2015-09-02,,-0.08480540855314089,8.0,0.7026127756930866,P2
P2 TMF,C_80,K2013_14_bull,1.0584453148868598,,-0.12645264687450408,,,calm_controls,0.31070068988139576,2014-08-29,2014-09-17,,-0.12645264687450408,13.0,0.9687526031968253,P2
P2 TMF,C_80,A_bull_2021,-1.826535574467582,,-0.14818439403861083,,,calm_controls,-0.15092722382891433,2021-01-04,2021-02-08,2021-02-08,-0.14818439403861083,25.0,0.8719086269533527,P2
P2 TMF,C_80,D_recent_2025plus,-0.6540624977091386,,-0.31506119809783795,,,calm_controls,-0.18605989524757238,2025-10-22,2026-08-17,,-0.31506119809783795,205.0,1.0,P2
P2 TMF,buy_hold,FULL,0.04320097139053444,-0.12413149065473139,-0.9313210848643918,0.0,,,,,,,,,,P2
P2 TMF,buy_hold,E_bear_2018q4,-0.10199720994813087,,-0.18831628385768528,,,modern_folds,-0.017948880573350534,2018-09-06,2018-11-02,,-0.18831628385768528,42.0,1.0,P2
P2 TMF,buy_hold,X_2020_covid,0.5452712418027986,,-0.4382281162223143,,,modern_folds,0.1457150280221191,2020-03-09,2020-03-18,,-0.4382281162223143,8.0,1.0,P2
P2 TMF,buy_hold,B_bear_2022,-1.8686051717473617,,-0.7570117955439057,,,modern_folds,-0.7259947485356495,2022-01-03,2022-10-24,,-0.7570117955439057,204.0,1.0,P2
P2 TMF,buy_hold,E2011_eu_us,1.9403199353570852,,-0.301763095920056,,,market_factor_A0_calendar,1.0849842090152193,2011-10-03,2011-10-27,,-0.301763095920056,19.0,1.0,P2
P2 TMF,buy_hold,E2015_16_china,0.7334725228940319,,-0.1754546494338326,,,market_factor_A0_calendar,0.20345537329258367,2015-08-24,2015-11-09,,-0.1754546494338326,55.0,1.0,P2
P2 TMF,buy_hold,K2013_14_bull,0.44002539486641545,,-0.4445289235253127,,,calm_controls,0.20361371569365327,2013-05-01,2013-08-21,,-0.4445289235253127,79.0,1.0,P2
P2 TMF,buy_hold,A_bull_2021,-0.3384108458836188,,-0.3918712404487076,,,calm_controls,-0.19806278143120826,2021-01-04,2021-03-18,,-0.3918712404487076,52.0,1.0,P2
P2 TMF,buy_hold,D_recent_2025plus,-0.3471796328919096,,-0.33607834409080783,,,calm_controls,-0.18460724676011675,2025-04-04,2026-08-17,,-0.33607834409080783,343.0,1.0,P2
P2 TMF,D_shock,FULL,0.13697206171177972,0.08274158032327797,-0.5551452976944117,2.209954192874558,,,,,,,,,,P2
P2 TMF,D_shock,E_bear_2018q4,,,0.0,,,modern_folds,0.012274106120414352,2018-09-04,2018-09-04,,0.0,1.0,0.0,P2
P2 TMF,D_shock,X_2020_covid,0.6112349487966374,,-0.23745288451561852,,,modern_folds,0.1404020213962247,2020-08-04,2020-12-04,,-0.23745288451561852,87.0,0.7850884269587101,P2
P2 TMF,D_shock,B_bear_2022,,,0.0,,,modern_folds,0.012881409782865116,2022-01-03,2022-01-03,,0.0,1.0,0.0,P2
P2 TMF,D_shock,E2011_eu_us,2.0427728656157442,,-0.11962689430352047,,,market_factor_A0_calendar,0.505864526005235,2011-10-03,2011-10-27,,-0.11962689430352047,19.0,0.3199387438951615,P2
P2 TMF,D_shock,E2015_16_china,0.04227686157046822,,-0.08243285300357195,,,market_factor_A0_calendar,-0.0004927738263292847,2015-08-24,2015-09-02,,-0.08243285300357195,8.0,0.6859656228573374,P2
P2 TMF,D_shock,K2013_14_bull,1.0154190259196,,-0.13415425258803748,,,calm_controls,0.32137281144671515,2014-08-29,2014-09-17,,-0.13415425258803748,13.0,1.0,P2
P2 TMF,D_shock,A_bull_2021,-1.839235087967037,,-0.1457264011134105,,,calm_controls,-0.14864073615198214,2021-01-04,2021-02-08,2021-01-07,-0.08592007999071316,25.0,0.9237622325216953,P2
P2 TMF,D_shock,D_recent_2025plus,-0.5637743046781114,,-0.31196211114707495,,,calm_controls,-0.16338418181203018,2025-10-22,2026-08-17,2026-03-23,-0.18866604477612048,205.0,1.0,P2
P2 TMF,D_shock_on_C_85,FULL,0.08781616510195547,0.05036300883191364,-0.5749870845470282,2.8754664650151422,,,,,,,,,,P2
P2 TMF,D_shock_on_C_85,E_bear_2018q4,,,0.0,,,modern_folds,0.012274106120414352,2018-09-04,2018-09-04,,0.0,1.0,0.0,P2
P2 TMF,D_shock_on_C_85,X_2020_covid,0.5311627385733714,,-0.2407122495670595,,,modern_folds,0.11063953254597747,2020-08-04,2020-12-04,2020-10-06,-0.18247738288729598,87.0,0.7208931213656403,P2
P2 TMF,D_shock_on_C_85,B_bear_2022,,,0.0,,,modern_folds,0.012881409782865116,2022-01-03,2022-01-03,,0.0,1.0,0.0,P2
P2 TMF,D_shock_on_C_85,E2011_eu_us,2.0287477919746655,,-0.11596633215455154,,,market_factor_A0_calendar,0.45969186196072664,2011-10-03,2011-10-27,,-0.11596633215455154,19.0,0.34036706678795936,P2
P2 TMF,D_shock_on_C_85,E2015_16_china,0.05689390560708496,,-0.08132008603549645,,,market_factor_A0_calendar,0.000706401658560285,2015-08-24,2015-09-02,,-0.08132008603549645,8.0,0.6859656228573374,P2
P2 TMF,D_shock_on_C_85,K2013_14_bull,0.9711895043631263,,-0.13391757530592208,,,calm_controls,0.2837740646207634,2014-08-29,2014-09-17,,-0.13391757530592208,13.0,1.0,P2
P2 TMF,D_shock_on_C_85,A_bull_2021,-1.9102452118262327,,-0.15417121817467772,,,calm_controls,-0.15705674391106783,2021-01-04,2021-02-08,2021-01-07,-0.0847142771548588,25.0,0.9237622325216953,P2
P2 TMF,D_shock_on_C_85,D_recent_2025plus,-0.6479498041577921,,-0.32009709913776707,,,calm_controls,-0.18562415741223537,2025-10-22,2026-08-17,2026-07-30,-0.28176845826013663,205.0,1.0,P2
P2 TMF,D_shock_on_C_80,FULL,0.07551001624883613,0.041950557865309865,-0.5762499096499533,3.3410083963621395,,,,,,,,,,P2
P2 TMF,D_shock_on_C_80,E_bear_2018q4,,,0.0,,,modern_folds,0.012274106120414352,2018-09-04,2018-09-04,,0.0,1.0,0.0,P2
P2 TMF,D_shock_on_C_80,X_2020_covid,0.4796348925849365,,-0.24313901652686243,,,modern_folds,0.09503091600762192,2020-08-04,2020-12-04,2020-10-06,-0.19173262103527877,87.0,0.8277403967381703,P2
P2 TMF,D_shock_on_C_80,B_bear_2022,,,0.0,,,modern_folds,0.012881409782865116,2022-01-03,2022-01-03,,0.0,1.0,0.0,P2
P2 TMF,D_shock_on_C_80,E2011_eu_us,2.055857154038267,,-0.1211520160313384,,,market_factor_A0_calendar,0.4629167006149564,2011-10-03,2011-10-27,,-0.1211520160313384,19.0,0.3331314700354396,P2
P2 TMF,D_shock_on_C_80,E2015_16_china,0.005207533659587536,,-0.08480540855314089,,,market_factor_A0_calendar,-0.003491121740344605,2015-08-24,2015-09-02,,-0.08480540855314089,8.0,0.7026127756930866,P2
P2 TMF,D_shock_on_C_80,K2013_14_bull,1.0584453148868598,,-0.12645264687450408,,,calm_controls,0.31070068988139576,2014-08-29,2014-09-17,,-0.12645264687450408,13.0,0.9687526031968253,P2
P2 TMF,D_shock_on_C_80,A_bull_2021,-1.9049080669919032,,-0.14907709391403978,,,calm_controls,-0.15181704922799544,2021-01-04,2021-02-08,2021-01-07,-0.07963899090486859,25.0,0.8719086269533527,P2
P2 TMF,D_shock_on_C_80,D_recent_2025plus,-0.6856987797397057,,-0.3216497860123446,,,calm_controls,-0.19388937712596976,2025-10-22,2026-08-17,2026-03-23,-0.19080312509117547,205.0,1.0,P2
P2 UGL,incumbent,FULL,0.4071945312057296,0.2425613641994198,-0.5547280760728177,2.8627972721340877,0.05978574709687127,,,,,,,,,P2
P2 UGL,incumbent,E_bear_2018q4,1.5839148906365945,,-0.043564356435643714,,,modern_folds,0.10764975378308916,2019-02-19,2019-02-28,,-0.043564356435643714,8.0,1.0,P2
P2 UGL,incumbent,X_2020_covid,0.713643851840149,,-0.2648099455577243,,,modern_folds,0.17850573015207916,2020-08-06,2020-11-30,,-0.2648099455577243,81.0,1.0,P2
P2 UGL,incumbent,B_bear_2022,-0.1312162170828214,,-0.13260234908759838,,,modern_folds,-0.010788204791340017,2022-03-08,2022-04-25,,-0.13260234908759838,34.0,1.0,P2
P2 UGL,incumbent,E2011_eu_us,0.3554465881426645,,-0.23398966105929542,,,market_factor_A0_calendar,0.042769306463013246,2011-08-22,2011-12-30,2011-12-30,-0.23398966105929542,92.0,0.7087277341606484,P2
P2 UGL,incumbent,E2015_16_china,-0.006074013616106875,,-0.060361037680447316,,,market_factor_A0_calendar,-0.0033869373307615636,2016-03-10,2016-03-24,,-0.060361037680447316,11.0,0.7101892746101937,P2
P2 UGL,incumbent,K2013_14_bull,-0.44237074411948163,,-0.06949000799360494,,,calm_controls,-0.04504435107137095,2014-07-11,2014-07-25,2014-07-25,-0.06949000799360494,11.0,1.0,P2
P2 UGL,incumbent,A_bull_2021,-1.517634246595804,,-0.22020895104631077,,,calm_controls,-0.18312586600793257,2021-01-05,2021-06-14,2021-03-01,-0.20444896790571487,111.0,0.9246000888156897,P2
P2 UGL,incumbent,D_recent_2025plus,1.7424804040691402,,-0.28948700229823543,,,calm_controls,1.4021094326511525,2026-01-29,2026-06-10,,-0.28948700229823543,92.0,0.5270895583375933,P2
P2 UGL,C_85,FULL,0.39652306919040636,0.23365065684856146,-0.5526758777615568,3.6570761664184546,0.05873993960546396,,,,,,,,,P2
P2 UGL,C_85,E_bear_2018q4,1.5839148906365945,,-0.043564356435643714,,,modern_folds,0.10764975378308916,2019-02-19,2019-02-28,,-0.043564356435643714,8.0,1.0,P2
P2 UGL,C_85,X_2020_covid,0.7893122213539433,,-0.2305369854944408,,,modern_folds,0.18785570210296498,2020-08-06,2020-11-30,2020-08-12,-0.12184031975172549,81.0,1.0,P2
P2 UGL,C_85,B_bear_2022,0.03664505576975344,,-0.10222093087035788,,,modern_folds,0.011043790665071995,2022-03-08,2022-04-25,,-0.10222093087035788,34.0,0.8209345554204843,P2
P2 UGL,C_85,E2011_eu_us,0.2326515776636822,,-0.233132839282036,,,market_factor_A0_calendar,0.017404077482614744,2011-08-22,2011-12-30,2011-09-29,-0.15503977290793325,92.0,0.6589194029938326,P2
P2 UGL,C_85,E2015_16_china,-0.006074013616106875,,-0.060361037680447316,,,market_factor_A0_calendar,-0.0033869373307615636,2016-03-10,2016-03-24,,-0.060361037680447316,11.0,0.7101892746101937,P2
P2 UGL,C_85,K2013_14_bull,-0.41460163362029073,,-0.06657155727417252,,,calm_controls,-0.04204922901509678,2014-07-11,2014-07-25,2014-07-25,-0.06657155727417252,11.0,1.0,P2
P2 UGL,C_85,A_bull_2021,-1.5385770905444158,,-0.2156531995126859,,,calm_controls,-0.1805656224943175,2021-01-05,2021-06-14,2021-03-01,-0.1998011422613919,111.0,0.8718814436407755,P2
P2 UGL,C_85,D_recent_2025plus,1.7341130431614806,,-0.27225743201812336,,,calm_controls,1.2593535036835202,2026-01-29,2026-06-10,2026-02-02,-0.10429072712630338,92.0,0.4366903189779072,P2
P2 UGL,C_80,FULL,0.3843622777370255,0.22503497444840614,-0.5497513565820781,4.087642464481749,0.05926856524131306,,,,,,,,,P2
P2 UGL,C_80,E_bear_2018q4,1.5839148906365945,,-0.043564356435643714,,,modern_folds,0.10764975378308916,2019-02-19,2019-02-28,,-0.043564356435643714,8.0,1.0,P2
P2 UGL,C_80,X_2020_covid,0.8244577268951516,,-0.22583516266135828,,,modern_folds,0.19970802140981347,2020-08-06,2020-11-30,2020-08-12,-0.11823870303271755,81.0,0.8276551223456617,P2
P2 UGL,C_80,B_bear_2022,-0.13198114665871138,,-0.114963063802209,,,modern_folds,-0.006769470525191501,2022-03-08,2022-04-25,,-0.114963063802209,34.0,0.7819547700220822,P2
P2 UGL,C_80,E2011_eu_us,0.3182320002838422,,-0.22032287137538864,,,market_factor_A0_calendar,0.0343600626969458,2011-08-22,2011-12-30,2011-12-30,-0.22032287137538864,92.0,0.5828968865905317,P2
P2 UGL,C_80,E2015_16_china,-0.006074013616106875,,-0.060361037680447316,,,market_factor_A0_calendar,-0.0033869373307615636,2016-03-10,2016-03-24,,-0.060361037680447316,11.0,0.7101892746101937,P2
P2 UGL,C_80,K2013_14_bull,-0.47942874436422095,,-0.06947832756526129,,,calm_controls,-0.04503236378362063,2014-07-11,2014-07-25,2014-07-25,-0.06947832756526129,11.0,1.0,P2
P2 UGL,C_80,A_bull_2021,-1.5260596311867363,,-0.22563075603811722,,,calm_controls,-0.18746933697988033,2021-01-05,2021-06-14,2021-03-01,-0.20998035039956764,111.0,0.8266218406706498,P2
P2 UGL,C_80,D_recent_2025plus,1.6729271612267573,,-0.26679001802923175,,,calm_controls,1.1667469828813561,2026-01-29,2026-06-10,2026-02-02,-0.0970078933652706,92.0,0.4090196390585174,P2
P2 UGL,buy_hold,FULL,0.34943583236469034,0.15051191192253202,-0.7592105263157896,0.0,,,,,,,,,,P2
P2 UGL,buy_hold,E_bear_2018q4,1.6167135524039677,,-0.05383734249713645,,,modern_folds,0.16245487364621036,2018-10-26,2018-11-12,,-0.05383734249713645,12.0,1.0,P2
P2 UGL,buy_hold,X_2020_covid,0.8353008709663565,,-0.28207592503604095,,,modern_folds,0.2809917355371878,2020-08-06,2020-11-30,,-0.28207592503604095,81.0,1.0,P2
P2 UGL,buy_hold,B_bear_2022,-0.13785236100080972,,-0.40224358974359,,,modern_folds,-0.07558528428093614,2022-03-08,2022-10-20,,-0.40224358974359,158.0,1.0,P2
P2 UGL,buy_hold,E2011_eu_us,0.029686887061799352,,-0.36414473684210547,,,market_factor_A0_calendar,-0.06086543033761371,2011-08-22,2011-12-29,,-0.36414473684210547,91.0,1.0,P2
P2 UGL,buy_hold,E2015_16_china,0.28384333931386546,,-0.24923076923076914,,,market_factor_A0_calendar,0.034410844629823245,2015-06-18,2015-12-17,,-0.24923076923076914,128.0,1.0,P2
P2 UGL,buy_hold,K2013_14_bull,-0.8884060832238491,,-0.5853658536585369,,,calm_controls,-0.5499296765119551,2013-01-22,2014-11-05,,-0.5853658536585369,453.0,1.0,P2
P2 UGL,buy_hold,A_bull_2021,-0.33156194342222184,,-0.27216954824316797,,,calm_controls,-0.12316715542521961,2021-01-05,2021-03-08,,-0.27216954824316797,43.0,1.0,P2
P2 UGL,buy_hold,D_recent_2025plus,1.1500383845141688,,-0.5002335902826447,,,calm_controls,1.2845528455284576,2026-01-29,2026-07-16,,-0.5002335902826447,116.0,1.0,P2
P2 UGL,D_shock,FULL,0.3712389710414567,0.20875183448564522,-0.5489388725252472,3.495650758100106,,,,,,,,,,P2
P2 UGL,D_shock,E_bear_2018q4,1.5839148906365945,,-0.043564356435643714,,,modern_folds,0.10764975378308916,2019-02-19,2019-02-28,,-0.043564356435643714,8.0,1.0,P2
P2 UGL,D_shock,X_2020_covid,0.41393772263436884,,-0.28541035603525244,,,modern_folds,0.0798644346932107,2020-08-06,2020-11-30,2020-08-12,-0.14168887251420714,81.0,1.0,P2
P2 UGL,D_shock,B_bear_2022,-0.1312162170828214,,-0.13260234908759838,,,modern_folds,-0.010788204791340017,2022-03-08,2022-04-25,,-0.13260234908759838,34.0,1.0,P2
P2 UGL,D_shock,E2011_eu_us,0.26900147559579635,,-0.23398966105929664,,,market_factor_A0_calendar,0.024441302981950797,2011-08-22,2011-12-30,2011-12-30,-0.23398966105929664,92.0,0.7087277341606484,P2
P2 UGL,D_shock,E2015_16_china,-0.006074013616106875,,-0.060361037680447316,,,market_factor_A0_calendar,-0.0033869373307615636,2016-03-10,2016-03-24,,-0.060361037680447316,11.0,0.7101892746101937,P2
P2 UGL,D_shock,K2013_14_bull,-0.5845018528809758,,-0.07388430058266948,,,calm_controls,-0.04955408720211796,2014-07-11,2014-07-25,2014-07-18,-0.05713573141486805,11.0,1.0,P2
P2 UGL,D_shock,A_bull_2021,-1.499744464937689,,-0.2211503496071141,,,calm_controls,-0.18630868635699194,2021-01-05,2021-06-14,2021-01-11,-0.09487403265819316,111.0,0.8718814436407755,P2
P2 UGL,D_shock,D_recent_2025plus,1.6634043531016107,,-0.3055341221441642,,,calm_controls,1.2946113335473428,2026-01-29,2026-06-10,2026-02-02,-0.13552259288516988,92.0,0.6057120375997359,P2
P2 UGL,D_shock_on_C_85,FULL,0.3887013600171513,0.22377539903500074,-0.5470345751696629,4.109192344399754,,,,,,,,,,P2
P2 UGL,D_shock_on_C_85,E_bear_2018q4,1.5839148906365945,,-0.043564356435643714,,,modern_folds,0.10764975378308916,2019-02-19,2019-02-28,,-0.043564356435643714,8.0,1.0,P2
P2 UGL,D_shock_on_C_85,X_2020_covid,0.5553862702024625,,-0.26346354904822455,,,modern_folds,0.11819856452210264,2020-08-06,2020-11-30,2020-08-12,-0.12099986209261526,81.0,1.0,P2
P2 UGL,D_shock_on_C_85,B_bear_2022,0.03664505576975344,,-0.10222093087035788,,,modern_folds,0.011043790665071995,2022-03-08,2022-04-25,,-0.10222093087035788,34.0,0.8209345554204843,P2
P2 UGL,D_shock_on_C_85,E2011_eu_us,0.2326515776636822,,-0.233132839282036,,,market_factor_A0_calendar,0.017404077482614744,2011-08-22,2011-12-30,2011-09-29,-0.15503977290793325,92.0,0.6589194029938326,P2
P2 UGL,D_shock_on_C_85,E2015_16_china,-0.006074013616106875,,-0.060361037680447316,,,market_factor_A0_calendar,-0.0033869373307615636,2016-03-10,2016-03-24,,-0.060361037680447316,11.0,0.7101892746101937,P2
P2 UGL,D_shock_on_C_85,K2013_14_bull,-0.5681122991170204,,-0.07190037925054127,,,calm_controls,-0.047518045784593066,2014-07-11,2014-07-25,2014-07-15,-0.05605171612250248,11.0,1.0,P2
P2 UGL,D_shock_on_C_85,A_bull_2021,-1.4512047347679822,,-0.21841294423685842,,,calm_controls,-0.1791951997464305,2021-01-05,2021-06-14,2021-01-11,-0.09501207396373923,111.0,0.9733797517271747,P2
P2 UGL,D_shock_on_C_85,D_recent_2025plus,1.7414163599229509,,-0.2688350717289526,,,calm_controls,1.2643201518493439,2026-01-29,2026-06-10,2026-02-02,-0.09756827325068773,92.0,0.4366903189779072,P2
P2 UGL,D_shock_on_C_80,FULL,0.3740034423886996,0.21458132055901882,-0.5459508243024493,4.499203724132049,,,,,,,,,,P2
P2 UGL,D_shock_on_C_80,E_bear_2018q4,1.5839148906365945,,-0.043564356435643714,,,modern_folds,0.10764975378308916,2019-02-19,2019-02-28,,-0.043564356435643714,8.0,1.0,P2
P2 UGL,D_shock_on_C_80,X_2020_covid,0.6607536488980819,,-0.24187144490020296,,,modern_folds,0.14770471913481176,2020-08-06,2020-11-30,2020-08-12,-0.11748990188164132,81.0,0.8276551223456617,P2
P2 UGL,D_shock_on_C_80,B_bear_2022,-0.13198114665871138,,-0.114963063802209,,,modern_folds,-0.006769470525191501,2022-03-08,2022-04-25,,-0.114963063802209,34.0,0.7819547700220822,P2
P2 UGL,D_shock_on_C_80,E2011_eu_us,0.3182320002838422,,-0.22032287137538864,,,market_factor_A0_calendar,0.0343600626969458,2011-08-22,2011-12-30,2011-12-30,-0.22032287137538864,92.0,0.5828968865905317,P2
P2 UGL,D_shock_on_C_80,E2015_16_china,-0.006074013616106875,,-0.060361037680447316,,,market_factor_A0_calendar,-0.0033869373307615636,2016-03-10,2016-03-24,,-0.060361037680447316,11.0,0.7101892746101937,P2
P2 UGL,D_shock_on_C_80,K2013_14_bull,-0.5676691389332809,,-0.07153915992498283,,,calm_controls,-0.047147336777266347,2014-07-11,2014-07-25,2014-07-15,-0.055364798177458985,11.0,1.0,P2
P2 UGL,D_shock_on_C_80,A_bull_2021,-1.491618804683888,,-0.22037815341273392,,,calm_controls,-0.1819578826871605,2021-01-05,2021-06-14,2021-01-11,-0.0898895798807986,111.0,0.8266218406706498,P2
P2 UGL,D_shock_on_C_80,D_recent_2025plus,1.6352420708284243,,-0.2696760753575975,,,calm_controls,1.1257776496073006,2026-01-29,2026-06-10,2026-02-02,-0.09104472375179429,92.0,0.4090196390585174,P2
