ticker,arm,fold,start,end,days,Sharpe,MaxDD,Martin,Ulcer%,CAGR,TimeIn,OffFrac,Flips/yr,panel
SPY,Buy & hold,FULL,1999-01-27,2026-09-03,6944,0.42114153521968556,-0.5519076395778848,0.5452820431056125,15.836197769908797,0.08635194275000413,1.0,0.0,0.0,VR
SPY,Buy & hold,E_bear_2018q4,2018-09-04,2019-02-28,122,-0.36326100968423153,-0.19346772332076612,-0.7669972487538959,7.969214229417136,-0.061123653886933416,1.0,0.0,0.0,VR
SPY,Buy & hold,X_2020_covid,2020-02-03,2020-12-31,232,0.6898896052536961,-0.33717009273069154,1.8966374461037052,10.604383570471995,0.20112670972604096,1.0,0.0,0.0,VR
SPY,Buy & hold,B_bear_2022,2022-01-03,2022-12-30,251,-0.7624118230643652,-0.24496106785317096,-1.21132774252496,15.057066082463114,-0.18239041866719186,1.0,0.0,0.0,VR
SPY,Buy & hold,K_bull_2013_14,2013-01-02,2014-12-31,504,1.877417564787742,-0.07272286528089233,13.106193466831915,1.718791971738975,0.225268201108485,1.0,0.0,0.0,VR
SPY,Buy & hold,A_bull_2021,2021-01-04,2021-12-31,252,2.009568947090925,-0.051159167099484426,19.43175074823723,1.4782884682557307,0.2872573304913877,1.0,0.0,0.0,VR
SPY,Buy & hold,C_mixed_2023_24,2023-01-03,2024-12-31,502,1.4529897452536387,-0.09976193175376957,9.606917133890514,2.669002771461786,0.256408884555575,1.0,0.0,0.0,VR
SPY,Buy & hold,D_recent_2025plus,2025-01-02,2026-09-03,419,0.8195963655275866,-0.18754770834024748,4.700879062981617,3.966424628037595,0.1864568248883658,1.0,0.0,0.0,VR
SPY,trend λ5 rolling,FULL,1999-01-27,2026-09-03,6944,0.6345803903917503,-0.18613348676639785,1.7067584909927498,5.29755776546647,0.09041651697734476,0.6418490783410138,0.3581509216589862,1.5241935483870968,VR
SPY,trend λ5 rolling,E_bear_2018q4,2018-09-04,2019-02-28,122,-1.4418318243686765,-0.0687081634223281,-1.6742709555869764,4.952831849985747,-0.08292382514337249,0.28688524590163933,0.7131147540983607,2.0655737704918034,VR
SPY,trend λ5 rolling,X_2020_covid,2020-02-03,2020-12-31,232,0.8906197357659956,-0.1318117757804873,2.072600949810245,7.908242560707082,0.16390631042651305,0.75,0.25,2.1724137931034484,VR
SPY,trend λ5 rolling,B_bear_2022,2022-01-03,2022-12-30,251,-2.179512128811603,-0.0937214238042271,-0.8628570943644459,8.926277823972383,-0.07702102146682599,0.06772908366533864,0.9322709163346614,1.00398406374502,VR
SPY,trend λ5 rolling,K_bull_2013_14,2013-01-02,2014-12-31,504,1.594151669874192,-0.07272286528089233,7.428902347144027,2.3571228959358463,0.17510835814124737,0.9007936507936508,0.09920634920634919,0.5,VR
SPY,trend λ5 rolling,A_bull_2021,2021-01-04,2021-12-31,252,2.009568947090925,-0.051159167099484426,19.43175074823723,1.4782884682557307,0.2872573304913877,1.0,0.0,0.0,VR
SPY,trend λ5 rolling,C_mixed_2023_24,2023-01-03,2024-12-31,502,1.1207278438515558,-0.08405219282348686,7.773157870276906,2.128341289189149,0.1654393284269593,0.6414342629482072,0.35856573705179284,1.5059760956175299,VR
SPY,trend λ5 rolling,D_recent_2025plus,2025-01-02,2026-09-03,419,0.914436089068064,-0.1003451594703132,4.631064960163887,3.4732533066252658,0.16084861686085627,0.9116945107398569,0.08830548926014314,2.4057279236276847,VR
SPY,trend x VR own,FULL,1999-01-27,2026-09-03,6944,-0.1857695256630481,-0.1003451594703132,1.0645236789768513,1.5917550728646916,0.016944609661959875,0.014112903225806451,0.9858870967741935,0.29032258064516125,VR
SPY,trend x VR own,E_bear_2018q4,2018-09-04,2019-02-28,122,,0.0,inf,0.0,0.02551891198769396,0.0,1.0,0.0,VR
SPY,trend x VR own,X_2020_covid,2020-02-03,2020-12-31,232,,0.0,inf,0.0,0.004463155962711518,0.0,1.0,0.0,VR
SPY,trend x VR own,B_bear_2022,2022-01-03,2022-12-30,251,,0.0,inf,0.0,0.01293306058653898,0.0,1.0,0.0,VR
SPY,trend x VR own,K_bull_2013_14,2013-01-02,2014-12-31,504,,0.0,,0.0,0.0,0.0,1.0,0.0,VR
SPY,trend x VR own,A_bull_2021,2021-01-04,2021-12-31,252,,0.0,,0.0,0.0,0.0,1.0,0.0,VR
SPY,trend x VR own,C_mixed_2023_24,2023-01-03,2024-12-31,502,0.5390305361107555,-0.04682856107285249,5.623943972065947,1.3323850035171458,0.07493258609001319,0.11752988047808766,0.8824701195219123,2.00796812749004,VR
SPY,trend x VR own,D_recent_2025plus,2025-01-02,2026-09-03,419,-0.9674276167336259,-0.10034515947031308,-0.05770827606125814,5.4354164418196165,-0.003136685125324279,0.07398568019093078,0.9260143198090692,1.2028639618138424,VR
SPY,trend x VR SPY,FULL,1999-01-27,2026-09-03,6944,-0.1857695256630481,-0.1003451594703132,1.0645236789768513,1.5917550728646916,0.016944609661959875,0.014112903225806451,0.9858870967741935,0.29032258064516125,VR
SPY,trend x VR SPY,E_bear_2018q4,2018-09-04,2019-02-28,122,,0.0,inf,0.0,0.02551891198769396,0.0,1.0,0.0,VR
SPY,trend x VR SPY,X_2020_covid,2020-02-03,2020-12-31,232,,0.0,inf,0.0,0.004463155962711518,0.0,1.0,0.0,VR
SPY,trend x VR SPY,B_bear_2022,2022-01-03,2022-12-30,251,,0.0,inf,0.0,0.01293306058653898,0.0,1.0,0.0,VR
SPY,trend x VR SPY,K_bull_2013_14,2013-01-02,2014-12-31,504,,0.0,,0.0,0.0,0.0,1.0,0.0,VR
SPY,trend x VR SPY,A_bull_2021,2021-01-04,2021-12-31,252,,0.0,,0.0,0.0,0.0,1.0,0.0,VR
SPY,trend x VR SPY,C_mixed_2023_24,2023-01-03,2024-12-31,502,0.5390305361107555,-0.04682856107285249,5.623943972065947,1.3323850035171458,0.07493258609001319,0.11752988047808766,0.8824701195219123,2.00796812749004,VR
SPY,trend x VR SPY,D_recent_2025plus,2025-01-02,2026-09-03,419,-0.9674276167336259,-0.10034515947031308,-0.05770827606125814,5.4354164418196165,-0.003136685125324279,0.07398568019093078,0.9260143198090692,1.2028639618138424,VR
SPY,VR own alone,FULL,1999-01-27,2026-09-03,6944,-0.15706984773500257,-0.12243770203444959,0.5610469924002911,2.584856942515102,0.0145022621338311,0.039026497695852536,0.9609735023041475,0.43548387096774194,VR
SPY,VR own alone,E_bear_2018q4,2018-09-04,2019-02-28,122,,0.0,inf,0.0,0.02551891198769396,0.0,1.0,0.0,VR
SPY,VR own alone,X_2020_covid,2020-02-03,2020-12-31,232,,0.0,inf,0.0,0.004463155962711518,0.0,1.0,0.0,VR
SPY,VR own alone,B_bear_2022,2022-01-03,2022-12-30,251,,0.0,inf,0.0,0.01293306058653898,0.0,1.0,0.0,VR
SPY,VR own alone,K_bull_2013_14,2013-01-02,2014-12-31,504,,0.0,,0.0,0.0,0.0,1.0,0.0,VR
SPY,VR own alone,A_bull_2021,2021-01-04,2021-12-31,252,,0.0,,0.0,0.0,0.0,1.0,0.0,VR
SPY,VR own alone,C_mixed_2023_24,2023-01-03,2024-12-31,502,0.5390305361107555,-0.04682856107285249,5.623943972065947,1.3323850035171458,0.07493258609001319,0.11752988047808766,0.8824701195219123,2.00796812749004,VR
SPY,VR own alone,D_recent_2025plus,2025-01-02,2026-09-03,419,-1.0755772227923637,-0.12243770203444948,-0.32655264827396485,8.899199882435235,-0.02906057289128583,0.1026252983293556,0.8973747016706444,1.2028639618138424,VR
SPY,VR SPY alone,FULL,1999-01-27,2026-09-03,6944,-0.15706984773500257,-0.12243770203444959,0.5610469924002911,2.584856942515102,0.0145022621338311,0.039026497695852536,0.9609735023041475,0.43548387096774194,VR
SPY,VR SPY alone,E_bear_2018q4,2018-09-04,2019-02-28,122,,0.0,inf,0.0,0.02551891198769396,0.0,1.0,0.0,VR
SPY,VR SPY alone,X_2020_covid,2020-02-03,2020-12-31,232,,0.0,inf,0.0,0.004463155962711518,0.0,1.0,0.0,VR
SPY,VR SPY alone,B_bear_2022,2022-01-03,2022-12-30,251,,0.0,inf,0.0,0.01293306058653898,0.0,1.0,0.0,VR
SPY,VR SPY alone,K_bull_2013_14,2013-01-02,2014-12-31,504,,0.0,,0.0,0.0,0.0,1.0,0.0,VR
SPY,VR SPY alone,A_bull_2021,2021-01-04,2021-12-31,252,,0.0,,0.0,0.0,0.0,1.0,0.0,VR
SPY,VR SPY alone,C_mixed_2023_24,2023-01-03,2024-12-31,502,0.5390305361107555,-0.04682856107285249,5.623943972065947,1.3323850035171458,0.07493258609001319,0.11752988047808766,0.8824701195219123,2.00796812749004,VR
SPY,VR SPY alone,D_recent_2025plus,2025-01-02,2026-09-03,419,-1.0755772227923637,-0.12243770203444948,-0.32655264827396485,8.899199882435235,-0.02906057289128583,0.1026252983293556,0.8973747016706444,1.2028639618138424,VR
SPY,Buy & hold,FULL,2006-07-18,2026-09-03,5065,0.5750228257362071,-0.5519076395778841,0.9033305636774844,12.763124833232625,0.11529320749890126,1.0,0.0,0.0,VIX
SPY,Buy & hold,E_bear_2018q4,2018-09-04,2019-02-28,122,-0.36326100968423153,-0.19346772332076612,-0.7669972487538959,7.969214229417136,-0.061123653886933416,1.0,0.0,0.0,VIX
SPY,Buy & hold,X_2020_covid,2020-02-03,2020-12-31,232,0.6898896052536961,-0.33717009273069154,1.8966374461037052,10.604383570471995,0.20112670972604096,1.0,0.0,0.0,VIX
SPY,Buy & hold,B_bear_2022,2022-01-03,2022-12-30,251,-0.7624118230643652,-0.24496106785317096,-1.21132774252496,15.057066082463114,-0.18239041866719186,1.0,0.0,0.0,VIX
SPY,Buy & hold,K_bull_2013_14,2013-01-02,2014-12-31,504,1.877417564787742,-0.07272286528089233,13.106193466831915,1.718791971738975,0.225268201108485,1.0,0.0,0.0,VIX
SPY,Buy & hold,A_bull_2021,2021-01-04,2021-12-31,252,2.009568947090925,-0.051159167099484426,19.43175074823723,1.4782884682557307,0.2872573304913877,1.0,0.0,0.0,VIX
SPY,Buy & hold,C_mixed_2023_24,2023-01-03,2024-12-31,502,1.4529897452536387,-0.09976193175376957,9.606917133890514,2.669002771461786,0.256408884555575,1.0,0.0,0.0,VIX
SPY,Buy & hold,D_recent_2025plus,2025-01-02,2026-09-03,419,0.8195963655275866,-0.18754770834024748,4.700879062981617,3.966424628037595,0.1864568248883658,1.0,0.0,0.0,VIX
SPY,trend λ5 rolling,FULL,2006-07-18,2026-09-03,5065,0.7570511061439199,-0.18613348676639807,1.9427060596975765,5.463708464257488,0.1061437954193396,0.6843040473840079,0.31569595261599215,1.5921026653504444,VIX
SPY,trend λ5 rolling,E_bear_2018q4,2018-09-04,2019-02-28,122,-1.4418318243686765,-0.0687081634223281,-1.6742709555869764,4.952831849985747,-0.08292382514337249,0.28688524590163933,0.7131147540983607,2.0655737704918034,VIX
SPY,trend λ5 rolling,X_2020_covid,2020-02-03,2020-12-31,232,0.8906197357659956,-0.1318117757804873,2.072600949810245,7.908242560707082,0.16390631042651305,0.75,0.25,2.1724137931034484,VIX
SPY,trend λ5 rolling,B_bear_2022,2022-01-03,2022-12-30,251,-2.179512128811603,-0.0937214238042271,-0.8628570943644459,8.926277823972383,-0.07702102146682599,0.06772908366533864,0.9322709163346614,1.00398406374502,VIX
SPY,trend λ5 rolling,K_bull_2013_14,2013-01-02,2014-12-31,504,1.594151669874192,-0.07272286528089233,7.428902347144027,2.3571228959358463,0.17510835814124737,0.9007936507936508,0.09920634920634919,0.5,VIX
SPY,trend λ5 rolling,A_bull_2021,2021-01-04,2021-12-31,252,2.009568947090925,-0.051159167099484426,19.43175074823723,1.4782884682557307,0.2872573304913877,1.0,0.0,0.0,VIX
SPY,trend λ5 rolling,C_mixed_2023_24,2023-01-03,2024-12-31,502,1.1207278438515558,-0.08405219282348686,7.773157870276906,2.128341289189149,0.1654393284269593,0.6414342629482072,0.35856573705179284,1.5059760956175299,VIX
SPY,trend λ5 rolling,D_recent_2025plus,2025-01-02,2026-09-03,419,0.914436089068064,-0.1003451594703132,4.631064960163887,3.4732533066252658,0.16084861686085627,0.9116945107398569,0.08830548926014314,2.4057279236276847,VIX
SPY,trend x VIX term,FULL,2006-07-18,2026-09-03,5065,0.6123820367620401,-0.19872117699522807,1.0966682359990252,7.0413366970537625,0.07722010294633153,0.628035538005923,0.37196446199407696,9.900888450148075,VIX
SPY,trend x VIX term,E_bear_2018q4,2018-09-04,2019-02-28,122,-2.093520886024299,-0.06367938998877798,-1.72072172199966,5.243503503677799,-0.09022610378159712,0.23770491803278687,0.7622950819672132,6.19672131147541,VIX
SPY,trend x VIX term,X_2020_covid,2020-02-03,2020-12-31,232,1.4119747831270886,-0.09440548826761408,5.783611017238861,3.847557409727694,0.22252775424360105,0.6724137931034483,0.3275862068965517,7.603448275862069,VIX
SPY,trend x VIX term,B_bear_2022,2022-01-03,2022-12-30,251,-2.179512128811603,-0.0937214238042271,-0.8628570943644459,8.926277823972383,-0.07702102146682599,0.06772908366533864,0.9322709163346614,1.00398406374502,VIX
SPY,trend x VIX term,K_bull_2013_14,2013-01-02,2014-12-31,504,1.2562859207893262,-0.06042821743759119,5.6911985035243555,2.2052943251313453,0.12550767763018267,0.8511904761904762,0.14880952380952384,11.5,VIX
SPY,trend x VIX term,A_bull_2021,2021-01-04,2021-12-31,252,1.805022212362911,-0.05120854849839318,15.425576221807253,1.633457583790586,0.2519702446385079,0.9920634920634921,0.007936507936507908,4.0,VIX
SPY,trend x VIX term,C_mixed_2023_24,2023-01-03,2024-12-31,502,0.8921529055953106,-0.057333207683943566,6.259825701510251,2.1464427220391205,0.1343635731824011,0.6235059760956175,0.37649402390438247,6.525896414342629,VIX
SPY,trend x VIX term,D_recent_2025plus,2025-01-02,2026-09-03,419,0.9050853516348069,-0.08989858191101496,5.17702622674283,2.9341074027443126,0.15189950976087596,0.8615751789976134,0.13842482100238662,13.231503579952266,VIX
SPY,VIX term alone,FULL,2006-07-18,2026-09-03,5065,0.5366774481156532,-0.42105910898473464,0.6968322480134624,12.138798555905279,0.08458706285894046,0.8908193484698914,0.10918065153010859,14.876209279368215,VIX
SPY,VIX term alone,E_bear_2018q4,2018-09-04,2019-02-28,122,-1.1739509702535342,-0.15522297017737952,-1.2531042499141056,9.628232604021484,-0.12065179195260878,0.7213114754098361,0.2786885245901639,41.31147540983606,VIX
SPY,VIX term alone,X_2020_covid,2020-02-03,2020-12-31,232,1.7678505726417497,-0.09440548826761375,8.863848492918343,3.6448242393419066,0.3230716984084301,0.7758620689655172,0.22413793103448276,7.603448275862069,VIX
SPY,VIX term alone,B_bear_2022,2022-01-03,2022-12-30,251,-1.148269037245027,-0.3009368108574436,-1.2113552369093417,20.31616374649782,-0.24610091348227847,0.9402390438247012,0.05976095617529875,18.071713147410357,VIX
SPY,VIX term alone,K_bull_2013_14,2013-01-02,2014-12-31,504,1.4992989779911536,-0.06042821743759119,8.836938515559297,1.8414567258449417,0.16272839865354882,0.9464285714285714,0.0535714285714286,14.0,VIX
SPY,VIX term alone,A_bull_2021,2021-01-04,2021-12-31,252,1.805022212362911,-0.05120854849839318,15.425576221807253,1.633457583790586,0.2519702446385079,0.9920634920634921,0.007936507936507908,4.0,VIX
SPY,VIX term alone,C_mixed_2023_24,2023-01-03,2024-12-31,502,1.2840904355938976,-0.09976193175376957,8.306720108887035,2.6834596158314143,0.22290747952213086,0.9820717131474104,0.017928286852589626,5.0199203187251,VIX
SPY,VIX term alone,D_recent_2025plus,2025-01-02,2026-09-03,419,1.0165501580968235,-0.08989858191101496,6.1735553277709725,2.7682150872190223,0.17089729000116982,0.9069212410501193,0.09307875894988071,14.43436754176611,VIX
QQQ,Buy & hold,FULL,2005-03-16,2026-09-03,5402,0.6966367085007094,-0.5341365461847383,1.2463826532609046,12.53649824097057,0.1562527394018156,1.0,0.0,0.0,VR
QQQ,Buy & hold,E_bear_2018q4,2018-09-04,2019-02-28,122,-0.5031077658821075,-0.22758581752484208,-1.304239321842696,10.343202273897912,-0.13490011119390444,1.0,0.0,0.0,VR
QQQ,Buy & hold,X_2020_covid,2020-02-03,2020-12-31,232,1.251031718692228,-0.2856139426664913,5.577902600699242,8.762236144285088,0.48874899777148695,1.0,0.0,0.0,VR
QQQ,Buy & hold,B_bear_2022,2022-01-03,2022-12-30,251,-1.1098435722040219,-0.3482789507357644,-1.3663017364234176,23.922004279375983,-0.32684675985639833,1.0,0.0,0.0,VR
QQQ,Buy & hold,K_bull_2013_14,2013-01-02,2014-12-31,504,1.9348094159069578,-0.0824764821702032,13.789371261925123,2.00308400540348,0.27621269019332617,1.0,0.0,0.0,VR
QQQ,Buy & hold,A_bull_2021,2021-01-04,2021-12-31,252,1.421798245983131,-0.10852546587664624,8.69258927487501,3.1545812219246994,0.27421478896424745,1.0,0.0,0.0,VR
QQQ,Buy & hold,C_mixed_2023_24,2023-01-03,2024-12-31,502,1.6717559469829437,-0.13557006529382232,10.919343833881548,3.630141665088832,0.39638765006804233,1.0,0.0,0.0,VR
QQQ,Buy & hold,D_recent_2025plus,2025-01-02,2026-09-03,419,0.8095040011540756,-0.22767673749859962,4.0136225885781736,5.571923258037321,0.2236359705028268,1.0,0.0,0.0,VR
QQQ,trend λ5 rolling,FULL,2005-03-16,2026-09-03,5402,0.8529739165100796,-0.19456995917726627,2.491021764575187,5.722171980934982,0.1425405494515135,0.7034431691965939,0.2965568308034061,1.5860792299148463,VR
QQQ,trend λ5 rolling,E_bear_2018q4,2018-09-04,2019-02-28,122,-1.9196320680698813,-0.1133777213188798,-2.180293138662622,9.467988531881451,-0.2064299043299752,0.30327868852459017,0.6967213114754098,2.0655737704918034,VR
QQQ,trend λ5 rolling,X_2020_covid,2020-02-03,2020-12-31,232,1.307605767307533,-0.19456995917726638,4.132479950790214,9.081323747416608,0.3752838831283418,0.896551724137931,0.10344827586206895,2.1724137931034484,VR
QQQ,trend λ5 rolling,B_bear_2022,2022-01-03,2022-12-30,251,,0.0,inf,0.0,0.01293306058653898,0.0,1.0,0.0,VR
QQQ,trend λ5 rolling,K_bull_2013_14,2013-01-02,2014-12-31,504,2.1144619907500717,-0.0742130750605331,15.36656190046204,1.697237632798636,0.26080707144193904,0.8035714285714286,0.1964285714285714,2.5,VR
QQQ,trend λ5 rolling,A_bull_2021,2021-01-04,2021-12-31,252,0.841454833195109,-0.10852546587664624,3.588766205389812,3.951789165228466,0.14182047406997533,0.8888888888888888,0.11111111111111116,3.0,VR
QQQ,trend λ5 rolling,C_mixed_2023_24,2023-01-03,2024-12-31,502,0.6243545216864167,-0.19440920109877402,2.1286704798263805,6.5951512091526245,0.1403890368891445,0.7529880478087649,0.24701195219123506,2.50996015936255,VR
QQQ,trend λ5 rolling,D_recent_2025plus,2025-01-02,2026-09-03,419,0.9120262789690793,-0.12659091010942236,4.001328959257014,5.290451055291413,0.21168835015069365,0.9069212410501193,0.09307875894988071,1.2028639618138424,VR
QQQ,trend x VR own,FULL,2005-03-16,2026-09-03,5402,-0.005223373175141434,-0.1479805363693144,0.19382730099891415,8.630265842524194,0.016727811351595845,0.0625694187338023,0.9374305812661977,0.46649389115142537,VR
QQQ,trend x VR own,E_bear_2018q4,2018-09-04,2019-02-28,122,,0.0,inf,0.0,0.02551891198769396,0.0,1.0,0.0,VR
QQQ,trend x VR own,X_2020_covid,2020-02-03,2020-12-31,232,,0.0,inf,0.0,0.004463155962711518,0.0,1.0,0.0,VR
QQQ,trend x VR own,B_bear_2022,2022-01-03,2022-12-30,251,,0.0,inf,0.0,0.01293306058653898,0.0,1.0,0.0,VR
QQQ,trend x VR own,K_bull_2013_14,2013-01-02,2014-12-31,504,,0.0,,0.0,0.0,0.0,1.0,0.0,VR
QQQ,trend x VR own,A_bull_2021,2021-01-04,2021-12-31,252,,0.0,,0.0,0.0,0.0,1.0,0.0,VR
QQQ,trend x VR own,C_mixed_2023_24,2023-01-03,2024-12-31,502,-0.1444311241978022,-0.07007329842931898,2.3969027548498656,1.8061895669022228,0.04329260748689023,0.053784860557768925,0.9462151394422311,2.00796812749004,VR
QQQ,trend x VR own,D_recent_2025plus,2025-01-02,2026-09-03,419,,0.0,inf,0.0,0.04512386237713906,0.0,1.0,0.0,VR
QQQ,trend x VR SPY,FULL,2005-03-16,2026-09-03,5402,-0.19621039394170145,-0.1479951509072882,0.3507326887042889,3.3620273225383546,0.011791728823311587,0.025731210662717514,0.9742687893372824,0.46649389115142537,VR
QQQ,trend x VR SPY,E_bear_2018q4,2018-09-04,2019-02-28,122,,0.0,inf,0.0,0.02551891198769396,0.0,1.0,0.0,VR
QQQ,trend x VR SPY,X_2020_covid,2020-02-03,2020-12-31,232,,0.0,inf,0.0,0.004463155962711518,0.0,1.0,0.0,VR
QQQ,trend x VR SPY,B_bear_2022,2022-01-03,2022-12-30,251,,0.0,inf,0.0,0.01293306058653898,0.0,1.0,0.0,VR
QQQ,trend x VR SPY,K_bull_2013_14,2013-01-02,2014-12-31,504,,0.0,,0.0,0.0,0.0,1.0,0.0,VR
QQQ,trend x VR SPY,A_bull_2021,2021-01-04,2021-12-31,252,,0.0,,0.0,0.0,0.0,1.0,0.0,VR
QQQ,trend x VR SPY,C_mixed_2023_24,2023-01-03,2024-12-31,502,-0.11389267816673757,-0.08885986941235557,1.2340578991122266,3.4101117800188825,0.04208275378987958,0.11752988047808766,0.8824701195219123,2.00796812749004,VR
QQQ,trend x VR SPY,D_recent_2025plus,2025-01-02,2026-09-03,419,-1.104880540175113,-0.12659091010942225,-0.23243136948879603,9.26212273791861,-0.021528078723477395,0.06205250596658711,0.9379474940334129,1.2028639618138424,VR
QQQ,VR own alone,FULL,2005-03-16,2026-09-03,5402,-0.021464860102318146,-0.21162708356284188,0.15132553498417847,10.184978461111688,0.015412473144300609,0.07885968159940762,0.9211403184005924,0.46649389115142537,VR
QQQ,VR own alone,E_bear_2018q4,2018-09-04,2019-02-28,122,,0.0,inf,0.0,0.02551891198769396,0.0,1.0,0.0,VR
QQQ,VR own alone,X_2020_covid,2020-02-03,2020-12-31,232,,0.0,inf,0.0,0.004463155962711518,0.0,1.0,0.0,VR
QQQ,VR own alone,B_bear_2022,2022-01-03,2022-12-30,251,,0.0,inf,0.0,0.01293306058653898,0.0,1.0,0.0,VR
QQQ,VR own alone,K_bull_2013_14,2013-01-02,2014-12-31,504,,0.0,,0.0,0.0,0.0,1.0,0.0,VR
QQQ,VR own alone,A_bull_2021,2021-01-04,2021-12-31,252,,0.0,,0.0,0.0,0.0,1.0,0.0,VR
QQQ,VR own alone,C_mixed_2023_24,2023-01-03,2024-12-31,502,0.0031007360197230476,-0.0700732984293192,2.80197896631,1.8061608958382467,0.05060824839910394,0.05776892430278884,0.9422310756972112,2.00796812749004,VR
QQQ,VR own alone,D_recent_2025plus,2025-01-02,2026-09-03,419,,0.0,inf,0.0,0.04512386237713906,0.0,1.0,0.0,VR
QQQ,VR SPY alone,FULL,2005-03-16,2026-09-03,5402,-0.19438841951563696,-0.18461468770072742,0.2455428232691411,4.306138792392155,0.010573414764727396,0.03387634209552018,0.9661236579044798,0.3731951129211403,VR
QQQ,VR SPY alone,E_bear_2018q4,2018-09-04,2019-02-28,122,,0.0,inf,0.0,0.02551891198769396,0.0,1.0,0.0,VR
QQQ,VR SPY alone,X_2020_covid,2020-02-03,2020-12-31,232,,0.0,inf,0.0,0.004463155962711518,0.0,1.0,0.0,VR
QQQ,VR SPY alone,B_bear_2022,2022-01-03,2022-12-30,251,,0.0,inf,0.0,0.01293306058653898,0.0,1.0,0.0,VR
QQQ,VR SPY alone,K_bull_2013_14,2013-01-02,2014-12-31,504,,0.0,,0.0,0.0,0.0,1.0,0.0,VR
QQQ,VR SPY alone,A_bull_2021,2021-01-04,2021-12-31,252,,0.0,,0.0,0.0,0.0,1.0,0.0,VR
QQQ,VR SPY alone,C_mixed_2023_24,2023-01-03,2024-12-31,502,-0.11389267816673757,-0.08885986941235557,1.2340578991122266,3.4101117800188825,0.04208275378987958,0.11752988047808766,0.8824701195219123,2.00796812749004,VR
QQQ,VR SPY alone,D_recent_2025plus,2025-01-02,2026-09-03,419,-1.0799737426137908,-0.16413041042685883,-0.3800373808760877,12.907609363544449,-0.04905374055893097,0.1026252983293556,0.8973747016706444,1.2028639618138424,VR
QQQ,Buy & hold,FULL,2006-07-18,2026-09-03,5065,0.742842494235045,-0.5341365461847389,1.3164693487623722,12.82361719894754,0.16881898982676424,1.0,0.0,0.0,VIX
QQQ,Buy & hold,E_bear_2018q4,2018-09-04,2019-02-28,122,-0.5031077658821075,-0.22758581752484208,-1.304239321842696,10.343202273897912,-0.13490011119390444,1.0,0.0,0.0,VIX
QQQ,Buy & hold,X_2020_covid,2020-02-03,2020-12-31,232,1.251031718692228,-0.2856139426664913,5.577902600699242,8.762236144285088,0.48874899777148695,1.0,0.0,0.0,VIX
QQQ,Buy & hold,B_bear_2022,2022-01-03,2022-12-30,251,-1.1098435722040219,-0.3482789507357644,-1.3663017364234176,23.922004279375983,-0.32684675985639833,1.0,0.0,0.0,VIX
QQQ,Buy & hold,K_bull_2013_14,2013-01-02,2014-12-31,504,1.9348094159069578,-0.0824764821702032,13.789371261925123,2.00308400540348,0.27621269019332617,1.0,0.0,0.0,VIX
QQQ,Buy & hold,A_bull_2021,2021-01-04,2021-12-31,252,1.421798245983131,-0.10852546587664624,8.69258927487501,3.1545812219246994,0.27421478896424745,1.0,0.0,0.0,VIX
QQQ,Buy & hold,C_mixed_2023_24,2023-01-03,2024-12-31,502,1.6717559469829437,-0.13557006529382232,10.919343833881548,3.630141665088832,0.39638765006804233,1.0,0.0,0.0,VIX
QQQ,Buy & hold,D_recent_2025plus,2025-01-02,2026-09-03,419,0.8095040011540756,-0.22767673749859962,4.0136225885781736,5.571923258037321,0.2236359705028268,1.0,0.0,0.0,VIX
QQQ,trend λ5 rolling,FULL,2006-07-18,2026-09-03,5065,0.9277638553115237,-0.19456995917726616,2.7340189385932567,5.634240096994629,0.15404119129764826,0.6837117472852912,0.31628825271470884,1.691609081934847,VIX
QQQ,trend λ5 rolling,E_bear_2018q4,2018-09-04,2019-02-28,122,-1.9196320680698813,-0.1133777213188798,-2.180293138662622,9.467988531881451,-0.2064299043299752,0.30327868852459017,0.6967213114754098,2.0655737704918034,VIX
QQQ,trend λ5 rolling,X_2020_covid,2020-02-03,2020-12-31,232,1.307605767307533,-0.19456995917726638,4.132479950790214,9.081323747416608,0.3752838831283418,0.896551724137931,0.10344827586206895,2.1724137931034484,VIX
QQQ,trend λ5 rolling,B_bear_2022,2022-01-03,2022-12-30,251,,0.0,inf,0.0,0.01293306058653898,0.0,1.0,0.0,VIX
QQQ,trend λ5 rolling,K_bull_2013_14,2013-01-02,2014-12-31,504,2.1144619907500717,-0.0742130750605331,15.36656190046204,1.697237632798636,0.26080707144193904,0.8035714285714286,0.1964285714285714,2.5,VIX
QQQ,trend λ5 rolling,A_bull_2021,2021-01-04,2021-12-31,252,0.841454833195109,-0.10852546587664624,3.588766205389812,3.951789165228466,0.14182047406997533,0.8888888888888888,0.11111111111111116,3.0,VIX
QQQ,trend λ5 rolling,C_mixed_2023_24,2023-01-03,2024-12-31,502,0.6243545216864167,-0.19440920109877402,2.1286704798263805,6.5951512091526245,0.1403890368891445,0.7529880478087649,0.24701195219123506,2.50996015936255,VIX
QQQ,trend λ5 rolling,D_recent_2025plus,2025-01-02,2026-09-03,419,0.9120262789690793,-0.12659091010942236,4.001328959257014,5.290451055291413,0.21168835015069365,0.9069212410501193,0.09307875894988071,1.2028639618138424,VIX
QQQ,trend x VIX term,FULL,2006-07-18,2026-09-03,5065,0.8895805093898728,-0.16801642119897608,2.3869823725971218,5.523109604164332,0.13183565267062125,0.631786771964462,0.368213228035538,9.403356367226062,VIX
QQQ,trend x VIX term,E_bear_2018q4,2018-09-04,2019-02-28,122,-2.5901237480874744,-0.1064394898688148,-2.1401797284525146,9.035806567432665,-0.1933825004583749,0.2459016393442623,0.7540983606557377,10.327868852459016,VIX
QQQ,trend x VIX term,X_2020_covid,2020-02-03,2020-12-31,232,1.9474394511417175,-0.12623652233441673,9.162147411159898,5.029767789904304,0.4608347393500716,0.7758620689655172,0.22413793103448276,7.603448275862069,VIX
QQQ,trend x VIX term,B_bear_2022,2022-01-03,2022-12-30,251,,0.0,inf,0.0,0.01293306058653898,0.0,1.0,0.0,VIX
QQQ,trend x VIX term,K_bull_2013_14,2013-01-02,2014-12-31,504,1.8847903461518138,-0.07513886198547248,11.449379888507682,1.888526149360687,0.21622453313411105,0.7698412698412699,0.23015873015873012,12.5,VIX
QQQ,trend x VIX term,A_bull_2021,2021-01-04,2021-12-31,252,0.7440183083756896,-0.10852546587664624,3.0081047526337636,4.0702678726928205,0.12243792132339792,0.8809523809523809,0.11904761904761907,7.0,VIX
QQQ,trend x VIX term,C_mixed_2023_24,2023-01-03,2024-12-31,502,0.525691271281607,-0.16801642119897608,1.9315290375828398,6.329476770811759,0.12225568175528978,0.7370517928286853,0.26294820717131473,6.525896414342629,VIX
QQQ,trend x VIX term,D_recent_2025plus,2025-01-02,2026-09-03,419,0.8123472095924843,-0.13715439457097844,3.6627683681547527,4.992226297864626,0.18285368570488858,0.8615751789976134,0.13842482100238662,12.028639618138424,VIX
QQQ,VIX term alone,FULL,2006-07-18,2026-09-03,5065,0.6987188165099264,-0.41728273719957565,1.0620681450296356,12.232183761804887,0.12991412717561746,0.8908193484698914,0.10918065153010859,14.876209279368215,VIX
QQQ,VIX term alone,E_bear_2018q4,2018-09-04,2019-02-28,122,-1.8973228427804785,-0.22709015014776246,-1.7944552429503027,15.485025391253624,-0.27787185000553627,0.7213114754098361,0.2786885245901639,41.31147540983606,VIX
QQQ,VIX term alone,X_2020_covid,2020-02-03,2020-12-31,232,1.9474394511417175,-0.12623652233441673,9.162147411159898,5.029767789904304,0.4608347393500716,0.7758620689655172,0.22413793103448276,7.603448275862069,VIX
QQQ,VIX term alone,B_bear_2022,2022-01-03,2022-12-30,251,-1.4706885854668637,-0.40926419071538245,-1.3088205181208934,29.8036524120875,-0.3900763179188338,0.9402390438247012,0.05976095617529875,18.071713147410357,VIX
QQQ,VIX term alone,K_bull_2013_14,2013-01-02,2014-12-31,504,1.8256808384174876,-0.07513886198547248,11.680365207377893,2.0517580648887925,0.23965283515084046,0.9464285714285714,0.0535714285714286,14.0,VIX
QQQ,VIX term alone,A_bull_2021,2021-01-04,2021-12-31,252,1.3272357125589125,-0.10852546587664624,7.811553749413554,3.2334774029516207,0.25258482530670734,0.9920634920634921,0.007936507936507908,4.0,VIX
QQQ,VIX term alone,C_mixed_2023_24,2023-01-03,2024-12-31,502,1.5261001676916353,-0.10849880462079364,9.314931077026996,3.7825075318765577,0.3523379695776563,0.9820717131474104,0.017928286852589626,5.0199203187251,VIX
QQQ,VIX term alone,D_recent_2025plus,2025-01-02,2026-09-03,419,0.7842579205953054,-0.13715439457097756,3.5087543820747524,5.147961901665162,0.1806293388122151,0.9069212410501193,0.09307875894988071,14.43436754176611,VIX
XLK,Buy & hold,FULL,2004-12-30,2026-09-03,5454,0.6716525723631953,-0.5307414104882456,1.2408900415191375,12.502752462073838,0.15514541021766304,1.0,0.0,0.0,VR
XLK,Buy & hold,E_bear_2018q4,2018-09-04,2019-02-28,122,-0.3663173494039166,-0.23769100169779322,-0.971337211256988,11.363289774052179,-0.11037586199832894,1.0,0.0,0.0,VR
XLK,Buy & hold,X_2020_covid,2020-02-03,2020-12-31,232,1.0412301584738568,-0.31156294927089734,4.295911699172468,9.772620878043695,0.4198231636156502,1.0,0.0,0.0,VR
XLK,Buy & hold,B_bear_2022,2022-01-03,2022-12-30,251,-0.8680763438815495,-0.33125073676765326,-1.3025866847608665,21.356219090855095,-0.27818326624583667,1.0,0.0,0.0,VR
XLK,Buy & hold,K_bull_2013_14,2013-01-02,2014-12-31,504,1.7056844648703182,-0.0795454545454547,12.15312335417662,1.8064018107806012,0.21953424033624658,1.0,0.0,0.0,VR
XLK,Buy & hold,A_bull_2021,2021-01-04,2021-12-31,252,1.6435587614712046,-0.0920577617328523,11.86834418225652,2.929294518879317,0.34765875561257253,1.0,0.0,0.0,VR
XLK,Buy & hold,C_mixed_2023_24,2023-01-03,2024-12-31,502,1.4291595897261993,-0.16974704028617682,8.515700958936014,4.454027265343779,0.37929164254615166,1.0,0.0,0.0,VR
XLK,Buy & hold,D_recent_2025plus,2025-01-02,2026-09-03,419,0.9812430735997616,-0.2565597667638485,4.5368428877060065,7.142129043354438,0.32402717353421084,1.0,0.0,0.0,VR
XLK,trend λ5 rolling,FULL,2004-12-30,2026-09-03,5454,0.6707393405331679,-0.29171633032009003,1.5890892009553965,7.443300679744122,0.11828068729645347,0.7224055738907224,0.27759442610927765,1.8481848184818481,VR
XLK,trend λ5 rolling,E_bear_2018q4,2018-09-04,2019-02-28,122,-1.3737445313667769,-0.11596329937747651,-1.6451958626543315,9.588441184653133,-0.15774863766295733,0.3770491803278688,0.6229508196721312,4.131147540983607,VR
XLK,trend λ5 rolling,X_2020_covid,2020-02-03,2020-12-31,232,0.7527155983757357,-0.2917163303200895,1.4681862033895292,14.049134949634617,0.20626746102611193,0.9008620689655172,0.09913793103448276,2.1724137931034484,VR
XLK,trend λ5 rolling,B_bear_2022,2022-01-03,2022-12-30,251,-1.2329815952056389,-0.06447530354827313,-0.7084044598037618,6.166883328557897,-0.04368647653039881,0.035856573705179286,0.9641434262948207,1.00398406374502,VR
XLK,trend λ5 rolling,K_bull_2013_14,2013-01-02,2014-12-31,504,1.3541753876378926,-0.0594277329420394,9.406253164744971,1.4569585827118463,0.13704521279535653,0.6646825396825397,0.33531746031746035,0.5,VR
XLK,trend λ5 rolling,A_bull_2021,2021-01-04,2021-12-31,252,1.1969662506763667,-0.0920577617328523,6.373792010976477,3.65194800453678,0.23276757015818017,0.9246031746031746,0.07539682539682535,2.0,VR
XLK,trend λ5 rolling,C_mixed_2023_24,2023-01-03,2024-12-31,502,0.3667267292225621,-0.22092096744712586,1.414931330589742,7.320146688629163,0.10357504894254155,0.7450199203187251,0.2549800796812749,3.5139442231075697,VR
XLK,trend λ5 rolling,D_recent_2025plus,2025-01-02,2026-09-03,419,1.1647651638855667,-0.15923945335710055,5.605674559890272,5.913658158089424,0.3315004309268945,0.8878281622911695,0.11217183770883055,1.2028639618138424,VR
XLK,trend x VR own,FULL,2004-12-30,2026-09-03,5454,0.058883707566248784,-0.2209209674471252,0.5947995647967288,3.3103790575248935,0.019690120227280117,0.07297396406307298,0.927026035936927,0.46204620462046203,VR
XLK,trend x VR own,E_bear_2018q4,2018-09-04,2019-02-28,122,,0.0,inf,0.0,0.02551891198769396,0.0,1.0,0.0,VR
XLK,trend x VR own,X_2020_covid,2020-02-03,2020-12-31,232,,0.0,inf,0.0,0.004463155962711518,0.0,1.0,0.0,VR
XLK,trend x VR own,B_bear_2022,2022-01-03,2022-12-30,251,,0.0,inf,0.0,0.01293306058653898,0.0,1.0,0.0,VR
XLK,trend x VR own,K_bull_2013_14,2013-01-02,2014-12-31,504,,0.0,,0.0,0.0,0.0,1.0,0.0,VR
XLK,trend x VR own,A_bull_2021,2021-01-04,2021-12-31,252,,0.0,,0.0,0.0,0.0,1.0,0.0,VR
XLK,trend x VR own,C_mixed_2023_24,2023-01-03,2024-12-31,502,0.30740767113693596,-0.22092096744712575,1.3595323437584412,6.322112099891752,0.08595115880669435,0.3645418326693227,0.6354581673306773,2.00796812749004,VR
XLK,trend x VR own,D_recent_2025plus,2025-01-02,2026-09-03,419,,0.0,inf,0.0,0.04512386237713906,0.0,1.0,0.0,VR
XLK,trend x VR SPY,FULL,2004-12-30,2026-09-03,5454,-0.10830223142201048,-0.12199917252430303,0.47573070288227887,2.9549879822218994,0.014057785097911113,0.028052805280528052,0.971947194719472,0.46204620462046203,VR
XLK,trend x VR SPY,E_bear_2018q4,2018-09-04,2019-02-28,122,,0.0,inf,0.0,0.02551891198769396,0.0,1.0,0.0,VR
XLK,trend x VR SPY,X_2020_covid,2020-02-03,2020-12-31,232,,0.0,inf,0.0,0.004463155962711518,0.0,1.0,0.0,VR
XLK,trend x VR SPY,B_bear_2022,2022-01-03,2022-12-30,251,,0.0,inf,0.0,0.01293306058653898,0.0,1.0,0.0,VR
XLK,trend x VR SPY,K_bull_2013_14,2013-01-02,2014-12-31,504,,0.0,,0.0,0.0,0.0,1.0,0.0,VR
XLK,trend x VR SPY,A_bull_2021,2021-01-04,2021-12-31,252,,0.0,,0.0,0.0,0.0,1.0,0.0,VR
XLK,trend x VR SPY,C_mixed_2023_24,2023-01-03,2024-12-31,502,-0.21894269232689811,-0.10143940039178967,0.756549102891979,4.179053038828482,0.03161658827463687,0.11752988047808766,0.8824701195219123,2.00796812749004,VR
XLK,trend x VR SPY,D_recent_2025plus,2025-01-02,2026-09-03,419,-0.639528995528105,-0.09776526447313627,0.1229095032242383,6.474116662616488,0.007957304628179562,0.0477326968973747,0.9522673031026253,1.2028639618138424,VR
XLK,VR own alone,FULL,2004-12-30,2026-09-03,5454,0.08038948629305509,-0.1697470402861767,0.47264938100712367,4.445727017292888,0.021012701228501296,0.08965896589658966,0.9103410341034104,0.36963696369636967,VR
XLK,VR own alone,E_bear_2018q4,2018-09-04,2019-02-28,122,,0.0,inf,0.0,0.02551891198769396,0.0,1.0,0.0,VR
XLK,VR own alone,X_2020_covid,2020-02-03,2020-12-31,232,,0.0,inf,0.0,0.004463155962711518,0.0,1.0,0.0,VR
XLK,VR own alone,B_bear_2022,2022-01-03,2022-12-30,251,,0.0,inf,0.0,0.01293306058653898,0.0,1.0,0.0,VR
XLK,VR own alone,K_bull_2013_14,2013-01-02,2014-12-31,504,,0.0,,0.0,0.0,0.0,1.0,0.0,VR
XLK,VR own alone,A_bull_2021,2021-01-04,2021-12-31,252,,0.0,,0.0,0.0,0.0,1.0,0.0,VR
XLK,VR own alone,C_mixed_2023_24,2023-01-03,2024-12-31,502,0.6363909218241487,-0.16974704028617682,4.058994309270906,3.444278303352588,0.13980306032853407,0.3904382470119522,0.6095617529880478,1.00398406374502,VR
XLK,VR own alone,D_recent_2025plus,2025-01-02,2026-09-03,419,,0.0,inf,0.0,0.04512386237713906,0.0,1.0,0.0,VR
XLK,VR SPY alone,FULL,2004-12-30,2026-09-03,5454,-0.2312730998286522,-0.21474003483608073,0.155204199134024,5.154142046862091,0.007999444886062301,0.03355335533553355,0.9664466446644664,0.36963696369636967,VR
XLK,VR SPY alone,E_bear_2018q4,2018-09-04,2019-02-28,122,,0.0,inf,0.0,0.02551891198769396,0.0,1.0,0.0,VR
XLK,VR SPY alone,X_2020_covid,2020-02-03,2020-12-31,232,,0.0,inf,0.0,0.004463155962711518,0.0,1.0,0.0,VR
XLK,VR SPY alone,B_bear_2022,2022-01-03,2022-12-30,251,,0.0,inf,0.0,0.01293306058653898,0.0,1.0,0.0,VR
XLK,VR SPY alone,K_bull_2013_14,2013-01-02,2014-12-31,504,,0.0,,0.0,0.0,0.0,1.0,0.0,VR
XLK,VR SPY alone,A_bull_2021,2021-01-04,2021-12-31,252,,0.0,,0.0,0.0,0.0,1.0,0.0,VR
XLK,VR SPY alone,C_mixed_2023_24,2023-01-03,2024-12-31,502,-0.21894269232689811,-0.10143940039178967,0.756549102891979,4.179053038828482,0.03161658827463687,0.11752988047808766,0.8824701195219123,2.00796812749004,VR
XLK,VR SPY alone,D_recent_2025plus,2025-01-02,2026-09-03,419,-1.0233945447176693,-0.19306588921282808,-0.3849182087369819,15.654097069402914,-0.060255470033494074,0.1026252983293556,0.8973747016706444,1.2028639618138424,VR
XLK,Buy & hold,FULL,2006-07-18,2026-09-03,5065,0.7343336312559441,-0.5307414104882457,1.3500946431600591,12.840483250689406,0.1733586765234223,1.0,0.0,0.0,VIX
XLK,Buy & hold,E_bear_2018q4,2018-09-04,2019-02-28,122,-0.3663173494039166,-0.23769100169779322,-0.971337211256988,11.363289774052179,-0.11037586199832894,1.0,0.0,0.0,VIX
XLK,Buy & hold,X_2020_covid,2020-02-03,2020-12-31,232,1.0412301584738568,-0.31156294927089734,4.295911699172468,9.772620878043695,0.4198231636156502,1.0,0.0,0.0,VIX
XLK,Buy & hold,B_bear_2022,2022-01-03,2022-12-30,251,-0.8680763438815495,-0.33125073676765326,-1.3025866847608665,21.356219090855095,-0.27818326624583667,1.0,0.0,0.0,VIX
XLK,Buy & hold,K_bull_2013_14,2013-01-02,2014-12-31,504,1.7056844648703182,-0.0795454545454547,12.15312335417662,1.8064018107806012,0.21953424033624658,1.0,0.0,0.0,VIX
XLK,Buy & hold,A_bull_2021,2021-01-04,2021-12-31,252,1.6435587614712046,-0.0920577617328523,11.86834418225652,2.929294518879317,0.34765875561257253,1.0,0.0,0.0,VIX
XLK,Buy & hold,C_mixed_2023_24,2023-01-03,2024-12-31,502,1.4291595897261993,-0.16974704028617682,8.515700958936014,4.454027265343779,0.37929164254615166,1.0,0.0,0.0,VIX
XLK,Buy & hold,D_recent_2025plus,2025-01-02,2026-09-03,419,0.9812430735997616,-0.2565597667638485,4.5368428877060065,7.142129043354438,0.32402717353421084,1.0,0.0,0.0,VIX
XLK,trend λ5 rolling,FULL,2006-07-18,2026-09-03,5065,0.7553970220981453,-0.2917163303200896,1.7751152490164577,7.497324193199765,0.13308614502168914,0.7010858835143139,0.2989141164856861,1.9901283316880554,VIX
XLK,trend λ5 rolling,E_bear_2018q4,2018-09-04,2019-02-28,122,-1.3737445313667769,-0.11596329937747651,-1.6451958626543315,9.588441184653133,-0.15774863766295733,0.3770491803278688,0.6229508196721312,4.131147540983607,VIX
XLK,trend λ5 rolling,X_2020_covid,2020-02-03,2020-12-31,232,0.7527155983757357,-0.2917163303200895,1.4681862033895292,14.049134949634617,0.20626746102611193,0.9008620689655172,0.09913793103448276,2.1724137931034484,VIX
XLK,trend λ5 rolling,B_bear_2022,2022-01-03,2022-12-30,251,-1.2329815952056389,-0.06447530354827313,-0.7084044598037618,6.166883328557897,-0.04368647653039881,0.035856573705179286,0.9641434262948207,1.00398406374502,VIX
XLK,trend λ5 rolling,K_bull_2013_14,2013-01-02,2014-12-31,504,1.3541753876378926,-0.0594277329420394,9.406253164744971,1.4569585827118463,0.13704521279535653,0.6646825396825397,0.33531746031746035,0.5,VIX
XLK,trend λ5 rolling,A_bull_2021,2021-01-04,2021-12-31,252,1.1969662506763667,-0.0920577617328523,6.373792010976477,3.65194800453678,0.23276757015818017,0.9246031746031746,0.07539682539682535,2.0,VIX
XLK,trend λ5 rolling,C_mixed_2023_24,2023-01-03,2024-12-31,502,0.3667267292225621,-0.22092096744712586,1.414931330589742,7.320146688629163,0.10357504894254155,0.7450199203187251,0.2549800796812749,3.5139442231075697,VIX
XLK,trend λ5 rolling,D_recent_2025plus,2025-01-02,2026-09-03,419,1.1647651638855667,-0.15923945335710055,5.605674559890272,5.913658158089424,0.3315004309268945,0.8878281622911695,0.11217183770883055,1.2028639618138424,VIX
XLK,trend x VIX term,FULL,2006-07-18,2026-09-03,5065,0.7153537663409555,-0.22375330370818602,1.5968716176096065,7.164658219529022,0.11441039360639271,0.6493583415597236,0.3506416584402764,9.900888450148075,VIX
XLK,trend x VIX term,E_bear_2018q4,2018-09-04,2019-02-28,122,-1.9221597632554446,-0.11388664459418785,-1.6043566664032427,9.566573532871384,-0.15348196022099025,0.319672131147541,0.680327868852459,12.39344262295082,VIX
XLK,trend x VIX term,X_2020_covid,2020-02-03,2020-12-31,232,1.8401329916152316,-0.12710187932739847,8.55070247603327,5.341021282053761,0.45669483901003494,0.7758620689655172,0.22413793103448276,7.603448275862069,VIX
XLK,trend x VIX term,B_bear_2022,2022-01-03,2022-12-30,251,-1.2329815952056389,-0.06447530354827313,-0.7084044598037618,6.166883328557897,-0.04368647653039881,0.035856573705179286,0.9641434262948207,1.00398406374502,VIX
XLK,trend x VIX term,K_bull_2013_14,2013-01-02,2014-12-31,504,1.154890029845459,-0.05578690332072367,5.982959197738977,1.8340302346477095,0.10972928061316889,0.6329365079365079,0.3670634920634921,10.5,VIX
XLK,trend x VIX term,A_bull_2021,2021-01-04,2021-12-31,252,1.1060861822172021,-0.09205776173285207,5.722188573431499,3.700232097477343,0.2117342582722932,0.9166666666666666,0.08333333333333337,6.0,VIX
XLK,trend x VIX term,C_mixed_2023_24,2023-01-03,2024-12-31,502,0.14323334113378164,-0.22092096744712586,0.7520144836145201,8.263740444891907,0.06214452503389811,0.7350597609561753,0.2649402390438247,7.529880478087649,VIX
XLK,trend x VIX term,D_recent_2025plus,2025-01-02,2026-09-03,419,0.9506891116634625,-0.16779708974783503,3.8822849840940283,6.758619016584322,0.2623888512129766,0.8568019093078759,0.14319809069212408,12.028639618138424,VIX
XLK,VIX term alone,FULL,2006-07-18,2026-09-03,5065,0.6903963388138366,-0.405402990881525,1.0863967806412809,12.226967226726952,0.1328333783212261,0.8908193484698914,0.10918065153010859,14.876209279368215,VIX
XLK,VIX term alone,E_bear_2018q4,2018-09-04,2019-02-28,122,-1.5806055108788593,-0.24796841610226417,-1.504846091735221,16.75543477709641,-0.2521435053963794,0.7213114754098361,0.2786885245901639,41.31147540983606,VIX
XLK,VIX term alone,X_2020_covid,2020-02-03,2020-12-31,232,1.8401329916152316,-0.12710187932739847,8.55070247603327,5.341021282053761,0.45669483901003494,0.7758620689655172,0.22413793103448276,7.603448275862069,VIX
XLK,VIX term alone,B_bear_2022,2022-01-03,2022-12-30,251,-1.26853844937101,-0.4015478882643473,-1.2524747784593133,28.431514560136616,-0.3560975489996985,0.9402390438247012,0.05976095617529875,18.071713147410357,VIX
XLK,VIX term alone,K_bull_2013_14,2013-01-02,2014-12-31,504,1.6159015304814937,-0.05967374506372225,11.173802353716697,1.7361023274107084,0.19398864272314809,0.9464285714285714,0.0535714285714286,14.0,VIX
XLK,VIX term alone,A_bull_2021,2021-01-04,2021-12-31,252,1.553760366359905,-0.09205776173285207,11.005599189953898,2.9500000900538654,0.3246651860146075,0.9920634920634921,0.007936507936507908,4.0,VIX
XLK,VIX term alone,C_mixed_2023_24,2023-01-03,2024-12-31,502,1.2665309871564605,-0.14309212115071812,6.559269459896871,4.980936813969297,0.32671306725544835,0.9820717131474104,0.017928286852589626,5.0199203187251,VIX
XLK,VIX term alone,D_recent_2025plus,2025-01-02,2026-09-03,419,0.9638956247762028,-0.1677970897478348,3.854858685310015,6.99697368469362,0.2697234477932682,0.9069212410501193,0.09307875894988071,14.43436754176611,VIX
IWM,Buy & hold,FULL,2006-06-06,2026-09-03,5094,0.39615475000636047,-0.5905393190720095,0.5689781825815299,15.313029840451675,0.08712779888436928,1.0,0.0,0.0,VR
IWM,Buy & hold,E_bear_2018q4,2018-09-04,2019-02-28,122,-0.908784329903118,-0.2680918953414173,-1.3168382833187489,13.221508896789674,-0.1741058907853208,1.0,0.0,0.0,VR
IWM,Buy & hold,X_2020_covid,2020-02-03,2020-12-31,232,0.7555214623539767,-0.40822480272021566,1.6063620614286032,16.295822578997292,0.2617699115067287,1.0,0.0,0.0,VR
IWM,Buy & hold,B_bear_2022,2022-01-03,2022-12-30,251,-0.7243614861595327,-0.26924882629107905,-1.1703436486202234,17.56627819395952,-0.20558582114196455,1.0,0.0,0.0,VR
IWM,Buy & hold,K_bull_2013_14,2013-01-02,2014-12-31,504,1.302585542482996,-0.126936190940088,5.644290723175854,3.667950430167742,0.2070297858606467,1.0,0.0,0.0,VR
IWM,Buy & hold,A_bull_2021,2021-01-04,2021-12-31,252,0.727363960919381,-0.1228730151786892,2.8893856309462094,5.031186173746029,0.14537037037037015,1.0,0.0,0.0,VR
IWM,Buy & hold,C_mixed_2023_24,2023-01-03,2024-12-31,502,0.5026481214707271,-0.17988424839668438,2.0589642475262067,6.863483996548844,0.14131668162362354,1.0,0.0,0.0,VR
IWM,Buy & hold,D_recent_2025plus,2025-01-02,2026-09-03,419,0.7508967999446555,-0.23749337104472334,3.1852480477478338,6.247727398889988,0.19900561500174985,1.0,0.0,0.0,VR
IWM,trend λ5 rolling,FULL,2006-06-06,2026-09-03,5094,0.37939089765727635,-0.2891926527125164,0.6798816086515249,9.371344481117047,0.06371404761049448,0.5349430702787593,0.4650569297212407,1.6819787985865724,VR
IWM,trend λ5 rolling,E_bear_2018q4,2018-09-04,2019-02-28,122,-1.759443276281771,-0.06676281429483122,-1.3285854181383179,5.5630171065034375,-0.07390943408554485,0.30327868852459017,0.6967213114754098,4.131147540983607,VR
IWM,trend λ5 rolling,X_2020_covid,2020-02-03,2020-12-31,232,1.1024707570838759,-0.18576607239181098,1.768068998786321,10.444558145251419,0.1846669946264019,0.5043103448275862,0.4956896551724138,2.1724137931034484,VR
IWM,trend λ5 rolling,B_bear_2022,2022-01-03,2022-12-30,251,,0.0,inf,0.0,0.01293306058653898,0.0,1.0,0.0,VR
IWM,trend λ5 rolling,K_bull_2013_14,2013-01-02,2014-12-31,504,1.1473662537379088,-0.08910891089108985,3.531369657799121,4.437021445751272,0.15668762904530031,0.7916666666666666,0.20833333333333337,0.5,VR
IWM,trend λ5 rolling,A_bull_2021,2021-01-04,2021-12-31,252,0.7593708319569492,-0.12081711211233148,3.092796824362864,4.8251110831919615,0.14923088235294157,0.9325396825396826,0.06746031746031744,1.0,VR
IWM,trend λ5 rolling,C_mixed_2023_24,2023-01-03,2024-12-31,502,0.05788576545905014,-0.0902979116769611,4.1428305599315385,1.2886615444503349,0.053387064277574225,0.10159362549800798,0.898406374501992,1.00398406374502,VR
IWM,trend λ5 rolling,D_recent_2025plus,2025-01-02,2026-09-03,419,0.8157230202728563,-0.11722911352103105,4.832700327925562,3.5448939714310117,0.17131410258196,0.7064439140811456,0.2935560859188544,3.007159904534606,VR
IWM,trend x VR own,FULL,2006-06-06,2026-09-03,5094,0.03669259146656329,-0.16515456989247257,0.2600671288837114,6.703510774772021,0.017433628006359836,0.05123674911660778,0.9487632508833922,0.4946996466431095,VR
IWM,trend x VR own,E_bear_2018q4,2018-09-04,2019-02-28,122,,0.0,inf,0.0,0.02551891198769396,0.0,1.0,0.0,VR
IWM,trend x VR own,X_2020_covid,2020-02-03,2020-12-31,232,,0.0,inf,0.0,0.004463155962711518,0.0,1.0,0.0,VR
IWM,trend x VR own,B_bear_2022,2022-01-03,2022-12-30,251,,0.0,inf,0.0,0.01293306058653898,0.0,1.0,0.0,VR
IWM,trend x VR own,K_bull_2013_14,2013-01-02,2014-12-31,504,,0.0,,0.0,0.0,0.0,1.0,0.0,VR
IWM,trend x VR own,A_bull_2021,2021-01-04,2021-12-31,252,,0.0,,0.0,0.0,0.0,1.0,0.0,VR
IWM,trend x VR own,C_mixed_2023_24,2023-01-03,2024-12-31,502,-0.4549247064091838,-0.05939088499804479,5.62196038138261,0.6133085395966401,0.03447996311175938,0.01593625498007968,0.9840637450199203,1.00398406374502,VR
IWM,trend x VR own,D_recent_2025plus,2025-01-02,2026-09-03,419,0.906809044391217,-0.05188553089061265,17.417324673760568,0.5885058202562173,0.10250196943800316,0.11694510739856802,0.883054892601432,1.2028639618138424,VR
IWM,trend x VR SPY,FULL,2006-06-06,2026-09-03,5094,,0.0,inf,0.0,0.016798691855238967,0.0,1.0,0.0,VR
IWM,trend x VR SPY,E_bear_2018q4,2018-09-04,2019-02-28,122,,0.0,inf,0.0,0.02551891198769396,0.0,1.0,0.0,VR
IWM,trend x VR SPY,X_2020_covid,2020-02-03,2020-12-31,232,,0.0,inf,0.0,0.004463155962711518,0.0,1.0,0.0,VR
IWM,trend x VR SPY,B_bear_2022,2022-01-03,2022-12-30,251,,0.0,inf,0.0,0.01293306058653898,0.0,1.0,0.0,VR
IWM,trend x VR SPY,K_bull_2013_14,2013-01-02,2014-12-31,504,,0.0,,0.0,0.0,0.0,1.0,0.0,VR
IWM,trend x VR SPY,A_bull_2021,2021-01-04,2021-12-31,252,,0.0,,0.0,0.0,0.0,1.0,0.0,VR
IWM,trend x VR SPY,C_mixed_2023_24,2023-01-03,2024-12-31,502,,0.0,inf,0.0,0.0516863891213446,0.0,1.0,0.0,VR
IWM,trend x VR SPY,D_recent_2025plus,2025-01-02,2026-09-03,419,,0.0,inf,0.0,0.04512386237713906,0.0,1.0,0.0,VR
IWM,VR own alone,FULL,2006-06-06,2026-09-03,5094,0.05984773008207339,-0.2503801537993655,0.30418070608254655,6.108867867894243,0.018581997414210516,0.10836277974087162,0.8916372202591284,0.4946996466431095,VR
IWM,VR own alone,E_bear_2018q4,2018-09-04,2019-02-28,122,,0.0,inf,0.0,0.02551891198769396,0.0,1.0,0.0,VR
IWM,VR own alone,X_2020_covid,2020-02-03,2020-12-31,232,,0.0,inf,0.0,0.004463155962711518,0.0,1.0,0.0,VR
IWM,VR own alone,B_bear_2022,2022-01-03,2022-12-30,251,,0.0,inf,0.0,0.01293306058653898,0.0,1.0,0.0,VR
IWM,VR own alone,K_bull_2013_14,2013-01-02,2014-12-31,504,,0.0,,0.0,0.0,0.0,1.0,0.0,VR
IWM,VR own alone,A_bull_2021,2021-01-04,2021-12-31,252,,0.0,,0.0,0.0,0.0,1.0,0.0,VR
IWM,VR own alone,C_mixed_2023_24,2023-01-03,2024-12-31,502,-0.711749901191658,-0.05939088499804479,3.46094722605091,0.6865893585762196,0.02376249536000441,0.021912350597609563,0.9780876494023905,0.50199203187251,VR
IWM,VR own alone,D_recent_2025plus,2025-01-02,2026-09-03,419,0.07399660167160274,-0.23749337104472334,0.7826111938947828,5.747953363743045,0.04498412644450478,0.3627684964200477,0.6372315035799523,0.6014319809069212,VR
IWM,VR SPY alone,FULL,2006-06-06,2026-09-03,5094,-0.0049590529358798496,-0.17207373500376277,0.40437998256322877,3.931191181078802,0.015896950212573646,0.035924617196702,0.964075382803298,0.3957597173144876,VR
IWM,VR SPY alone,E_bear_2018q4,2018-09-04,2019-02-28,122,,0.0,inf,0.0,0.02551891198769396,0.0,1.0,0.0,VR
IWM,VR SPY alone,X_2020_covid,2020-02-03,2020-12-31,232,,0.0,inf,0.0,0.004463155962711518,0.0,1.0,0.0,VR
IWM,VR SPY alone,B_bear_2022,2022-01-03,2022-12-30,251,,0.0,inf,0.0,0.01293306058653898,0.0,1.0,0.0,VR
IWM,VR SPY alone,K_bull_2013_14,2013-01-02,2014-12-31,504,,0.0,,0.0,0.0,0.0,1.0,0.0,VR
IWM,VR SPY alone,A_bull_2021,2021-01-04,2021-12-31,252,,0.0,,0.0,0.0,0.0,1.0,0.0,VR
IWM,VR SPY alone,C_mixed_2023_24,2023-01-03,2024-12-31,502,0.826523395167982,-0.04110767984609931,13.039804429301142,0.9125751364228395,0.11899801305996638,0.11752988047808766,0.8824701195219123,2.00796812749004,VR
IWM,VR SPY alone,D_recent_2025plus,2025-01-02,2026-09-03,419,-1.3293888210763383,-0.17207373500376322,-0.4804949172212911,13.664462670180773,-0.06565704859581933,0.1026252983293556,0.8973747016706444,1.2028639618138424,VR
IWM,Buy & hold,FULL,2006-07-18,2026-09-03,5065,0.40932776133007176,-0.5905393190720083,0.5890585629237075,15.349989958204388,0.09042043025673219,1.0,0.0,0.0,VIX
IWM,Buy & hold,E_bear_2018q4,2018-09-04,2019-02-28,122,-0.908784329903118,-0.2680918953414173,-1.3168382833187489,13.221508896789674,-0.1741058907853208,1.0,0.0,0.0,VIX
IWM,Buy & hold,X_2020_covid,2020-02-03,2020-12-31,232,0.7555214623539767,-0.40822480272021566,1.6063620614286032,16.295822578997292,0.2617699115067287,1.0,0.0,0.0,VIX
IWM,Buy & hold,B_bear_2022,2022-01-03,2022-12-30,251,-0.7243614861595327,-0.26924882629107905,-1.1703436486202234,17.56627819395952,-0.20558582114196455,1.0,0.0,0.0,VIX
IWM,Buy & hold,K_bull_2013_14,2013-01-02,2014-12-31,504,1.302585542482996,-0.126936190940088,5.644290723175854,3.667950430167742,0.2070297858606467,1.0,0.0,0.0,VIX
IWM,Buy & hold,A_bull_2021,2021-01-04,2021-12-31,252,0.727363960919381,-0.1228730151786892,2.8893856309462094,5.031186173746029,0.14537037037037015,1.0,0.0,0.0,VIX
IWM,Buy & hold,C_mixed_2023_24,2023-01-03,2024-12-31,502,0.5026481214707271,-0.17988424839668438,2.0589642475262067,6.863483996548844,0.14131668162362354,1.0,0.0,0.0,VIX
IWM,Buy & hold,D_recent_2025plus,2025-01-02,2026-09-03,419,0.7508967999446555,-0.23749337104472334,3.1852480477478338,6.247727398889988,0.19900561500174985,1.0,0.0,0.0,VIX
IWM,trend λ5 rolling,FULL,2006-07-18,2026-09-03,5065,0.42211715498393965,-0.28919265271251615,0.7492236538695579,9.360121408355269,0.07012824362230607,0.5340572556762093,0.4659427443237907,1.5921026653504444,VIX
IWM,trend λ5 rolling,E_bear_2018q4,2018-09-04,2019-02-28,122,-1.759443276281771,-0.06676281429483122,-1.3285854181383179,5.5630171065034375,-0.07390943408554485,0.30327868852459017,0.6967213114754098,4.131147540983607,VIX
IWM,trend λ5 rolling,X_2020_covid,2020-02-03,2020-12-31,232,1.1024707570838759,-0.18576607239181098,1.768068998786321,10.444558145251419,0.1846669946264019,0.5043103448275862,0.4956896551724138,2.1724137931034484,VIX
IWM,trend λ5 rolling,B_bear_2022,2022-01-03,2022-12-30,251,,0.0,inf,0.0,0.01293306058653898,0.0,1.0,0.0,VIX
IWM,trend λ5 rolling,K_bull_2013_14,2013-01-02,2014-12-31,504,1.1473662537379088,-0.08910891089108985,3.531369657799121,4.437021445751272,0.15668762904530031,0.7916666666666666,0.20833333333333337,0.5,VIX
IWM,trend λ5 rolling,A_bull_2021,2021-01-04,2021-12-31,252,0.7593708319569492,-0.12081711211233148,3.092796824362864,4.8251110831919615,0.14923088235294157,0.9325396825396826,0.06746031746031744,1.0,VIX
IWM,trend λ5 rolling,C_mixed_2023_24,2023-01-03,2024-12-31,502,0.05788576545905014,-0.0902979116769611,4.1428305599315385,1.2886615444503349,0.053387064277574225,0.10159362549800798,0.898406374501992,1.00398406374502,VIX
IWM,trend λ5 rolling,D_recent_2025plus,2025-01-02,2026-09-03,419,0.8157230202728563,-0.11722911352103105,4.832700327925562,3.5448939714310117,0.17131410258196,0.7064439140811456,0.2935560859188544,3.007159904534606,VIX
IWM,trend x VIX term,FULL,2006-07-18,2026-09-03,5065,0.32840369166407385,-0.344269779100695,0.46381639114151185,11.183574048188163,0.05187124955094502,0.49299111549851926,0.5070088845014807,8.010266535044423,VIX
IWM,trend x VIX term,E_bear_2018q4,2018-09-04,2019-02-28,122,-1.759443276281771,-0.06676281429483122,-1.3285854181383179,5.5630171065034375,-0.07390943408554485,0.30327868852459017,0.6967213114754098,4.131147540983607,VIX
IWM,trend x VIX term,X_2020_covid,2020-02-03,2020-12-31,232,1.7273544094854447,-0.11444800427124657,6.973815870551974,3.8830094474580017,0.2707939291018586,0.45689655172413796,0.5431034482758621,5.431034482758621,VIX
IWM,trend x VIX term,B_bear_2022,2022-01-03,2022-12-30,251,,0.0,inf,0.0,0.01293306058653898,0.0,1.0,0.0,VIX
IWM,trend x VIX term,K_bull_2013_14,2013-01-02,2014-12-31,504,0.9764821945347606,-0.0934276528529957,2.8371336324187184,4.395572692194725,0.12470827118766947,0.7579365079365079,0.2420634920634921,10.5,VIX
IWM,trend x VIX term,A_bull_2021,2021-01-04,2021-12-31,252,0.6293650522940654,-0.1405998054293186,2.2350608035064843,5.239585590144171,0.11710792379148627,0.9246031746031746,0.07539682539682535,5.0,VIX
IWM,trend x VIX term,C_mixed_2023_24,2023-01-03,2024-12-31,502,-0.6759812621826745,-0.10247892590766816,0.6761921559893678,1.6670356524780687,0.011272364319602879,0.09362549800796813,0.9063745019920318,4.01593625498008,VIX
IWM,trend x VIX term,D_recent_2025plus,2025-01-02,2026-09-03,419,0.691056498962465,-0.1259391450756755,3.563672886848148,4.119247971236966,0.14679652309301416,0.6825775656324582,0.3174224343675418,10.22434367541766,VIX
IWM,VIX term alone,FULL,2006-07-18,2026-09-03,5065,0.361948522047773,-0.4364262687156597,0.4133884858019936,16.87676868120171,0.06976661850352484,0.8908193484698914,0.10918065153010859,14.876209279368215,VIX
IWM,VIX term alone,E_bear_2018q4,2018-09-04,2019-02-28,122,-2.171220424618874,-0.2449888081541065,-1.634728526306601,15.973160034076054,-0.26111780362964643,0.7213114754098361,0.2786885245901639,41.31147540983606,VIX
IWM,VIX term alone,X_2020_covid,2020-02-03,2020-12-31,232,2.061037345287478,-0.1269257707358764,13.783768144749903,4.527755844520082,0.6240953677690111,0.7758620689655172,0.22413793103448276,7.603448275862069,VIX
IWM,VIX term alone,B_bear_2022,2022-01-03,2022-12-30,251,-1.1710841602147688,-0.3387321709863904,-1.2210226542715927,23.550968259180145,-0.28756265774490175,0.9402390438247012,0.05976095617529875,18.071713147410357,VIX
IWM,VIX term alone,K_bull_2013_14,2013-01-02,2014-12-31,504,0.9601995712554923,-0.11897684988730106,3.215783218129674,4.281057799073926,0.13766953826105088,0.9464285714285714,0.0535714285714286,14.0,VIX
IWM,VIX term alone,A_bull_2021,2021-01-04,2021-12-31,252,0.6010040433158056,-0.14841407879366986,2.0701314229891916,5.475754748157596,0.11335531968743306,0.9920634920634921,0.007936507936507908,4.0,VIX
IWM,VIX term alone,C_mixed_2023_24,2023-01-03,2024-12-31,502,0.3217005741175571,-0.17988424839668438,1.4361938816580064,6.89377699085809,0.09900800335785132,0.9820717131474104,0.017928286852589626,5.0199203187251,VIX
IWM,VIX term alone,D_recent_2025plus,2025-01-02,2026-09-03,419,0.7588484191417627,-0.11992891186280019,3.7912996042004288,4.6456783239564725,0.17613158390858685,0.9069212410501193,0.09307875894988071,14.43436754176611,VIX
EFA,Buy & hold,FULL,2007-08-28,2026-09-03,4785,0.26165388709025783,-0.6103491271820454,0.26523636417074353,18.423026834111347,0.04886456654499738,1.0,0.0,0.0,VR
EFA,Buy & hold,E_bear_2018q4,2018-09-04,2019-02-28,122,-0.5860258381937791,-0.16275632736005918,-0.8384799612644904,8.517580516423418,-0.07141820581477887,1.0,0.0,0.0,VR
EFA,Buy & hold,X_2020_covid,2020-02-03,2020-12-31,232,0.4919794867483105,-0.3338555265448213,0.9223586783772028,12.672509382174088,0.11688599005464795,1.0,0.0,0.0,VR
EFA,Buy & hold,B_bear_2022,2022-01-03,2022-12-30,251,-0.6420879208963634,-0.28740270971461435,-0.8723124073820656,16.57143599925855,-0.14455469230291051,1.0,0.0,0.0,VR
EFA,Buy & hold,K_bull_2013_14,2013-01-02,2014-12-31,504,0.5654739539013399,-0.13986874487284673,1.5335834717362236,4.392015395190344,0.0673552221767495,1.0,0.0,0.0,VR
EFA,Buy & hold,A_bull_2021,2021-01-04,2021-12-31,252,0.9115390552586429,-0.06969783352337544,4.7634163485885965,2.4035304206761383,0.11449016100178744,1.0,0.0,0.0,VR
EFA,Buy & hold,C_mixed_2023_24,2023-01-03,2024-12-31,502,0.4575985472557901,-0.11570247933884326,2.6986195137098097,3.9744881563626606,0.107256312957688,1.0,0.0,0.0,VR
EFA,Buy & hold,D_recent_2025plus,2025-01-02,2026-09-03,419,1.2434740362985404,-0.14055528011898866,9.426849969100166,2.882080981538494,0.27168945011760326,1.0,0.0,0.0,VR
EFA,trend λ5 rolling,FULL,2007-08-28,2026-09-03,4785,0.31813137905360245,-0.2585646411602892,0.5020272523597735,9.990908559434768,0.050157083726707796,0.6280041797283177,0.3719958202716823,0.9479623824451411,VR
EFA,trend λ5 rolling,E_bear_2018q4,2018-09-04,2019-02-28,122,,0.0,inf,0.0,0.02551891198769396,0.0,1.0,0.0,VR
EFA,trend λ5 rolling,X_2020_covid,2020-02-03,2020-12-31,232,-1.214509958748637,-0.20841129323804342,-0.9751672884624992,14.58154094865274,-0.14219441748502593,0.4525862068965517,0.5474137931034483,8.689655172413794,VR
EFA,trend λ5 rolling,B_bear_2022,2022-01-03,2022-12-30,251,-1.5412555663087233,-0.06500432401268363,-0.6639236305851385,5.885652328802491,-0.03907623662500426,0.07569721115537849,0.9243027888446215,1.00398406374502,VR
EFA,trend λ5 rolling,K_bull_2013_14,2013-01-02,2014-12-31,504,0.787471916908085,-0.10223792697290934,2.4208207546102556,3.7321454324214374,0.09034855122029684,0.871031746031746,0.12896825396825395,0.5,VR
EFA,trend λ5 rolling,A_bull_2021,2021-01-04,2021-12-31,252,0.9115390552586429,-0.06969783352337544,4.7634163485885965,2.4035304206761383,0.11449016100178744,1.0,0.0,0.0,VR
EFA,trend λ5 rolling,C_mixed_2023_24,2023-01-03,2024-12-31,502,0.07824252599438306,-0.11570247933884292,1.4118707009549778,3.8334092889359295,0.054122782598172936,0.8247011952191236,0.17529880478087645,0.50199203187251,VR
EFA,trend λ5 rolling,D_recent_2025plus,2025-01-02,2026-09-03,419,1.2434740362985404,-0.14055528011898866,9.426849969100166,2.882080981538494,0.27168945011760326,1.0,0.0,0.0,VR
EFA,trend x VR own,FULL,2007-08-28,2026-09-03,4785,0.12585373603465724,-0.11421978655898479,1.4870189832835115,1.2171613252916273,0.018099419964271668,0.04785788923719958,0.9521421107628004,0.42131661442006274,VR
EFA,trend x VR own,E_bear_2018q4,2018-09-04,2019-02-28,122,,0.0,inf,0.0,0.02551891198769396,0.0,1.0,0.0,VR
EFA,trend x VR own,X_2020_covid,2020-02-03,2020-12-31,232,,0.0,inf,0.0,0.004463155962711518,0.0,1.0,0.0,VR
EFA,trend x VR own,B_bear_2022,2022-01-03,2022-12-30,251,,0.0,inf,0.0,0.01293306058653898,0.0,1.0,0.0,VR
EFA,trend x VR own,K_bull_2013_14,2013-01-02,2014-12-31,504,0.9833851755706637,-0.0033326257694760164,3.11130019173821,0.19226633163009674,0.005981982744655223,0.011904761904761904,0.9880952380952381,1.0,VR
EFA,trend x VR own,A_bull_2021,2021-01-04,2021-12-31,252,,0.0,,0.0,0.0,0.0,1.0,0.0,VR
EFA,trend x VR own,C_mixed_2023_24,2023-01-03,2024-12-31,502,0.5039420818815846,-0.04935593220338985,7.759888515078921,1.0717672862154723,0.08316794655140747,0.300796812749004,0.6992031872509961,1.00398406374502,VR
EFA,trend x VR own,D_recent_2025plus,2025-01-02,2026-09-03,419,0.0030200502143215265,-0.1142197865589849,1.071441497023792,3.9150984313028707,0.04194798924230647,0.1718377088305489,0.8281622911694511,2.4057279236276847,VR
EFA,trend x VR SPY,FULL,2007-08-28,2026-09-03,4785,0.17674795818921257,-0.05467357461576583,2.0411225762619183,0.8750715332306915,0.01786128262321296,0.021316614420062698,0.9786833855799373,0.315987460815047,VR
EFA,trend x VR SPY,E_bear_2018q4,2018-09-04,2019-02-28,122,,0.0,inf,0.0,0.02551891198769396,0.0,1.0,0.0,VR
EFA,trend x VR SPY,X_2020_covid,2020-02-03,2020-12-31,232,,0.0,inf,0.0,0.004463155962711518,0.0,1.0,0.0,VR
EFA,trend x VR SPY,B_bear_2022,2022-01-03,2022-12-30,251,,0.0,inf,0.0,0.01293306058653898,0.0,1.0,0.0,VR
EFA,trend x VR SPY,K_bull_2013_14,2013-01-02,2014-12-31,504,,0.0,,0.0,0.0,0.0,1.0,0.0,VR
EFA,trend x VR SPY,A_bull_2021,2021-01-04,2021-12-31,252,,0.0,,0.0,0.0,0.0,1.0,0.0,VR
EFA,trend x VR SPY,C_mixed_2023_24,2023-01-03,2024-12-31,502,0.7816897622062502,-0.038959341090338495,7.481021331464034,1.108797545202688,0.08294938087936266,0.11752988047808766,0.8824701195219123,2.00796812749004,VR
EFA,trend x VR SPY,D_recent_2025plus,2025-01-02,2026-09-03,419,0.05924246766420006,-0.054673574615766385,1.743175525961582,2.6913852102704507,0.04691556829478416,0.1026252983293556,0.8973747016706444,1.2028639618138424,VR
EFA,VR own alone,FULL,2007-08-28,2026-09-03,4785,0.24179207476383205,-0.16809692074709692,1.394510483251613,1.9937622968835795,0.027803224241159663,0.12789968652037617,0.8721003134796238,0.7373040752351098,VR
EFA,VR own alone,E_bear_2018q4,2018-09-04,2019-02-28,122,0.1735733957220932,-0.11241676459067806,0.9971288995217895,4.064545102925231,0.04052875385536514,0.7622950819672131,0.23770491803278693,2.0655737704918034,VR
EFA,VR own alone,X_2020_covid,2020-02-03,2020-12-31,232,,0.0,inf,0.0,0.004463155962711518,0.0,1.0,0.0,VR
EFA,VR own alone,B_bear_2022,2022-01-03,2022-12-30,251,0.29083727672637466,-0.16809692074709692,0.8355620036411787,5.583380130622005,0.04665260289032869,0.4541832669322709,0.545816733067729,1.00398406374502,VR
EFA,VR own alone,K_bull_2013_14,2013-01-02,2014-12-31,504,0.9833851755706637,-0.0033326257694760164,3.11130019173821,0.19226633163009674,0.005981982744655223,0.011904761904761904,0.9880952380952381,1.0,VR
EFA,VR own alone,A_bull_2021,2021-01-04,2021-12-31,252,,0.0,,0.0,0.0,0.0,1.0,0.0,VR
EFA,VR own alone,C_mixed_2023_24,2023-01-03,2024-12-31,502,1.0538523324540143,-0.04935593220338996,11.830944349646382,1.073058443080673,0.12695294724005635,0.3286852589641434,0.6713147410358566,1.5059760956175299,VR
EFA,VR own alone,D_recent_2025plus,2025-01-02,2026-09-03,419,0.0030200502143215265,-0.1142197865589849,1.071441497023792,3.9150984313028707,0.04194798924230647,0.1718377088305489,0.8281622911694511,2.4057279236276847,VR
EFA,VR SPY alone,FULL,2007-08-28,2026-09-03,4785,0.1744691405665867,-0.05467357461576572,1.186370532440539,1.5945154056865671,0.018916860908290145,0.03824451410658307,0.961755485893417,0.42131661442006274,VR
EFA,VR SPY alone,E_bear_2018q4,2018-09-04,2019-02-28,122,,0.0,inf,0.0,0.02551891198769396,0.0,1.0,0.0,VR
EFA,VR SPY alone,X_2020_covid,2020-02-03,2020-12-31,232,,0.0,inf,0.0,0.004463155962711518,0.0,1.0,0.0,VR
EFA,VR SPY alone,B_bear_2022,2022-01-03,2022-12-30,251,,0.0,inf,0.0,0.01293306058653898,0.0,1.0,0.0,VR
EFA,VR SPY alone,K_bull_2013_14,2013-01-02,2014-12-31,504,,0.0,,0.0,0.0,0.0,1.0,0.0,VR
EFA,VR SPY alone,A_bull_2021,2021-01-04,2021-12-31,252,,0.0,,0.0,0.0,0.0,1.0,0.0,VR
EFA,VR SPY alone,C_mixed_2023_24,2023-01-03,2024-12-31,502,0.7816897622062502,-0.038959341090338495,7.481021331464034,1.108797545202688,0.08294938087936266,0.11752988047808766,0.8824701195219123,2.00796812749004,VR
EFA,VR SPY alone,D_recent_2025plus,2025-01-02,2026-09-03,419,0.05924246766420006,-0.054673574615766385,1.743175525961582,2.6913852102704507,0.04691556829478416,0.1026252983293556,0.8973747016706444,1.2028639618138424,VR
EFA,Buy & hold,FULL,2007-08-28,2026-09-03,4785,0.26165388709025783,-0.6103491271820454,0.26523636417074353,18.423026834111347,0.04886456654499738,1.0,0.0,0.0,VIX
EFA,Buy & hold,E_bear_2018q4,2018-09-04,2019-02-28,122,-0.5860258381937791,-0.16275632736005918,-0.8384799612644904,8.517580516423418,-0.07141820581477887,1.0,0.0,0.0,VIX
EFA,Buy & hold,X_2020_covid,2020-02-03,2020-12-31,232,0.4919794867483105,-0.3338555265448213,0.9223586783772028,12.672509382174088,0.11688599005464795,1.0,0.0,0.0,VIX
EFA,Buy & hold,B_bear_2022,2022-01-03,2022-12-30,251,-0.6420879208963634,-0.28740270971461435,-0.8723124073820656,16.57143599925855,-0.14455469230291051,1.0,0.0,0.0,VIX
EFA,Buy & hold,K_bull_2013_14,2013-01-02,2014-12-31,504,0.5654739539013399,-0.13986874487284673,1.5335834717362236,4.392015395190344,0.0673552221767495,1.0,0.0,0.0,VIX
EFA,Buy & hold,A_bull_2021,2021-01-04,2021-12-31,252,0.9115390552586429,-0.06969783352337544,4.7634163485885965,2.4035304206761383,0.11449016100178744,1.0,0.0,0.0,VIX
EFA,Buy & hold,C_mixed_2023_24,2023-01-03,2024-12-31,502,0.4575985472557901,-0.11570247933884326,2.6986195137098097,3.9744881563626606,0.107256312957688,1.0,0.0,0.0,VIX
EFA,Buy & hold,D_recent_2025plus,2025-01-02,2026-09-03,419,1.2434740362985404,-0.14055528011898866,9.426849969100166,2.882080981538494,0.27168945011760326,1.0,0.0,0.0,VIX
EFA,trend λ5 rolling,FULL,2007-08-28,2026-09-03,4785,0.31813137905360245,-0.2585646411602892,0.5020272523597735,9.990908559434768,0.050157083726707796,0.6280041797283177,0.3719958202716823,0.9479623824451411,VIX
EFA,trend λ5 rolling,E_bear_2018q4,2018-09-04,2019-02-28,122,,0.0,inf,0.0,0.02551891198769396,0.0,1.0,0.0,VIX
EFA,trend λ5 rolling,X_2020_covid,2020-02-03,2020-12-31,232,-1.214509958748637,-0.20841129323804342,-0.9751672884624992,14.58154094865274,-0.14219441748502593,0.4525862068965517,0.5474137931034483,8.689655172413794,VIX
EFA,trend λ5 rolling,B_bear_2022,2022-01-03,2022-12-30,251,-1.5412555663087233,-0.06500432401268363,-0.6639236305851385,5.885652328802491,-0.03907623662500426,0.07569721115537849,0.9243027888446215,1.00398406374502,VIX
EFA,trend λ5 rolling,K_bull_2013_14,2013-01-02,2014-12-31,504,0.787471916908085,-0.10223792697290934,2.4208207546102556,3.7321454324214374,0.09034855122029684,0.871031746031746,0.12896825396825395,0.5,VIX
EFA,trend λ5 rolling,A_bull_2021,2021-01-04,2021-12-31,252,0.9115390552586429,-0.06969783352337544,4.7634163485885965,2.4035304206761383,0.11449016100178744,1.0,0.0,0.0,VIX
EFA,trend λ5 rolling,C_mixed_2023_24,2023-01-03,2024-12-31,502,0.07824252599438306,-0.11570247933884292,1.4118707009549778,3.8334092889359295,0.054122782598172936,0.8247011952191236,0.17529880478087645,0.50199203187251,VIX
EFA,trend λ5 rolling,D_recent_2025plus,2025-01-02,2026-09-03,419,1.2434740362985404,-0.14055528011898866,9.426849969100166,2.882080981538494,0.27168945011760326,1.0,0.0,0.0,VIX
EFA,trend x VIX term,FULL,2007-08-28,2026-09-03,4785,0.1530640057501891,-0.32874133722101795,0.22320720204904904,11.626186485883656,0.025950485560145564,0.5839080459770115,0.4160919540229885,8.163009404388715,VIX
EFA,trend x VIX term,E_bear_2018q4,2018-09-04,2019-02-28,122,,0.0,inf,0.0,0.02551891198769396,0.0,1.0,0.0,VIX
EFA,trend x VIX term,X_2020_covid,2020-02-03,2020-12-31,232,-0.6050814961136425,-0.15190132143972568,-0.6705290853550074,10.225050152154033,-0.06856193526232923,0.4224137931034483,0.5775862068965517,9.775862068965518,VIX
EFA,trend x VIX term,B_bear_2022,2022-01-03,2022-12-30,251,-1.4803265614740477,-0.061619631017584164,-0.6468774599568807,5.650032034451537,-0.036548783711210175,0.07171314741035857,0.9282868525896414,3.0119521912350598,VIX
EFA,trend x VIX term,K_bull_2013_14,2013-01-02,2014-12-31,504,0.37367883835856025,-0.10705501580322974,0.9372740557150866,3.9529474071738715,0.0370499504835029,0.8353174603174603,0.16468253968253965,11.5,VIX
EFA,trend x VIX term,A_bull_2021,2021-01-04,2021-12-31,252,0.7367266662457274,-0.07535488048642214,3.3994401296947987,2.633990651241517,0.08954093521071349,0.9920634920634921,0.007936507936507908,4.0,VIX
EFA,trend x VIX term,C_mixed_2023_24,2023-01-03,2024-12-31,502,0.06940561679151816,-0.11570247933884292,1.3868772804377774,3.8325889280172234,0.05315330509524463,0.8067729083665338,0.19322709163346619,5.521912350597609,VIX
EFA,trend x VIX term,D_recent_2025plus,2025-01-02,2026-09-03,419,0.8382250947213371,-0.13910994925479947,2.8272925655435857,5.5770953496704285,0.15768080219450908,0.9069212410501193,0.09307875894988071,14.43436754176611,VIX
EFA,VIX term alone,FULL,2007-08-28,2026-09-03,4785,0.10298187306846103,-0.47983354413092405,0.08709357441359411,20.950052163232574,0.018246149270471745,0.8948798328108672,0.10512016718913275,14.58808777429467,VIX
EFA,VIX term alone,E_bear_2018q4,2018-09-04,2019-02-28,122,-2.2715218307066105,-0.1785220683998915,-1.6798154490623554,12.392368282552974,-0.20816891691502815,0.7213114754098361,0.2786885245901639,41.31147540983606,VIX
EFA,VIX term alone,X_2020_covid,2020-02-03,2020-12-31,232,1.5799988573505388,-0.06915401895096951,7.968288242635423,3.7037780072381925,0.29512770748407746,0.7758620689655172,0.22413793103448276,7.603448275862069,VIX
EFA,VIX term alone,B_bear_2022,2022-01-03,2022-12-30,251,-1.0699323797392224,-0.3371711420137221,-1.0021644537724477,21.141353443874788,-0.21187112926091034,0.9402390438247012,0.05976095617529875,18.071713147410357,VIX
EFA,VIX term alone,K_bull_2013_14,2013-01-02,2014-12-31,504,0.19616201100130812,-0.11740322571612116,0.37593736182308657,4.469624108327465,0.01680298695625493,0.9464285714285714,0.0535714285714286,14.0,VIX
EFA,VIX term alone,A_bull_2021,2021-01-04,2021-12-31,252,0.7367266662457274,-0.07535488048642214,3.3994401296947987,2.633990651241517,0.08954093521071349,0.9920634920634921,0.007936507936507908,4.0,VIX
EFA,VIX term alone,C_mixed_2023_24,2023-01-03,2024-12-31,502,0.45598833558616425,-0.11570247933884326,2.673529728624786,3.9736969209700748,0.10623796850758271,0.9820717131474104,0.017928286852589626,5.0199203187251,VIX
EFA,VIX term alone,D_recent_2025plus,2025-01-02,2026-09-03,419,0.8382250947213371,-0.13910994925479947,2.8272925655435857,5.5770953496704285,0.15768080219450908,0.9069212410501193,0.09307875894988071,14.43436754176611,VIX
EEM,Buy & hold,FULL,2009-04-17,2026-09-03,4373,0.36748582662740503,-0.39812829011503215,0.4287121603394102,17.098838981992127,0.07330480199265565,1.0,0.0,0.0,VR
EEM,Buy & hold,E_bear_2018q4,2018-09-04,2019-02-28,122,-0.033243686281488945,-0.12101026922009439,-0.07818326884775191,5.867335954788107,-0.004587275043732797,1.0,0.0,0.0,VR
EEM,Buy & hold,X_2020_covid,2020-02-03,2020-12-31,232,0.8531756569596193,-0.31623493203385455,2.3778327100369703,11.398304722875118,0.2710326180902134,1.0,0.0,0.0,VR
EEM,Buy & hold,B_bear_2022,2022-01-03,2022-12-30,251,-0.9137893911415197,-0.32701111837802477,-1.0208486207502638,20.191950867133233,-0.20612925192970055,1.0,0.0,0.0,VR
EEM,Buy & hold,K_bull_2013_14,2013-01-02,2014-12-31,504,-0.1360442007205569,-0.18961424332344168,-0.4478553672787276,8.435461432903772,-0.0377786667819866,1.0,0.0,0.0,VR
EEM,Buy & hold,A_bull_2021,2021-01-04,2021-12-31,252,-0.11911278650045208,-0.16611425229089383,-0.40142913617511033,9.09717143253878,-0.036518696698009334,1.0,0.0,0.0,VR
EEM,Buy & hold,C_mixed_2023_24,2023-01-03,2024-12-31,502,0.23365838139737743,-0.13372389200203705,1.2476917045807203,6.208528710837484,0.07746329770163163,1.0,0.0,0.0,VR
EEM,Buy & hold,D_recent_2025plus,2025-01-02,2026-09-03,419,1.2549536142656463,-0.1503178928247042,8.066137667294955,4.38839715633864,0.3539741560179317,1.0,0.0,0.0,VR
EEM,trend λ5 rolling,FULL,2009-04-17,2026-09-03,4373,0.2942655440749123,-0.35507031684932455,0.24407992007556506,19.852200518737973,0.04845523515937655,0.5552252458266637,0.44477475417333634,2.247427395380745,VR
EEM,trend λ5 rolling,E_bear_2018q4,2018-09-04,2019-02-28,122,,0.0,inf,0.0,0.02551891198769396,0.0,1.0,0.0,VR
EEM,trend λ5 rolling,X_2020_covid,2020-02-03,2020-12-31,232,1.4040611217052161,-0.14143798496651439,3.8816677375505626,6.433889685816557,0.24974222020393455,0.7025862068965517,0.2974137931034483,2.1724137931034484,VR
EEM,trend λ5 rolling,B_bear_2022,2022-01-03,2022-12-30,251,,0.0,inf,0.0,0.01293306058653898,0.0,1.0,0.0,VR
EEM,trend λ5 rolling,K_bull_2013_14,2013-01-02,2014-12-31,504,-0.41420658877641436,-0.16907618674262248,-0.37918784607585493,8.7598683132942,-0.0332163559762616,0.18253968253968253,0.8174603174603174,4.5,VR
EEM,trend λ5 rolling,A_bull_2021,2021-01-04,2021-12-31,252,-0.23637906905182027,-0.15701462273347544,-0.5875802872759055,9.27903119391674,-0.05452175814563687,0.9047619047619048,0.09523809523809523,1.0,VR
EEM,trend λ5 rolling,C_mixed_2023_24,2023-01-03,2024-12-31,502,-0.3213327516046267,-0.10212201591511894,0.1407521465398904,5.216974675405794,0.007343003840076134,0.549800796812749,0.45019920318725104,2.50996015936255,VR
EEM,trend λ5 rolling,D_recent_2025plus,2025-01-02,2026-09-03,419,1.2549536142656463,-0.1503178928247042,8.066137667294955,4.38839715633864,0.3539741560179317,1.0,0.0,0.0,VR
EEM,trend x VR own,FULL,2009-04-17,2026-09-03,4373,-0.11201534919725332,-0.12553970734127007,0.17193578061826365,5.9039068678505595,0.01015092836021414,0.025840384175623142,0.9741596158243768,0.4610107477704093,VR
EEM,trend x VR own,E_bear_2018q4,2018-09-04,2019-02-28,122,,0.0,inf,0.0,0.02551891198769396,0.0,1.0,0.0,VR
EEM,trend x VR own,X_2020_covid,2020-02-03,2020-12-31,232,-0.6386003548446608,-0.09571072069761455,-0.43550908524824095,9.083517278939851,-0.03955954300987685,0.08189655172413793,0.9181034482758621,1.0862068965517242,VR
EEM,trend x VR own,B_bear_2022,2022-01-03,2022-12-30,251,,0.0,inf,0.0,0.01293306058653898,0.0,1.0,0.0,VR
EEM,trend x VR own,K_bull_2013_14,2013-01-02,2014-12-31,504,,0.0,,0.0,0.0,0.0,1.0,0.0,VR
EEM,trend x VR own,A_bull_2021,2021-01-04,2021-12-31,252,,0.0,,0.0,0.0,0.0,1.0,0.0,VR
EEM,trend x VR own,C_mixed_2023_24,2023-01-03,2024-12-31,502,,0.0,inf,0.0,0.0516863891213446,0.0,1.0,0.0,VR
EEM,trend x VR own,D_recent_2025plus,2025-01-02,2026-09-03,419,,0.0,inf,0.0,0.04512386237713906,0.0,1.0,0.0,VR
EEM,trend x VR SPY,FULL,2009-04-17,2026-09-03,4373,-0.17950930181830455,-0.08673237466239214,0.27348917120609,3.457899669909401,0.009456981148373345,0.023324948547907613,0.9766750514520924,0.6915161216556139,VR
EEM,trend x VR SPY,E_bear_2018q4,2018-09-04,2019-02-28,122,,0.0,inf,0.0,0.02551891198769396,0.0,1.0,0.0,VR
EEM,trend x VR SPY,X_2020_covid,2020-02-03,2020-12-31,232,,0.0,inf,0.0,0.004463155962711518,0.0,1.0,0.0,VR
EEM,trend x VR SPY,B_bear_2022,2022-01-03,2022-12-30,251,,0.0,inf,0.0,0.01293306058653898,0.0,1.0,0.0,VR
EEM,trend x VR SPY,K_bull_2013_14,2013-01-02,2014-12-31,504,,0.0,,0.0,0.0,0.0,1.0,0.0,VR
EEM,trend x VR SPY,A_bull_2021,2021-01-04,2021-12-31,252,,0.0,,0.0,0.0,0.0,1.0,0.0,VR
EEM,trend x VR SPY,C_mixed_2023_24,2023-01-03,2024-12-31,502,-0.01769822019966505,-0.05809031044214508,2.412499916332292,2.086543407274636,0.05033785795473755,0.07370517928286853,0.9262948207171314,3.0119521912350598,VR
EEM,trend x VR SPY,D_recent_2025plus,2025-01-02,2026-09-03,419,-0.024059742402548198,-0.05298346957311517,1.6160971968021027,2.603687309865906,0.04207811762823499,0.1026252983293556,0.8973747016706444,1.2028639618138424,VR
EEM,VR own alone,FULL,2009-04-17,2026-09-03,4373,0.062357605360752806,-0.33878968253968245,0.13264564266404255,11.792727300483294,0.015642538915344062,0.07729247656071347,0.9227075234392865,0.4610107477704093,VR
EEM,VR own alone,E_bear_2018q4,2018-09-04,2019-02-28,122,,0.0,inf,0.0,0.02551891198769396,0.0,1.0,0.0,VR
EEM,VR own alone,X_2020_covid,2020-02-03,2020-12-31,232,-0.4482612484875668,-0.31623493203385455,-0.8287700685823213,19.634092713842247,-0.16272148365002692,0.28448275862068967,0.7155172413793103,1.0862068965517242,VR
EEM,VR own alone,B_bear_2022,2022-01-03,2022-12-30,251,,0.0,inf,0.0,0.01293306058653898,0.0,1.0,0.0,VR
EEM,VR own alone,K_bull_2013_14,2013-01-02,2014-12-31,504,,0.0,,0.0,0.0,0.0,1.0,0.0,VR
EEM,VR own alone,A_bull_2021,2021-01-04,2021-12-31,252,,0.0,,0.0,0.0,0.0,1.0,0.0,VR
EEM,VR own alone,C_mixed_2023_24,2023-01-03,2024-12-31,502,,0.0,inf,0.0,0.0516863891213446,0.0,1.0,0.0,VR
EEM,VR own alone,D_recent_2025plus,2025-01-02,2026-09-03,419,,0.0,inf,0.0,0.04512386237713906,0.0,1.0,0.0,VR
EEM,VR SPY alone,FULL,2009-04-17,2026-09-03,4373,0.07563016552878578,-0.0975538730343617,0.3772041398279888,4.245665846988824,0.016014827338104887,0.041847701806540134,0.9581522981934598,0.4610107477704093,VR
EEM,VR SPY alone,E_bear_2018q4,2018-09-04,2019-02-28,122,,0.0,inf,0.0,0.02551891198769396,0.0,1.0,0.0,VR
EEM,VR SPY alone,X_2020_covid,2020-02-03,2020-12-31,232,,0.0,inf,0.0,0.004463155962711518,0.0,1.0,0.0,VR
EEM,VR SPY alone,B_bear_2022,2022-01-03,2022-12-30,251,,0.0,inf,0.0,0.01293306058653898,0.0,1.0,0.0,VR
EEM,VR SPY alone,K_bull_2013_14,2013-01-02,2014-12-31,504,,0.0,,0.0,0.0,0.0,1.0,0.0,VR
EEM,VR SPY alone,A_bull_2021,2021-01-04,2021-12-31,252,,0.0,,0.0,0.0,0.0,1.0,0.0,VR
EEM,VR SPY alone,C_mixed_2023_24,2023-01-03,2024-12-31,502,0.41718200908142977,-0.058090310442144855,3.3818333910532106,2.0915934427184224,0.07073420545093101,0.11752988047808766,0.8824701195219123,2.00796812749004,VR
EEM,VR SPY alone,D_recent_2025plus,2025-01-02,2026-09-03,419,-0.024059742402548198,-0.05298346957311517,1.6160971968021027,2.603687309865906,0.04207811762823499,0.1026252983293556,0.8973747016706444,1.2028639618138424,VR
EEM,Buy & hold,FULL,2009-04-17,2026-09-03,4373,0.36748582662740503,-0.39812829011503215,0.4287121603394102,17.098838981992127,0.07330480199265565,1.0,0.0,0.0,VIX
EEM,Buy & hold,E_bear_2018q4,2018-09-04,2019-02-28,122,-0.033243686281488945,-0.12101026922009439,-0.07818326884775191,5.867335954788107,-0.004587275043732797,1.0,0.0,0.0,VIX
EEM,Buy & hold,X_2020_covid,2020-02-03,2020-12-31,232,0.8531756569596193,-0.31623493203385455,2.3778327100369703,11.398304722875118,0.2710326180902134,1.0,0.0,0.0,VIX
EEM,Buy & hold,B_bear_2022,2022-01-03,2022-12-30,251,-0.9137893911415197,-0.32701111837802477,-1.0208486207502638,20.191950867133233,-0.20612925192970055,1.0,0.0,0.0,VIX
EEM,Buy & hold,K_bull_2013_14,2013-01-02,2014-12-31,504,-0.1360442007205569,-0.18961424332344168,-0.4478553672787276,8.435461432903772,-0.0377786667819866,1.0,0.0,0.0,VIX
EEM,Buy & hold,A_bull_2021,2021-01-04,2021-12-31,252,-0.11911278650045208,-0.16611425229089383,-0.40142913617511033,9.09717143253878,-0.036518696698009334,1.0,0.0,0.0,VIX
EEM,Buy & hold,C_mixed_2023_24,2023-01-03,2024-12-31,502,0.23365838139737743,-0.13372389200203705,1.2476917045807203,6.208528710837484,0.07746329770163163,1.0,0.0,0.0,VIX
EEM,Buy & hold,D_recent_2025plus,2025-01-02,2026-09-03,419,1.2549536142656463,-0.1503178928247042,8.066137667294955,4.38839715633864,0.3539741560179317,1.0,0.0,0.0,VIX
EEM,trend λ5 rolling,FULL,2009-04-17,2026-09-03,4373,0.2942655440749123,-0.35507031684932455,0.24407992007556506,19.852200518737973,0.04845523515937655,0.5552252458266637,0.44477475417333634,2.247427395380745,VIX
EEM,trend λ5 rolling,E_bear_2018q4,2018-09-04,2019-02-28,122,,0.0,inf,0.0,0.02551891198769396,0.0,1.0,0.0,VIX
EEM,trend λ5 rolling,X_2020_covid,2020-02-03,2020-12-31,232,1.4040611217052161,-0.14143798496651439,3.8816677375505626,6.433889685816557,0.24974222020393455,0.7025862068965517,0.2974137931034483,2.1724137931034484,VIX
EEM,trend λ5 rolling,B_bear_2022,2022-01-03,2022-12-30,251,,0.0,inf,0.0,0.01293306058653898,0.0,1.0,0.0,VIX
EEM,trend λ5 rolling,K_bull_2013_14,2013-01-02,2014-12-31,504,-0.41420658877641436,-0.16907618674262248,-0.37918784607585493,8.7598683132942,-0.0332163559762616,0.18253968253968253,0.8174603174603174,4.5,VIX
EEM,trend λ5 rolling,A_bull_2021,2021-01-04,2021-12-31,252,-0.23637906905182027,-0.15701462273347544,-0.5875802872759055,9.27903119391674,-0.05452175814563687,0.9047619047619048,0.09523809523809523,1.0,VIX
EEM,trend λ5 rolling,C_mixed_2023_24,2023-01-03,2024-12-31,502,-0.3213327516046267,-0.10212201591511894,0.1407521465398904,5.216974675405794,0.007343003840076134,0.549800796812749,0.45019920318725104,2.50996015936255,VIX
EEM,trend λ5 rolling,D_recent_2025plus,2025-01-02,2026-09-03,419,1.2549536142656463,-0.1503178928247042,8.066137667294955,4.38839715633864,0.3539741560179317,1.0,0.0,0.0,VIX
EEM,trend x VIX term,FULL,2009-04-17,2026-09-03,4373,0.1918886428990439,-0.3222639259331541,0.19066683798392936,16.363198374940037,0.03119919293453588,0.5184084152755546,0.4815915847244454,7.664303681683054,VIX
EEM,trend x VIX term,E_bear_2018q4,2018-09-04,2019-02-28,122,,0.0,inf,0.0,0.02551891198769396,0.0,1.0,0.0,VIX
EEM,trend x VIX term,X_2020_covid,2020-02-03,2020-12-31,232,1.2543841586256161,-0.12639983920743114,3.9624292868057984,5.151374696989762,0.20411957966662575,0.646551724137931,0.35344827586206895,7.603448275862069,VIX
EEM,trend x VIX term,B_bear_2022,2022-01-03,2022-12-30,251,,0.0,inf,0.0,0.01293306058653898,0.0,1.0,0.0,VIX
EEM,trend x VIX term,K_bull_2013_14,2013-01-02,2014-12-31,504,-0.4664922126908147,-0.17539287628132472,-0.39271181097647734,9.395723280822317,-0.036898115050455815,0.18055555555555555,0.8194444444444444,5.5,VIX
EEM,trend x VIX term,A_bull_2021,2021-01-04,2021-12-31,252,-0.28868446902747597,-0.15701462273347577,-0.6791819601441074,9.285711384782896,-0.06306687659649302,0.9007936507936508,0.09920634920634919,3.0,VIX
EEM,trend x VIX term,C_mixed_2023_24,2023-01-03,2024-12-31,502,-0.31497321481354473,-0.09825217675549891,0.20713192005556014,5.031615349027044,0.01042208148224999,0.5318725099601593,0.46812749003984067,7.529880478087649,VIX
EEM,trend x VIX term,D_recent_2025plus,2025-01-02,2026-09-03,419,0.9238131788085636,-0.1634922077808253,4.02124642159402,5.770627176347166,0.23205113883239248,0.9069212410501193,0.09307875894988071,14.43436754176611,VIX
EEM,VIX term alone,FULL,2009-04-17,2026-09-03,4373,0.1618697263760267,-0.4731295719337695,0.1075039723093193,25.11984483599309,0.027004831036629984,0.92590898696547,0.07409101303453003,12.101532128973243,VIX
EEM,VIX term alone,E_bear_2018q4,2018-09-04,2019-02-28,122,-2.6074553645801783,-0.2179551393710022,-2.0502135915789808,15.819605831463393,-0.3243357088908835,0.7213114754098361,0.2786885245901639,41.31147540983606,VIX
EEM,VIX term alone,X_2020_covid,2020-02-03,2020-12-31,232,1.9401758875651276,-0.07528597602065867,10.947668243201187,3.7550886227178895,0.4110946446533472,0.7758620689655172,0.22413793103448276,7.603448275862069,VIX
EEM,VIX term alone,B_bear_2022,2022-01-03,2022-12-30,251,-1.0506366987380058,-0.3440301541283345,-1.0343070827581824,21.877854325904213,-0.22628419684834467,0.9402390438247012,0.05976095617529875,18.071713147410357,VIX
EEM,VIX term alone,K_bull_2013_14,2013-01-02,2014-12-31,504,-0.5699370442584145,-0.2387551607554994,-0.678049534762671,15.083979650400947,-0.10227685384323959,0.9464285714285714,0.0535714285714286,14.0,VIX
EEM,VIX term alone,A_bull_2021,2021-01-04,2021-12-31,252,-0.24968884499564784,-0.17779464864439953,-0.6323799541358228,9.266615430369656,-0.058600218408514704,0.9920634920634921,0.007936507936507908,4.0,VIX
EEM,VIX term alone,C_mixed_2023_24,2023-01-03,2024-12-31,502,0.2560151310971542,-0.13372389200203705,1.3340262772927378,6.053606942148831,0.0807567073322828,0.9820717131474104,0.017928286852589626,5.0199203187251,VIX
EEM,VIX term alone,D_recent_2025plus,2025-01-02,2026-09-03,419,0.9238131788085636,-0.1634922077808253,4.02124642159402,5.770627176347166,0.23205113883239248,0.9069212410501193,0.09307875894988071,14.43436754176611,VIX
TLT,Buy & hold,FULL,2008-08-01,2026-09-03,4551,0.14171254163194255,-0.4835396736072032,0.10873292066372973,22.02797306249514,0.023951658473870596,1.0,0.0,0.0,VR
TLT,Buy & hold,E_bear_2018q4,2018-09-04,2019-02-28,122,-0.10416656421796129,-0.06798039829006397,0.34383916984837404,3.4554864708512865,0.01188131599559794,1.0,0.0,0.0,VR
TLT,Buy & hold,X_2020_covid,2020-02-03,2020-12-31,232,0.5443186467912728,-0.15728265494256122,2.0442841004374057,5.185770143959952,0.10601187453820327,1.0,0.0,0.0,VR
TLT,Buy & hold,B_bear_2022,2022-01-03,2022-12-30,251,-1.8086254981373204,-0.3665230572841863,-1.4101136031964725,22.229099251835155,-0.3134555524181728,1.0,0.0,0.0,VR
TLT,Buy & hold,K_bull_2013_14,2013-01-02,2014-12-31,504,0.46770843066825596,-0.17062107466852827,0.5487556925603551,9.136320398619615,0.05013607827797806,1.0,0.0,0.0,VR
TLT,Buy & hold,A_bull_2021,2021-01-04,2021-12-31,252,-0.2710676779010655,-0.148945886292716,-0.5668180549094679,8.123616005647012,-0.0460461222315226,1.0,0.0,0.0,VR
TLT,Buy & hold,C_mixed_2023_24,2023-01-03,2024-12-31,502,-0.3980226162768991,-0.2243819987323048,-0.27425493999954953,10.230973716236006,-0.02805895082683274,1.0,0.0,0.0,VR
TLT,Buy & hold,D_recent_2025plus,2025-01-02,2026-09-03,419,-0.30956618124998314,-0.09226020349834185,0.08620432039973112,4.46030679825866,0.003844977163181884,1.0,0.0,0.0,VR
TLT,trend λ5 rolling,FULL,2008-08-01,2026-09-03,4551,0.1576272971017318,-0.3117502498530492,0.17407811192285458,14.555338758150233,0.025337658894163395,0.44100197758734344,0.5589980224126565,1.6611733684904415,VR
TLT,trend λ5 rolling,E_bear_2018q4,2018-09-04,2019-02-28,122,,0.0,inf,0.0,0.02551891198769396,0.0,1.0,0.0,VR
TLT,trend λ5 rolling,X_2020_covid,2020-02-03,2020-12-31,232,0.5443186467912728,-0.15728265494256122,2.0442841004374057,5.185770143959952,0.10601187453820327,1.0,0.0,0.0,VR
TLT,trend λ5 rolling,B_bear_2022,2022-01-03,2022-12-30,251,,0.0,inf,0.0,0.01293306058653898,0.0,1.0,0.0,VR
TLT,trend λ5 rolling,K_bull_2013_14,2013-01-02,2014-12-31,504,0.9525069047160304,-0.05033205173016453,5.427320889151423,0.9394830835750523,0.05098876164491273,0.21031746031746032,0.7896825396825397,1.5,VR
TLT,trend λ5 rolling,A_bull_2021,2021-01-04,2021-12-31,252,-1.7532305568408644,-0.061294314635816916,-1.031547557803991,5.941976612915769,-0.061294314635816916,0.09523809523809523,0.9047619047619048,1.0,VR
TLT,trend λ5 rolling,C_mixed_2023_24,2023-01-03,2024-12-31,502,-1.0758213841689344,-0.12264316594963565,-0.5502440034448918,4.336735765997107,-0.023862628497648974,0.2290836653386454,0.7709163346613546,3.0119521912350598,VR
TLT,trend λ5 rolling,D_recent_2025plus,2025-01-02,2026-09-03,419,-0.4074915230404237,-0.08728460412208516,0.1933348077906773,3.362691102398384,0.0065012523794161226,0.7326968973747017,0.26730310262529833,1.8042959427207637,VR
TLT,trend x VR own,FULL,2008-08-01,2026-09-03,4551,0.17239684781836453,-0.15728265494256133,1.012894046081379,2.0679608886177796,0.020946252716101066,0.03449791254669304,0.965502087453307,0.11074489123269611,VR
TLT,trend x VR own,E_bear_2018q4,2018-09-04,2019-02-28,122,,0.0,inf,0.0,0.02551891198769396,0.0,1.0,0.0,VR
TLT,trend x VR own,X_2020_covid,2020-02-03,2020-12-31,232,0.7493053151266919,-0.15728265494256122,2.798976841797432,4.767132358507585,0.13343093073245904,0.16379310344827586,0.8362068965517242,1.0862068965517242,VR
TLT,trend x VR own,B_bear_2022,2022-01-03,2022-12-30,251,,0.0,inf,0.0,0.01293306058653898,0.0,1.0,0.0,VR
TLT,trend x VR own,K_bull_2013_14,2013-01-02,2014-12-31,504,,0.0,,0.0,0.0,0.0,1.0,0.0,VR
TLT,trend x VR own,A_bull_2021,2021-01-04,2021-12-31,252,,0.0,,0.0,0.0,0.0,1.0,0.0,VR
TLT,trend x VR own,C_mixed_2023_24,2023-01-03,2024-12-31,502,,0.0,inf,0.0,0.0516863891213446,0.0,1.0,0.0,VR
TLT,trend x VR own,D_recent_2025plus,2025-01-02,2026-09-03,419,,0.0,inf,0.0,0.04512386237713906,0.0,1.0,0.0,VR
TLT,trend x VR SPY,FULL,2008-08-01,2026-09-03,4551,-0.29238462867408055,-0.09084559776568624,0.20986520340934114,4.4609023395268,0.009361881768739977,0.009448472863107009,0.990551527136893,0.22148978246539222,VR
TLT,trend x VR SPY,E_bear_2018q4,2018-09-04,2019-02-28,122,,0.0,inf,0.0,0.02551891198769396,0.0,1.0,0.0,VR
TLT,trend x VR SPY,X_2020_covid,2020-02-03,2020-12-31,232,,0.0,inf,0.0,0.004463155962711518,0.0,1.0,0.0,VR
TLT,trend x VR SPY,B_bear_2022,2022-01-03,2022-12-30,251,,0.0,inf,0.0,0.01293306058653898,0.0,1.0,0.0,VR
TLT,trend x VR SPY,K_bull_2013_14,2013-01-02,2014-12-31,504,,0.0,,0.0,0.0,0.0,1.0,0.0,VR
TLT,trend x VR SPY,A_bull_2021,2021-01-04,2021-12-31,252,,0.0,,0.0,0.0,0.0,1.0,0.0,VR
TLT,trend x VR SPY,C_mixed_2023_24,2023-01-03,2024-12-31,502,,0.0,inf,0.0,0.0516863891213446,0.0,1.0,0.0,VR
TLT,trend x VR SPY,D_recent_2025plus,2025-01-02,2026-09-03,419,,0.0,inf,0.0,0.04512386237713906,0.0,1.0,0.0,VR
TLT,VR own alone,FULL,2008-08-01,2026-09-03,4551,0.1803453906566431,-0.15728265494256144,0.6532701334771085,3.4288951552298954,0.022399947957360444,0.1041529334212261,0.8958470665787739,0.5537244561634805,VR
TLT,VR own alone,E_bear_2018q4,2018-09-04,2019-02-28,122,-1.4817524430232791,-0.018518518518518712,-4.5659857510059805,0.2628624108551144,-0.012002260224395322,0.06557377049180328,0.9344262295081968,2.0655737704918034,VR
TLT,VR own alone,X_2020_covid,2020-02-03,2020-12-31,232,0.7493053151266919,-0.15728265494256122,2.798976841797432,4.767132358507585,0.13343093073245904,0.16379310344827586,0.8362068965517242,1.0862068965517242,VR
TLT,VR own alone,B_bear_2022,2022-01-03,2022-12-30,251,,0.0,inf,0.0,0.01293306058653898,0.0,1.0,0.0,VR
TLT,VR own alone,K_bull_2013_14,2013-01-02,2014-12-31,504,-0.12100474329084913,-0.0546634083887112,-0.1880547042445667,4.396533441204356,-0.008267887959870324,0.18452380952380953,0.8154761904761905,1.5,VR
TLT,VR own alone,A_bull_2021,2021-01-04,2021-12-31,252,,0.0,,0.0,0.0,0.0,1.0,0.0,VR
TLT,VR own alone,C_mixed_2023_24,2023-01-03,2024-12-31,502,,0.0,inf,0.0,0.0516863891213446,0.0,1.0,0.0,VR
TLT,VR own alone,D_recent_2025plus,2025-01-02,2026-09-03,419,,0.0,inf,0.0,0.04512386237713906,0.0,1.0,0.0,VR
TLT,VR SPY alone,FULL,2008-08-01,2026-09-03,4551,-0.04672152269770612,-0.12336525589537617,0.21089287071679866,5.640600254058464,0.011895623801442934,0.04021094264996704,0.959789057350033,0.44297956493078444,VR
TLT,VR SPY alone,E_bear_2018q4,2018-09-04,2019-02-28,122,,0.0,inf,0.0,0.02551891198769396,0.0,1.0,0.0,VR
TLT,VR SPY alone,X_2020_covid,2020-02-03,2020-12-31,232,,0.0,inf,0.0,0.004463155962711518,0.0,1.0,0.0,VR
TLT,VR SPY alone,B_bear_2022,2022-01-03,2022-12-30,251,,0.0,inf,0.0,0.01293306058653898,0.0,1.0,0.0,VR
TLT,VR SPY alone,K_bull_2013_14,2013-01-02,2014-12-31,504,,0.0,,0.0,0.0,0.0,1.0,0.0,VR
TLT,VR SPY alone,A_bull_2021,2021-01-04,2021-12-31,252,,0.0,,0.0,0.0,0.0,1.0,0.0,VR
TLT,VR SPY alone,C_mixed_2023_24,2023-01-03,2024-12-31,502,0.022412367339339424,-0.061728395061728225,2.395787168086962,2.1525407550102273,0.051570295196377236,0.11752988047808766,0.8824701195219123,2.00796812749004,VR
TLT,VR SPY alone,D_recent_2025plus,2025-01-02,2026-09-03,419,0.6701920654355801,-0.03958573072497107,12.36080336619433,0.5989144099245636,0.07403063254257836,0.1026252983293556,0.8973747016706444,1.2028639618138424,VR
TLT,Buy & hold,FULL,2008-08-01,2026-09-03,4551,0.14171254163194255,-0.4835396736072032,0.10873292066372973,22.02797306249514,0.023951658473870596,1.0,0.0,0.0,VIX
TLT,Buy & hold,E_bear_2018q4,2018-09-04,2019-02-28,122,-0.10416656421796129,-0.06798039829006397,0.34383916984837404,3.4554864708512865,0.01188131599559794,1.0,0.0,0.0,VIX
TLT,Buy & hold,X_2020_covid,2020-02-03,2020-12-31,232,0.5443186467912728,-0.15728265494256122,2.0442841004374057,5.185770143959952,0.10601187453820327,1.0,0.0,0.0,VIX
TLT,Buy & hold,B_bear_2022,2022-01-03,2022-12-30,251,-1.8086254981373204,-0.3665230572841863,-1.4101136031964725,22.229099251835155,-0.3134555524181728,1.0,0.0,0.0,VIX
TLT,Buy & hold,K_bull_2013_14,2013-01-02,2014-12-31,504,0.46770843066825596,-0.17062107466852827,0.5487556925603551,9.136320398619615,0.05013607827797806,1.0,0.0,0.0,VIX
TLT,Buy & hold,A_bull_2021,2021-01-04,2021-12-31,252,-0.2710676779010655,-0.148945886292716,-0.5668180549094679,8.123616005647012,-0.0460461222315226,1.0,0.0,0.0,VIX
TLT,Buy & hold,C_mixed_2023_24,2023-01-03,2024-12-31,502,-0.3980226162768991,-0.2243819987323048,-0.27425493999954953,10.230973716236006,-0.02805895082683274,1.0,0.0,0.0,VIX
TLT,Buy & hold,D_recent_2025plus,2025-01-02,2026-09-03,419,-0.30956618124998314,-0.09226020349834185,0.08620432039973112,4.46030679825866,0.003844977163181884,1.0,0.0,0.0,VIX
TLT,trend λ5 rolling,FULL,2008-08-01,2026-09-03,4551,0.1576272971017318,-0.3117502498530492,0.17407811192285458,14.555338758150233,0.025337658894163395,0.44100197758734344,0.5589980224126565,1.6611733684904415,VIX
TLT,trend λ5 rolling,E_bear_2018q4,2018-09-04,2019-02-28,122,,0.0,inf,0.0,0.02551891198769396,0.0,1.0,0.0,VIX
TLT,trend λ5 rolling,X_2020_covid,2020-02-03,2020-12-31,232,0.5443186467912728,-0.15728265494256122,2.0442841004374057,5.185770143959952,0.10601187453820327,1.0,0.0,0.0,VIX
TLT,trend λ5 rolling,B_bear_2022,2022-01-03,2022-12-30,251,,0.0,inf,0.0,0.01293306058653898,0.0,1.0,0.0,VIX
TLT,trend λ5 rolling,K_bull_2013_14,2013-01-02,2014-12-31,504,0.9525069047160304,-0.05033205173016453,5.427320889151423,0.9394830835750523,0.05098876164491273,0.21031746031746032,0.7896825396825397,1.5,VIX
TLT,trend λ5 rolling,A_bull_2021,2021-01-04,2021-12-31,252,-1.7532305568408644,-0.061294314635816916,-1.031547557803991,5.941976612915769,-0.061294314635816916,0.09523809523809523,0.9047619047619048,1.0,VIX
TLT,trend λ5 rolling,C_mixed_2023_24,2023-01-03,2024-12-31,502,-1.0758213841689344,-0.12264316594963565,-0.5502440034448918,4.336735765997107,-0.023862628497648974,0.2290836653386454,0.7709163346613546,3.0119521912350598,VIX
TLT,trend λ5 rolling,D_recent_2025plus,2025-01-02,2026-09-03,419,-0.4074915230404237,-0.08728460412208516,0.1933348077906773,3.362691102398384,0.0065012523794161226,0.7326968973747017,0.26730310262529833,1.8042959427207637,VIX
TLT,trend x VIX term,FULL,2008-08-01,2026-09-03,4551,-0.1292283023247015,-0.36786666337955853,-0.008807998886430964,17.64890958874343,-0.0015545157600437287,0.37947703801362337,0.6205229619863766,7.69676994067238,VIX
TLT,trend x VIX term,E_bear_2018q4,2018-09-04,2019-02-28,122,,0.0,inf,0.0,0.02551891198769396,0.0,1.0,0.0,VIX
TLT,trend x VIX term,X_2020_covid,2020-02-03,2020-12-31,232,-0.4011416063076576,-0.10439499516367334,-0.9278524381807848,4.965025803030308,-0.0460681129697218,0.7758620689655172,0.22413793103448276,7.603448275862069,VIX
TLT,trend x VIX term,B_bear_2022,2022-01-03,2022-12-30,251,,0.0,inf,0.0,0.01293306058653898,0.0,1.0,0.0,VIX
TLT,trend x VIX term,K_bull_2013_14,2013-01-02,2014-12-31,504,0.7492415633655527,-0.050332051730164196,4.156060424192354,0.9167131350377851,0.0380991518086784,0.19047619047619047,0.8095238095238095,4.5,VIX
TLT,trend x VIX term,A_bull_2021,2021-01-04,2021-12-31,252,-1.663827942884417,-0.057955164250454994,-1.0305990462746775,5.623444389934809,-0.057955164250454994,0.09126984126984126,0.9087301587301587,3.0,VIX
TLT,trend x VIX term,C_mixed_2023_24,2023-01-03,2024-12-31,502,-0.8149138489372112,-0.09476437673585902,-0.059504042505024106,3.8972464637559954,-0.0023190191923189163,0.21912350597609562,0.7808764940239044,7.027888446215139,VIX
TLT,trend x VIX term,D_recent_2025plus,2025-01-02,2026-09-03,419,-0.5727306635733429,-0.10460131568476139,-0.1448443810781924,4.181490530377553,-0.006056654078568591,0.7016706443914081,0.29832935560859186,12.630071599045346,VIX
TLT,VIX term alone,FULL,2008-08-01,2026-09-03,4551,0.07914946418097148,-0.46045744603553307,0.07905442451759434,19.505149325528766,0.015419683550594199,0.90551527136893,0.09448472863107005,13.012524719841792,VIX
TLT,VIX term alone,E_bear_2018q4,2018-09-04,2019-02-28,122,-1.4692985953814048,-0.07693776423045418,-1.9081753637354084,4.4840413201006974,-0.0855633717698775,0.7213114754098361,0.2786885245901639,41.31147540983606,VIX
TLT,VIX term alone,X_2020_covid,2020-02-03,2020-12-31,232,-0.4011416063076576,-0.10439499516367334,-0.9278524381807848,4.965025803030308,-0.0460681129697218,0.7758620689655172,0.22413793103448276,7.603448275862069,VIX
TLT,VIX term alone,B_bear_2022,2022-01-03,2022-12-30,251,-1.6305694510052788,-0.32974044959365467,-1.4098067159569474,19.394732145070908,-0.27342823632307056,0.9402390438247012,0.05976095617529875,18.071713147410357,VIX
TLT,VIX term alone,K_bull_2013_14,2013-01-02,2014-12-31,504,0.49883282831147835,-0.1579911249184791,0.6319085422502044,8.346364210132096,0.05274138841113851,0.9464285714285714,0.0535714285714286,14.0,VIX
TLT,VIX term alone,A_bull_2021,2021-01-04,2021-12-31,252,-0.26918971945518716,-0.14591852881948753,-0.5824497667882079,7.853296807230177,-0.045741508938897946,0.9920634920634921,0.007936507936507908,4.0,VIX
TLT,VIX term alone,C_mixed_2023_24,2023-01-03,2024-12-31,502,-0.18162899376824765,-0.2243819987323048,0.08287528262170592,9.820863555739164,0.00813906842771095,0.9820717131474104,0.017928286852589626,5.0199203187251,VIX
TLT,VIX term alone,D_recent_2025plus,2025-01-02,2026-09-03,419,-0.21107533005910797,-0.10460131568476216,0.4248863439702041,4.401335317164091,0.018700672714967892,0.9069212410501193,0.09307875894988071,14.43436754176611,VIX
GLD,Buy & hold,FULL,2010-11-22,2026-09-03,3969,0.41447963050583847,-0.45555013814399503,0.3054754473060217,24.000548809518836,0.07331578383177773,1.0,0.0,0.0,VR
GLD,Buy & hold,E_bear_2018q4,2018-09-04,2019-02-28,122,1.7405880656861163,-0.026633553138648902,23.94169859083095,0.8358098152133447,0.20010706675096013,1.0,0.0,0.0,VR
GLD,Buy & hold,X_2020_covid,2020-02-03,2020-12-31,232,1.036873284666987,-0.1403888802929495,3.56445293386728,5.971009109993313,0.21283380940263918,1.0,0.0,0.0,VR
GLD,Buy & hold,B_bear_2022,2022-01-03,2022-12-30,251,-0.0590162888919695,-0.21032844237898762,-0.062216758792872646,12.45925750293439,-0.007751746187983577,1.0,0.0,0.0,VR
GLD,Buy & hold,K_bull_2013_14,2013-01-02,2014-12-31,504,-0.864778399010371,-0.32919899798374774,-0.7203067915521827,22.591471389345877,-0.1627279027290266,1.0,0.0,0.0,VR
GLD,Buy & hold,A_bull_2021,2021-01-04,2021-12-31,252,-0.24128077816925303,-0.13878711653086884,-0.496841833488205,8.350569602903718,-0.04148912312177555,1.0,0.0,0.0,VR
GLD,Buy & hold,C_mixed_2023_24,2023-01-03,2024-12-31,502,0.9730224249966061,-0.11347406007141403,4.868336548029643,4.01678569997168,0.19555064628774965,1.0,0.0,0.0,VR
GLD,Buy & hold,D_recent_2025plus,2025-01-02,2026-09-03,419,1.1623338763978663,-0.2640451703972574,3.409733645265356,10.531125229895425,0.35908332018877287,1.0,0.0,0.0,VR
GLD,trend λ5 rolling,FULL,2010-11-22,2026-09-03,3969,0.37484016728330033,-0.3260830692420229,0.29447635989299326,19.57394456290742,0.05764063943632225,0.5364071554547745,0.46359284454522554,2.0317460317460316,VR
GLD,trend λ5 rolling,E_bear_2018q4,2018-09-04,2019-02-28,122,1.708256586509155,-0.021389108129439394,30.294853079346222,0.44226734935917456,0.13398424370628081,0.38524590163934425,0.6147540983606558,2.0655737704918034,VR
GLD,trend λ5 rolling,X_2020_covid,2020-02-03,2020-12-31,232,1.036873284666987,-0.1403888802929495,3.56445293386728,5.971009109993313,0.21283380940263918,1.0,0.0,0.0,VR
GLD,trend λ5 rolling,B_bear_2022,2022-01-03,2022-12-30,251,-0.28222242847091245,-0.07550519555114632,-0.13733927426750103,6.275399269867675,-0.008618587814624323,0.14741035856573706,0.852589641434263,2.00796812749004,VR
GLD,trend λ5 rolling,K_bull_2013_14,2013-01-02,2014-12-31,504,-0.4811204828374621,-0.03536535176269606,-0.7142187071430247,1.6941912880410608,-0.012100231113976623,0.027777777777777776,0.9722222222222222,1.0,VR
GLD,trend λ5 rolling,A_bull_2021,2021-01-04,2021-12-31,252,-1.4691365090203692,-0.12567796870479164,-0.8965603047237829,11.551918482423769,-0.10356991554746153,0.1626984126984127,0.8373015873015873,3.0,VR
GLD,trend λ5 rolling,C_mixed_2023_24,2023-01-03,2024-12-31,502,0.34396282226999175,-0.0812038834951454,2.4083309858476953,3.605487900541044,0.0868320822997195,0.5697211155378487,0.43027888446215135,4.517928286852589,VR
GLD,trend λ5 rolling,D_recent_2025plus,2025-01-02,2026-09-03,419,1.1824110887074952,-0.2446460980036298,3.6185181326840756,9.751906337454521,0.3528744991031594,0.9069212410501193,0.09307875894988071,1.2028639618138424,VR
GLD,trend x VR own,FULL,2010-11-22,2026-09-03,3969,0.14892160109662747,-0.14557251358606638,0.31524457378884907,7.107179896359448,0.02240499897268511,0.14865205341395818,0.8513479465860418,0.8888888888888888,VR
GLD,trend x VR own,E_bear_2018q4,2018-09-04,2019-02-28,122,,0.0,inf,0.0,0.02551891198769396,0.0,1.0,0.0,VR
GLD,trend x VR own,X_2020_covid,2020-02-03,2020-12-31,232,0.638104714057524,-0.12661565836298982,1.3608504787498528,6.008958793988747,0.08177294451587724,0.521551724137931,0.47844827586206895,2.1724137931034484,VR
GLD,trend x VR own,B_bear_2022,2022-01-03,2022-12-30,251,-0.28222242847091245,-0.07550519555114632,-0.13733927426750103,6.275399269867675,-0.008618587814624323,0.14741035856573706,0.852589641434263,2.00796812749004,VR
GLD,trend x VR own,K_bull_2013_14,2013-01-02,2014-12-31,504,,0.0,,0.0,0.0,0.0,1.0,0.0,VR
GLD,trend x VR own,A_bull_2021,2021-01-04,2021-12-31,252,,0.0,,0.0,0.0,0.0,1.0,0.0,VR
GLD,trend x VR own,C_mixed_2023_24,2023-01-03,2024-12-31,502,0.7578902529290035,-0.05771286070537962,8.849478971821082,1.2706647763336996,0.11244721218398812,0.22111553784860558,0.7788844621513944,1.00398406374502,VR
GLD,trend x VR own,D_recent_2025plus,2025-01-02,2026-09-03,419,,0.0,inf,0.0,0.04512386237713906,0.0,1.0,0.0,VR
GLD,trend x VR SPY,FULL,2010-11-22,2026-09-03,3969,0.3480430458312422,-0.043628717858863686,4.521489090087762,0.48341692311597234,0.021857643438326635,0.017132779037540943,0.982867220962459,0.38095238095238093,VR
GLD,trend x VR SPY,E_bear_2018q4,2018-09-04,2019-02-28,122,,0.0,inf,0.0,0.02551891198769396,0.0,1.0,0.0,VR
GLD,trend x VR SPY,X_2020_covid,2020-02-03,2020-12-31,232,,0.0,inf,0.0,0.004463155962711518,0.0,1.0,0.0,VR
GLD,trend x VR SPY,B_bear_2022,2022-01-03,2022-12-30,251,,0.0,inf,0.0,0.01293306058653898,0.0,1.0,0.0,VR
GLD,trend x VR SPY,K_bull_2013_14,2013-01-02,2014-12-31,504,,0.0,,0.0,0.0,0.0,1.0,0.0,VR
GLD,trend x VR SPY,A_bull_2021,2021-01-04,2021-12-31,252,,0.0,,0.0,0.0,0.0,1.0,0.0,VR
GLD,trend x VR SPY,C_mixed_2023_24,2023-01-03,2024-12-31,502,0.10517656303924763,-0.04362871785886324,4.227497044721532,1.2955593854105532,0.05476973473084357,0.049800796812749,0.950199203187251,2.00796812749004,VR
GLD,trend x VR SPY,D_recent_2025plus,2025-01-02,2026-09-03,419,1.3036321732217648,-0.032842290878365765,29.79800435000556,0.35087306936680923,0.10455317247291984,0.1026252983293556,0.8973747016706444,1.2028639618138424,VR
GLD,VR own alone,FULL,2010-11-22,2026-09-03,3969,0.3573569247962573,-0.16233558724027497,0.6103668436323846,6.16153796191687,0.03760798477736316,0.2126480221718317,0.7873519778281683,0.8888888888888888,VR
GLD,VR own alone,E_bear_2018q4,2018-09-04,2019-02-28,122,,0.0,inf,0.0,0.02551891198769396,0.0,1.0,0.0,VR
GLD,VR own alone,X_2020_covid,2020-02-03,2020-12-31,232,0.638104714057524,-0.12661565836298982,1.3608504787498528,6.008958793988747,0.08177294451587724,0.521551724137931,0.47844827586206895,2.1724137931034484,VR
GLD,VR own alone,B_bear_2022,2022-01-03,2022-12-30,251,0.42286280291939443,-0.0810923711555529,0.7309196074556902,6.468154999400247,0.047277013131241885,0.32669322709163345,0.6733067729083666,1.00398406374502,VR
GLD,VR own alone,K_bull_2013_14,2013-01-02,2014-12-31,504,-0.5564777353966656,-0.036196428571428574,-0.41847077579559677,2.6979745455605597,-0.011290235011575,0.013888888888888888,0.9861111111111112,1.0,VR
GLD,VR own alone,A_bull_2021,2021-01-04,2021-12-31,252,0.27731080123883806,-0.0530659025787964,1.007424847608392,1.6293773232459174,0.016414752015675882,0.3134920634920635,0.6865079365079365,1.0,VR
GLD,VR own alone,C_mixed_2023_24,2023-01-03,2024-12-31,502,0.7578902529290035,-0.05771286070537962,8.849478971821082,1.2706647763336996,0.11244721218398812,0.22111553784860558,0.7788844621513944,1.00398406374502,VR
GLD,VR own alone,D_recent_2025plus,2025-01-02,2026-09-03,419,,0.0,inf,0.0,0.04512386237713906,0.0,1.0,0.0,VR
GLD,VR SPY alone,FULL,2010-11-22,2026-09-03,3969,0.37339519257900716,-0.05122245179063345,2.491403510564981,1.0354881226199641,0.025798187438437203,0.04610733182161754,0.9538926681783825,0.5079365079365079,VR
GLD,VR SPY alone,E_bear_2018q4,2018-09-04,2019-02-28,122,,0.0,inf,0.0,0.02551891198769396,0.0,1.0,0.0,VR
GLD,VR SPY alone,X_2020_covid,2020-02-03,2020-12-31,232,,0.0,inf,0.0,0.004463155962711518,0.0,1.0,0.0,VR
GLD,VR SPY alone,B_bear_2022,2022-01-03,2022-12-30,251,,0.0,inf,0.0,0.01293306058653898,0.0,1.0,0.0,VR
GLD,VR SPY alone,K_bull_2013_14,2013-01-02,2014-12-31,504,,0.0,,0.0,0.0,0.0,1.0,0.0,VR
GLD,VR SPY alone,A_bull_2021,2021-01-04,2021-12-31,252,,0.0,,0.0,0.0,0.0,1.0,0.0,VR
GLD,VR SPY alone,C_mixed_2023_24,2023-01-03,2024-12-31,502,0.8224804612904226,-0.043628717858863464,6.650671076355143,1.3377059662151023,0.08896642378174491,0.11752988047808766,0.8824701195219123,2.00796812749004,VR
GLD,VR SPY alone,D_recent_2025plus,2025-01-02,2026-09-03,419,1.3036321732217648,-0.032842290878365765,29.79800435000556,0.35087306936680923,0.10455317247291984,0.1026252983293556,0.8973747016706444,1.2028639618138424,VR
GLD,Buy & hold,FULL,2010-11-22,2026-09-03,3969,0.41447963050583847,-0.45555013814399503,0.3054754473060217,24.000548809518836,0.07331578383177773,1.0,0.0,0.0,VIX
GLD,Buy & hold,E_bear_2018q4,2018-09-04,2019-02-28,122,1.7405880656861163,-0.026633553138648902,23.94169859083095,0.8358098152133447,0.20010706675096013,1.0,0.0,0.0,VIX
GLD,Buy & hold,X_2020_covid,2020-02-03,2020-12-31,232,1.036873284666987,-0.1403888802929495,3.56445293386728,5.971009109993313,0.21283380940263918,1.0,0.0,0.0,VIX
GLD,Buy & hold,B_bear_2022,2022-01-03,2022-12-30,251,-0.0590162888919695,-0.21032844237898762,-0.062216758792872646,12.45925750293439,-0.007751746187983577,1.0,0.0,0.0,VIX
GLD,Buy & hold,K_bull_2013_14,2013-01-02,2014-12-31,504,-0.864778399010371,-0.32919899798374774,-0.7203067915521827,22.591471389345877,-0.1627279027290266,1.0,0.0,0.0,VIX
GLD,Buy & hold,A_bull_2021,2021-01-04,2021-12-31,252,-0.24128077816925303,-0.13878711653086884,-0.496841833488205,8.350569602903718,-0.04148912312177555,1.0,0.0,0.0,VIX
GLD,Buy & hold,C_mixed_2023_24,2023-01-03,2024-12-31,502,0.9730224249966061,-0.11347406007141403,4.868336548029643,4.01678569997168,0.19555064628774965,1.0,0.0,0.0,VIX
GLD,Buy & hold,D_recent_2025plus,2025-01-02,2026-09-03,419,1.1623338763978663,-0.2640451703972574,3.409733645265356,10.531125229895425,0.35908332018877287,1.0,0.0,0.0,VIX
GLD,trend λ5 rolling,FULL,2010-11-22,2026-09-03,3969,0.37484016728330033,-0.3260830692420229,0.29447635989299326,19.57394456290742,0.05764063943632225,0.5364071554547745,0.46359284454522554,2.0317460317460316,VIX
GLD,trend λ5 rolling,E_bear_2018q4,2018-09-04,2019-02-28,122,1.708256586509155,-0.021389108129439394,30.294853079346222,0.44226734935917456,0.13398424370628081,0.38524590163934425,0.6147540983606558,2.0655737704918034,VIX
GLD,trend λ5 rolling,X_2020_covid,2020-02-03,2020-12-31,232,1.036873284666987,-0.1403888802929495,3.56445293386728,5.971009109993313,0.21283380940263918,1.0,0.0,0.0,VIX
GLD,trend λ5 rolling,B_bear_2022,2022-01-03,2022-12-30,251,-0.28222242847091245,-0.07550519555114632,-0.13733927426750103,6.275399269867675,-0.008618587814624323,0.14741035856573706,0.852589641434263,2.00796812749004,VIX
GLD,trend λ5 rolling,K_bull_2013_14,2013-01-02,2014-12-31,504,-0.4811204828374621,-0.03536535176269606,-0.7142187071430247,1.6941912880410608,-0.012100231113976623,0.027777777777777776,0.9722222222222222,1.0,VIX
GLD,trend λ5 rolling,A_bull_2021,2021-01-04,2021-12-31,252,-1.4691365090203692,-0.12567796870479164,-0.8965603047237829,11.551918482423769,-0.10356991554746153,0.1626984126984127,0.8373015873015873,3.0,VIX
GLD,trend λ5 rolling,C_mixed_2023_24,2023-01-03,2024-12-31,502,0.34396282226999175,-0.0812038834951454,2.4083309858476953,3.605487900541044,0.0868320822997195,0.5697211155378487,0.43027888446215135,4.517928286852589,VIX
GLD,trend λ5 rolling,D_recent_2025plus,2025-01-02,2026-09-03,419,1.1824110887074952,-0.2446460980036298,3.6185181326840756,9.751906337454521,0.3528744991031594,0.9069212410501193,0.09307875894988071,1.2028639618138424,VIX
GLD,trend x VIX term,FULL,2010-11-22,2026-09-03,3969,0.2412722654623387,-0.3317279050294436,0.21659657521994707,17.342285822948817,0.03756279715736155,0.48500881834215165,0.5149911816578483,8.0,VIX
GLD,trend x VIX term,E_bear_2018q4,2018-09-04,2019-02-28,122,0.677963684033873,-0.021389108129439727,14.194048270694266,0.4161106271417232,0.059062943275984825,0.29508196721311475,0.7049180327868853,6.19672131147541,VIX
GLD,trend x VIX term,X_2020_covid,2020-02-03,2020-12-31,232,1.0363503843190756,-0.14338330870720106,2.806200325809752,5.6651306564508435,0.15897491493887173,0.7758620689655172,0.22413793103448276,7.603448275862069,VIX
GLD,trend x VIX term,B_bear_2022,2022-01-03,2022-12-30,251,-0.3453121724279432,-0.05016094420600836,-0.18632792237091003,3.9989573470699877,-0.00745117414129437,0.1394422310756972,0.8605577689243028,4.01593625498008,VIX
GLD,trend x VIX term,K_bull_2013_14,2013-01-02,2014-12-31,504,-0.4811204828374621,-0.03536535176269606,-0.7142187071430247,1.6941912880410608,-0.012100231113976623,0.027777777777777776,0.9722222222222222,1.0,VIX
GLD,trend x VIX term,A_bull_2021,2021-01-04,2021-12-31,252,-1.5095376844128592,-0.12823459292362782,-0.9001670609645197,11.796830945514827,-0.10619118640919378,0.15873015873015872,0.8412698412698413,5.0,VIX
GLD,trend x VIX term,C_mixed_2023_24,2023-01-03,2024-12-31,502,0.5154330642575644,-0.07798709259795844,3.1794001403699412,3.3620762901147248,0.10689385828725206,0.5517928286852589,0.4482071713147411,9.53784860557769,VIX
GLD,trend x VIX term,D_recent_2025plus,2025-01-02,2026-09-03,419,0.7287796752729195,-0.33172790502944305,1.4176520157651862,14.306654754620746,0.20281857951744686,0.8138424821002387,0.18615751789976132,15.637231503579951,VIX
GLD,VIX term alone,FULL,2010-11-22,2026-09-03,3969,0.2954506856609077,-0.4444664608851595,0.21517229748554642,23.436846275440594,0.05042960058902124,0.9244142101284959,0.0755857898715041,12.063492063492063,VIX
GLD,VIX term alone,E_bear_2018q4,2018-09-04,2019-02-28,122,-0.05937213251189826,-0.03781889592530174,1.1681203889005938,1.592290554667587,0.018599870619610437,0.7213114754098361,0.2786885245901639,41.31147540983606,VIX
GLD,VIX term alone,X_2020_covid,2020-02-03,2020-12-31,232,1.0363503843190756,-0.14338330870720106,2.806200325809752,5.6651306564508435,0.15897491493887173,0.7758620689655172,0.22413793103448276,7.603448275862069,VIX
GLD,VIX term alone,B_bear_2022,2022-01-03,2022-12-30,251,0.057860959395727524,-0.18065146325994452,0.11788545149215655,9.48465576126031,0.011181029266638554,0.9402390438247012,0.05976095617529875,18.071713147410357,VIX
GLD,VIX term alone,K_bull_2013_14,2013-01-02,2014-12-31,504,-0.9340933278369474,-0.3593010903084728,-0.6897174331432802,24.675688073552184,-0.17019252239134663,0.9464285714285714,0.0535714285714286,14.0,VIX
GLD,VIX term alone,A_bull_2021,2021-01-04,2021-12-31,252,-0.23710264642033507,-0.14130540800316427,-0.47713977840832544,8.568549369960182,-0.04088395747663598,0.9920634920634921,0.007936507936507908,4.0,VIX
GLD,VIX term alone,C_mixed_2023_24,2023-01-03,2024-12-31,502,1.121062024939541,-0.11347406007141403,5.727103771498377,3.799813329507213,0.21761925250410563,0.9820717131474104,0.017928286852589626,5.0199203187251,VIX
GLD,VIX term alone,D_recent_2025plus,2025-01-02,2026-09-03,419,0.7252046257500465,-0.3488905339835161,1.3915884959600973,14.971289382747056,0.2083387407472035,0.9069212410501193,0.09307875894988071,14.43436754176611,VIX
